EMP_ID,CAREER_COMPANY_ID,CAREER_IN_DATE,CAREER_OUT_DATE,CAREER_CONT_CATEGORY,CAREER_IN_JOB,CAREER_DURATION,CAREER_REL_YN
E00001,CC117,2013-10-01,2014-05-24,Full-Time,JOB025,235,N
E00001,CC083,2012-09-27,2013-09-13,Full-Time,JOB022,351,Y
E00001,CC034,2012-01-02,2012-08-20,Full-Time,JOB010,231,N
E00003,CC098,2023-06-01,2023-06-28,Part-Time,JOB022,27,N
E00004,CC096,2011-12-15,2012-07-01,Full-Time,JOB016,199,Y
E00006,CC097,2024-09-21,2025-08-31,Full-Time,JOB010,344,N
E00006,CC080,2024-01-04,2024-08-12,Full-Time,JOB010,221,N
E00006,CC015,2019-07-23,2023-10-21,Full-Time,JOB010,1551,N
E00007,CC022,2012-08-28,2017-04-14,Full-Time,JOB001,1690,N
E00007,CC014,2008-07-31,2012-07-24,Full-Time,JOB016,1454,N
E00007,CC051,2003-08-22,2008-05-04,Contract,JOB001,1717,N
E00008,CC090,2019-01-23,2020-09-11,Full-Time,JOB025,597,Y
E00008,CC101,2012-02-21,2018-12-24,Full-Time,JOB025,2498,Y
E00008,CC048,2007-10-02,2011-12-14,Full-Time,JOB016,1534,N
E00010,CC056,2011-03-02,2011-12-15,Temporary,JOB022,288,N
E00010,CC023,2009-12-21,2011-01-27,Full-Time,JOB016,402,N
E00011,CC056,2024-01-29,2024-05-03,Temporary,JOB016,95,N
E00012,CC113,2013-02-10,2013-12-29,Full-Time,JOB022,322,N
E00013,CC004,2016-06-20,2017-11-26,Full-Time,JOB016,524,N
E00013,CC028,2015-09-14,2016-05-13,Full-Time,JOB016,242,N
E00013,CC036,2015-07-11,2015-07-18,Temporary,JOB016,7,N
E00019,CC025,2018-01-10,2023-11-01,Full-Time,JOB022,2121,N
E00024,CC061,2013-08-25,2015-02-09,Full-Time,JOB022,533,N
E00024,CC102,2013-05-25,2013-06-14,Full-Time,JOB016,20,N
E00025,CC085,2023-05-04,2024-09-08,Full-Time,JOB022,493,N
E00025,CC045,2022-06-06,2023-02-08,Full-Time,JOB025,247,N
E00026,CC040,2011-09-30,2012-04-14,Full-Time,JOB001,197,N
E00026,CC041,2011-08-02,2011-08-22,Full-Time,JOB025,20,N
E00029,CC036,2020-10-28,2022-09-03,Full-Time,JOB025,675,N
E00030,CC030,2016-07-09,2017-06-05,Full-Time,JOB016,331,N
E00031,CC036,2014-12-10,2016-11-07,Full-Time,JOB001,698,Y
E00031,CC090,2012-07-30,2014-09-16,Temporary,JOB022,778,N
E00031,CC074,2011-12-23,2012-07-02,Full-Time,JOB022,192,N
E00032,CC033,2018-12-13,2020-01-07,Part-Time,JOB001,390,N
E00032,CC063,2013-11-25,2018-11-20,Full-Time,JOB001,1821,N
E00034,CC011,2020-02-11,2024-01-05,Contract,JOB025,1424,Y
E00040,CC100,2018-04-06,2018-04-13,Full-Time,JOB022,7,N
E00042,CC040,2016-06-07,2018-02-16,Full-Time,JOB001,619,N
E00042,CC081,2015-10-18,2016-05-11,Full-Time,JOB001,206,N
E00043,CC010,2013-01-26,2015-02-10,Full-Time,JOB022,745,N
E00044,CC005,2017-11-17,2021-08-20,Full-Time,JOB016,1372,N
E00044,CC088,2016-12-27,2017-09-05,Full-Time,JOB016,252,N
E00044,CC055,2015-09-12,2016-09-28,Full-Time,JOB010,382,N
E00045,CC010,2022-09-21,2023-03-10,Full-Time,JOB016,170,Y
E00050,CC060,2014-03-03,2015-05-11,Full-Time,JOB022,434,N
E00050,CC070,2010-09-27,2014-01-13,Full-Time,JOB001,1204,N
E00052,CC004,2019-12-13,2021-11-04,Full-Time,JOB025,692,N
E00052,CC098,2019-03-08,2019-09-14,Full-Time,JOB016,190,N
E00055,CC061,2022-11-17,2023-02-26,Full-Time,JOB022,101,N
E00056,CC056,2015-08-22,2015-12-05,Full-Time,JOB022,105,Y
E00057,CC043,2012-10-17,2014-06-07,Full-Time,JOB001,598,N
E00057,CC053,2011-12-23,2012-09-12,Full-Time,JOB016,264,N
E00060,CC012,2011-03-24,2016-10-25,Full-Time,JOB016,2042,N
E00060,CC111,2009-07-10,2011-02-23,Full-Time,JOB001,593,Y
E00060,CC053,2008-08-21,2009-04-17,Full-Time,JOB025,239,N
E00061,CC057,2020-10-03,2024-10-02,Full-Time,JOB010,1460,Y
E00061,CC119,2019-12-12,2020-08-15,Full-Time,JOB022,247,N
E00061,CC081,2019-05-16,2019-11-12,Full-Time,JOB010,180,Y
E00062,CC071,2013-01-28,2013-08-10,Full-Time,JOB010,194,N
E00062,CC016,2011-11-10,2012-12-30,Full-Time,JOB010,416,N
E00064,CC091,2013-05-03,2014-07-17,Full-Time,JOB022,440,Y
E00064,CC032,2012-09-23,2013-02-17,Full-Time,JOB010,147,N
E00066,CC111,2021-08-31,2023-09-09,Full-Time,JOB022,739,N
E00067,CC001,2022-10-18,2023-11-12,Full-Time,JOB016,390,N
E00067,CC075,2022-06-26,2022-07-20,Part-Time,JOB010,24,N
E00068,CC043,2013-05-14,2015-10-17,Full-Time,JOB025,886,N
E00068,CC120,2012-01-24,2013-03-12,Full-Time,JOB010,413,N
E00068,CC050,2011-05-08,2011-12-10,Full-Time,JOB022,216,Y
E00070,CC117,2013-09-08,2016-02-27,Part-Time,JOB010,902,N
E00070,CC005,2013-06-16,2013-06-22,Full-Time,JOB025,6,Y
E00071,CC068,2017-07-01,2018-07-20,Contract,JOB010,384,N
E00073,CC061,2016-11-22,2017-10-21,Full-Time,JOB016,333,Y
E00073,CC089,2012-09-30,2016-09-25,Full-Time,JOB001,1456,N
E00073,CC049,2012-01-20,2012-08-04,Temporary,JOB022,197,N
E00074,CC081,2019-05-13,2022-06-27,Full-Time,JOB016,1141,N
E00075,CC013,2010-02-26,2015-07-07,Full-Time,JOB001,1957,Y
E00075,CC089,2009-01-01,2009-12-17,Full-Time,JOB001,350,Y
E00075,CC102,2007-07-19,2008-12-12,Full-Time,JOB016,512,N
E00077,CC068,2022-01-01,2025-03-26,Full-Time,JOB010,1180,N
E00077,CC011,2020-06-06,2021-11-26,Full-Time,JOB022,538,Y
E00078,CC030,2019-04-15,2021-05-20,Full-Time,JOB016,766,N
E00078,CC086,2015-09-25,2019-02-01,Full-Time,JOB022,1225,N
E00079,CC010,2013-10-23,2014-05-31,Full-Time,JOB016,220,Y
E00079,CC039,2013-04-20,2013-07-25,Full-Time,JOB022,96,N
E00080,CC050,2020-03-22,2021-10-30,Contract,JOB010,587,Y
E00080,CC046,2016-05-08,2020-01-19,Full-Time,JOB016,1351,N
E00082,CC002,2018-06-07,2019-01-08,Full-Time,JOB001,215,N
E00082,CC107,2018-02-10,2018-03-21,Part-Time,JOB010,39,N
E00083,CC080,2011-02-21,2011-06-11,Full-Time,JOB010,110,N
E00084,CC101,2012-10-04,2013-05-11,Full-Time,JOB025,219,N
E00084,CC094,2012-05-11,2012-08-04,Full-Time,JOB016,85,Y
E00085,CC026,2011-09-02,2013-02-22,Full-Time,JOB025,539,N
E00085,CC065,2009-07-10,2011-07-03,Contract,JOB016,723,N
E00085,CC038,2008-04-04,2009-04-25,Full-Time,JOB016,386,N
E00087,CC097,2020-11-12,2022-12-08,Temporary,JOB022,756,N
E00087,CC012,2016-01-14,2020-08-18,Full-Time,JOB001,1678,N
E00089,CC048,2015-09-01,2021-04-04,Full-Time,JOB016,2042,N
E00089,CC106,2012-10-17,2015-06-04,Full-Time,JOB016,960,N
E00089,CC061,2011-07-28,2012-09-19,Full-Time,JOB025,419,N
E00090,CC009,2009-03-26,2011-07-17,Full-Time,JOB022,843,N
E00090,CC053,2008-07-26,2009-02-01,Full-Time,JOB001,190,N
E00090,CC039,2008-07-05,2008-07-07,Contract,JOB001,2,N
E00091,CC059,2019-10-05,2021-05-04,Full-Time,JOB025,577,Y
E00091,CC096,2018-04-05,2019-07-29,Full-Time,JOB022,480,N
E00091,CC107,2018-01-06,2018-03-09,Full-Time,JOB022,62,N
E00093,CC057,2010-11-19,2013-10-23,Full-Time,JOB010,1069,N
E00095,CC116,2014-08-12,2018-02-27,Part-Time,JOB001,1295,N
E00097,CC109,2021-05-20,2022-07-24,Contract,JOB010,430,N
E00097,CC101,2020-09-14,2021-05-03,Full-Time,JOB010,231,N
E00098,CC076,2012-12-30,2013-07-01,Full-Time,JOB010,183,N
E00101,CC110,2015-06-23,2016-09-28,Contract,JOB025,463,Y
E00102,CC085,2016-05-09,2016-11-03,Contract,JOB001,178,N
E00105,CC003,2019-05-09,2023-06-23,Full-Time,JOB001,1506,N
E00108,CC015,2012-05-09,2014-04-27,Full-Time,JOB022,718,Y
E00108,CC066,2011-05-31,2012-02-27,Full-Time,JOB022,272,Y
E00108,CC029,2010-12-10,2011-03-13,Contract,JOB025,93,N
E00109,CC062,2019-07-18,2020-05-17,Part-Time,JOB001,304,N
E00109,CC010,2016-05-09,2019-05-02,Part-Time,JOB025,1088,Y
E00110,CC080,2016-10-31,2018-11-13,Full-Time,JOB025,743,N
E00111,CC059,2016-03-19,2017-07-13,Full-Time,JOB022,481,N
E00111,CC110,2015-08-11,2016-02-21,Full-Time,JOB025,194,Y
E00114,CC053,2012-11-09,2015-11-29,Full-Time,JOB022,1115,Y
E00114,CC094,2007-07-10,2012-09-04,Full-Time,JOB022,1883,Y
E00115,CC020,2010-02-14,2011-08-31,Full-Time,JOB022,563,N
E00115,CC107,2009-07-15,2010-01-22,Full-Time,JOB022,191,N
E00115,CC096,2009-03-15,2009-06-18,Full-Time,JOB010,95,N
E00119,CC086,2018-10-30,2019-06-09,Full-Time,JOB016,222,N
E00121,CC077,2017-09-24,2019-01-11,Full-Time,JOB001,474,N
E00121,CC028,2016-10-27,2017-06-28,Full-Time,JOB022,244,N
E00121,CC109,2016-07-18,2016-09-14,Full-Time,JOB025,58,Y
E00126,CC029,2022-01-22,2024-02-28,Temporary,JOB025,767,N
E00132,CC024,2011-09-22,2012-03-23,Full-Time,JOB016,183,N
E00133,CC112,2010-09-02,2011-03-12,Full-Time,JOB022,191,Y
E00133,CC019,2010-07-01,2010-08-10,Full-Time,JOB001,40,N
E00134,CC049,2019-09-23,2021-06-04,Full-Time,JOB016,620,N
E00134,CC040,2017-01-24,2019-08-19,Full-Time,JOB025,937,Y
E00134,CC020,2016-06-07,2016-12-30,Full-Time,JOB025,206,Y
E00136,CC057,2021-07-18,2025-02-01,Full-Time,JOB022,1294,Y
E00136,CC035,2018-07-15,2021-05-08,Full-Time,JOB025,1028,N
E00136,CC056,2016-12-30,2018-06-16,Full-Time,JOB025,533,N
E00137,CC029,2017-06-09,2017-12-17,Full-Time,JOB025,191,N
E00137,CC001,2016-12-16,2017-05-18,Full-Time,JOB010,153,N
E00138,CC016,2021-03-10,2025-05-11,Full-Time,JOB022,1523,N
E00138,CC049,2019-11-15,2021-02-01,Full-Time,JOB010,444,Y
E00140,CC051,2017-02-15,2017-09-01,Contract,JOB022,198,N
E00140,CC118,2016-07-04,2017-01-29,Full-Time,JOB016,209,N
E00140,CC055,2016-03-12,2016-04-07,Full-Time,JOB022,26,N
E00141,CC042,2019-10-07,2020-04-25,Full-Time,JOB025,201,N
E00142,CC056,2014-02-22,2014-10-05,Contract,JOB022,225,N
E00142,CC068,2013-04-07,2013-11-24,Full-Time,JOB016,231,N
E00142,CC029,2012-12-24,2013-02-08,Full-Time,JOB010,46,N
E00145,CC066,2017-01-24,2019-01-17,Full-Time,JOB016,723,N
E00145,CC105,2015-11-26,2016-11-26,Full-Time,JOB010,366,N
E00145,CC014,2015-09-15,2015-10-12,Full-Time,JOB010,27,N
E00146,CC023,2020-06-21,2021-10-22,Temporary,JOB022,488,N
E00146,CC073,2015-07-19,2020-04-08,Full-Time,JOB022,1725,N
E00146,CC083,2015-02-20,2015-04-23,Full-Time,JOB025,62,Y
E00149,CC057,2023-07-21,2024-11-21,Full-Time,JOB022,489,Y
E00149,CC036,2020-09-06,2023-05-29,Full-Time,JOB016,995,N
E00149,CC010,2020-04-15,2020-06-19,Full-Time,JOB022,65,Y
E00156,CC010,2019-09-19,2023-06-05,Full-Time,JOB001,1355,Y
E00159,CC102,2015-01-30,2021-10-15,Full-Time,JOB001,2450,N
E00159,CC042,2014-02-16,2014-11-19,Full-Time,JOB025,276,Y
E00164,CC104,2020-06-01,2021-03-13,Part-Time,JOB001,285,N
E00165,CC032,2014-07-19,2015-02-04,Full-Time,JOB022,200,Y
E00165,CC079,2013-09-27,2014-04-28,Full-Time,JOB016,213,N
E00165,CC050,2013-07-14,2013-08-07,Full-Time,JOB016,24,N
E00166,CC043,2011-10-26,2012-04-27,Full-Time,JOB022,184,N
E00166,CC033,2011-07-11,2011-09-05,Full-Time,JOB025,56,N
E00168,CC085,2010-03-10,2012-04-24,Full-Time,JOB016,776,N
E00168,CC017,2009-04-10,2010-01-15,Full-Time,JOB001,280,N
E00169,CC102,2009-12-20,2011-05-13,Full-Time,JOB010,509,N
E00169,CC012,2009-08-12,2009-09-29,Full-Time,JOB022,48,N
E00170,CC040,2014-07-02,2017-01-09,Full-Time,JOB010,922,N
E00170,CC063,2011-09-14,2014-05-05,Full-Time,JOB010,964,N
E00173,CC065,2018-08-24,2019-06-03,Full-Time,JOB025,283,N
E00174,CC017,2017-05-31,2019-08-21,Full-Time,JOB010,812,N
E00174,CC024,2017-02-07,2017-04-26,Temporary,JOB010,78,N
E00175,CC087,2017-08-23,2022-03-22,Full-Time,JOB022,1672,N
E00177,CC069,2015-12-08,2017-09-27,Full-Time,JOB022,659,N
E00177,CC087,2013-04-10,2015-10-30,Part-Time,JOB022,933,N
E00177,CC049,2012-05-15,2013-02-18,Full-Time,JOB022,279,N
E00179,CC007,2015-04-23,2017-03-15,Full-Time,JOB016,692,N
E00182,CC109,2022-04-16,2022-06-24,Full-Time,JOB001,69,N
E00183,CC019,2009-10-19,2013-03-03,Contract,JOB010,1231,N
E00183,CC114,2009-06-13,2009-08-08,Full-Time,JOB001,56,Y
E00185,CC048,2008-05-26,2011-09-16,Full-Time,JOB001,1208,Y
E00186,CC120,2011-01-30,2012-01-08,Full-Time,JOB016,343,N
E00193,CC118,2013-01-28,2014-05-16,Temporary,JOB010,473,N
E00194,CC003,2024-07-25,2025-07-02,Full-Time,JOB010,342,N
E00194,CC068,2020-06-05,2024-05-01,Full-Time,JOB016,1426,N
E00197,CC007,2015-08-13,2015-08-25,Full-Time,JOB025,12,N
E00199,CC077,2022-06-23,2024-05-14,Full-Time,JOB025,691,Y
E00200,CC055,2014-10-15,2018-07-19,Full-Time,JOB016,1373,N
E00205,CC086,2010-10-25,2012-05-10,Full-Time,JOB025,563,N
E00205,CC068,2009-12-19,2010-08-25,Full-Time,JOB025,249,N
E00205,CC050,2009-03-09,2009-09-25,Contract,JOB022,200,N
E00209,CC101,2013-08-08,2014-03-21,Full-Time,JOB010,225,N
E00209,CC099,2013-05-05,2013-07-11,Full-Time,JOB016,67,N
E00210,CC044,2014-04-03,2020-11-13,Contract,JOB022,2416,Y
E00211,CC009,2015-11-13,2016-09-26,Full-Time,JOB022,318,N
E00211,CC026,2014-11-29,2015-10-25,Full-Time,JOB010,330,N
E00211,CC120,2014-04-03,2014-11-09,Full-Time,JOB022,220,N
E00212,CC097,2024-06-22,2025-05-17,Full-Time,JOB016,329,Y
E00212,CC111,2023-04-14,2024-04-23,Full-Time,JOB016,375,Y
E00213,CC096,2019-09-07,2022-06-02,Full-Time,JOB022,999,N
E00213,CC064,2018-11-26,2019-07-11,Full-Time,JOB016,227,Y
E00214,CC055,2009-03-23,2013-10-17,Full-Time,JOB025,1669,N
E00214,CC042,2008-03-20,2009-02-13,Full-Time,JOB016,330,Y
E00216,CC092,2013-09-26,2017-08-10,Full-Time,JOB022,1414,N
E00216,CC006,2012-06-16,2013-07-29,Full-Time,JOB016,408,Y
E00219,CC086,2020-05-21,2021-09-20,Full-Time,JOB016,487,N
E00219,CC004,2017-11-18,2020-03-02,Full-Time,JOB025,835,N
E00221,CC031,2011-07-29,2012-06-10,Full-Time,JOB016,317,N
E00222,CC078,2023-10-14,2024-08-21,Full-Time,JOB022,312,N
E00222,CC057,2018-12-14,2023-08-13,Full-Time,JOB025,1703,N
E00224,CC041,2013-01-24,2014-09-03,Full-Time,JOB010,587,N
E00224,CC095,2012-06-23,2012-12-26,Full-Time,JOB025,186,N
E00224,CC016,2011-09-18,2012-04-20,Full-Time,JOB016,215,Y
E00228,CC118,2018-01-19,2020-06-27,Contract,JOB001,890,Y
E00229,CC116,2022-01-06,2024-06-11,Full-Time,JOB001,887,N
E00232,CC071,2021-12-20,2022-08-23,Full-Time,JOB016,246,N
E00232,CC102,2021-02-19,2021-11-15,Full-Time,JOB010,269,N
E00232,CC102,2020-07-23,2021-01-20,Full-Time,JOB022,181,Y
E00235,CC048,2013-04-07,2016-12-19,Full-Time,JOB025,1352,N
E00235,CC114,2012-06-22,2013-03-07,Full-Time,JOB016,258,N
E00236,CC053,2014-01-30,2017-07-09,Full-Time,JOB025,1256,Y
E00236,CC041,2013-03-04,2014-01-06,Full-Time,JOB022,308,N
E00236,CC067,2011-07-11,2012-12-20,Full-Time,JOB025,528,Y
E00238,CC065,2015-06-28,2020-10-31,Contract,JOB001,1952,Y
E00239,CC021,2011-08-04,2013-01-02,Full-Time,JOB010,517,N
E00240,CC033,2012-03-10,2012-11-25,Full-Time,JOB025,260,N
E00240,CC081,2011-05-21,2012-01-20,Full-Time,JOB025,244,N
E00240,CC083,2010-06-21,2011-04-25,Full-Time,JOB025,308,N
E00245,CC006,2011-04-25,2014-12-19,Contract,JOB001,1334,Y
E00249,CC084,2013-12-29,2014-09-02,Full-Time,JOB025,247,N
E00249,CC080,2013-07-07,2013-10-22,Full-Time,JOB022,107,Y
E00250,CC062,2025-06-16,2025-07-07,Full-Time,JOB022,21,Y
E00251,CC021,2017-03-21,2018-05-20,Full-Time,JOB022,425,N
E00251,CC044,2014-03-28,2017-01-06,Full-Time,JOB016,1015,N
E00255,CC017,2016-09-13,2019-06-06,Full-Time,JOB025,996,N
E00255,CC041,2015-09-05,2016-06-19,Full-Time,JOB001,288,N
E00255,CC032,2013-10-16,2015-07-18,Full-Time,JOB001,640,N
E00257,CC111,2018-12-07,2022-03-17,Part-Time,JOB025,1196,N
E00257,CC098,2016-02-29,2018-10-13,Full-Time,JOB025,957,N
E00260,CC003,2017-04-25,2018-02-26,Full-Time,JOB022,307,N
E00260,CC059,2017-01-07,2017-02-05,Contract,JOB025,29,N
E00261,CC037,2022-01-09,2022-03-13,Full-Time,JOB022,63,N
E00262,CC056,2009-10-08,2011-06-20,Full-Time,JOB016,620,N
E00262,CC047,2004-08-03,2009-08-08,Full-Time,JOB001,1831,N
E00262,CC025,2002-04-14,2004-05-08,Full-Time,JOB016,755,N
E00265,CC098,2014-06-27,2017-07-03,Full-Time,JOB025,1102,Y
E00265,CC013,2013-07-21,2014-05-28,Full-Time,JOB016,311,N
E00266,CC078,2016-12-12,2018-07-22,Full-Time,JOB025,587,N
E00266,CC005,2016-02-24,2016-11-22,Full-Time,JOB016,272,N
E00267,CC078,2023-10-12,2025-02-08,Contract,JOB016,485,N
E00267,CC051,2022-09-06,2023-08-18,Temporary,JOB016,346,N
E00267,CC065,2021-06-21,2022-06-08,Temporary,JOB022,352,N
E00273,CC048,2023-06-23,2024-02-26,Full-Time,JOB001,248,N
E00273,CC102,2019-05-07,2023-04-16,Temporary,JOB001,1440,N
E00275,CC030,2022-01-21,2024-03-02,Full-Time,JOB025,771,N
E00275,CC022,2021-09-06,2021-11-06,Full-Time,JOB025,61,N
E00276,CC074,2024-11-01,2025-09-06,Contract,JOB010,309,N
E00278,CC054,2011-06-01,2011-10-19,Full-Time,JOB010,140,N
E00279,CC091,2019-09-01,2020-07-04,Full-Time,JOB010,307,Y
E00279,CC085,2018-01-11,2019-06-07,Full-Time,JOB022,512,N
E00279,CC059,2017-02-22,2017-11-17,Part-Time,JOB025,268,N
E00281,CC062,2014-07-24,2015-11-28,Full-Time,JOB010,492,N
E00281,CC072,2014-02-14,2014-06-04,Full-Time,JOB016,110,N
E00282,CC091,2010-08-21,2013-01-23,Full-Time,JOB022,886,Y
E00282,CC120,2009-11-20,2010-06-23,Temporary,JOB016,215,N
E00282,CC016,2009-09-15,2009-09-30,Full-Time,JOB025,15,N
E00286,CC038,2017-07-01,2019-08-19,Full-Time,JOB001,779,N
E00286,CC084,2011-11-20,2017-05-03,Full-Time,JOB022,1991,N
E00287,CC120,2011-11-12,2013-11-16,Full-Time,JOB016,735,N
E00290,CC032,2015-08-07,2016-02-18,Full-Time,JOB025,195,N
E00291,CC013,2013-02-24,2013-12-08,Full-Time,JOB022,287,N
E00291,CC001,2011-10-25,2013-01-28,Contract,JOB022,461,N
E00291,CC084,2009-10-12,2011-08-11,Full-Time,JOB016,668,N
E00292,CC012,2018-04-12,2023-01-30,Full-Time,JOB010,1754,N
E00292,CC095,2017-12-09,2018-01-19,Full-Time,JOB001,41,N
E00293,CC108,2012-02-09,2012-09-13,Full-Time,JOB022,217,Y
E00293,CC113,2010-09-13,2012-01-02,Full-Time,JOB016,476,N
E00295,CC037,2011-11-09,2016-02-08,Full-Time,JOB025,1552,N
E00295,CC114,2009-10-03,2011-08-19,Temporary,JOB022,685,N
E00295,CC025,2009-03-12,2009-08-15,Part-Time,JOB010,156,N
E00297,CC002,2009-11-08,2012-06-07,Full-Time,JOB016,942,Y
E00297,CC023,2006-12-16,2009-08-13,Full-Time,JOB022,971,N
E00297,CC042,2003-05-22,2006-10-08,Full-Time,JOB001,1235,N
E00299,CC120,2018-07-20,2019-12-13,Full-Time,JOB016,511,N
E00300,CC043,2011-04-10,2013-04-05,Full-Time,JOB025,726,Y
E00301,CC008,2014-11-01,2017-12-22,Full-Time,JOB022,1147,N
E00301,CC052,2013-04-19,2014-09-08,Full-Time,JOB016,507,N
E00303,CC079,2016-04-04,2018-10-23,Full-Time,JOB010,932,N
E00303,CC059,2015-02-17,2016-01-19,Full-Time,JOB025,336,N
E00303,CC090,2013-04-21,2014-12-17,Full-Time,JOB022,605,N
E00306,CC032,2010-12-24,2013-08-10,Full-Time,JOB025,960,N
E00306,CC068,2010-08-23,2010-11-29,Full-Time,JOB016,98,N
E00307,CC107,2021-01-31,2021-08-14,Full-Time,JOB025,195,N
E00307,CC074,2020-06-30,2020-12-22,Full-Time,JOB010,175,N
E00308,CC088,2016-04-16,2016-12-11,Full-Time,JOB025,239,N
E00308,CC116,2015-07-11,2016-01-30,Full-Time,JOB001,203,Y
E00308,CC066,2014-10-27,2015-04-29,Full-Time,JOB025,184,N
E00310,CC093,2021-07-27,2025-07-08,Full-Time,JOB016,1442,Y
E00310,CC075,2020-06-04,2021-07-12,Full-Time,JOB022,403,N
E00310,CC009,2019-04-13,2020-04-06,Full-Time,JOB001,359,N
E00311,CC053,2025-02-26,2025-09-12,Full-Time,JOB010,198,N
E00311,CC048,2024-11-07,2024-12-20,Part-Time,JOB022,43,N
E00312,CC085,2013-11-20,2018-03-17,Contract,JOB016,1578,Y
E00312,CC069,2013-03-10,2013-10-21,Full-Time,JOB010,225,N
E00313,CC060,2010-12-15,2014-10-17,Full-Time,JOB025,1402,N
E00315,CC032,2017-05-31,2020-06-24,Full-Time,JOB010,1120,N
E00315,CC120,2016-04-03,2017-04-11,Contract,JOB001,373,N
E00315,CC031,2015-07-14,2016-01-26,Full-Time,JOB001,196,N
E00317,CC095,2012-05-26,2014-04-07,Full-Time,JOB022,681,N
E00317,CC028,2008-10-05,2012-04-12,Full-Time,JOB001,1285,N
E00319,CC105,2013-10-12,2016-11-24,Temporary,JOB016,1139,N
E00319,CC031,2009-06-14,2013-07-16,Full-Time,JOB010,1493,N
E00319,CC053,2006-04-05,2009-03-25,Full-Time,JOB001,1085,Y
E00320,CC081,2014-01-21,2014-04-08,Full-Time,JOB025,77,N
E00322,CC101,2014-08-21,2015-04-06,Full-Time,JOB022,228,N
E00324,CC024,2012-06-16,2014-01-02,Full-Time,JOB022,565,N
E00327,CC091,2015-06-06,2020-09-23,Full-Time,JOB022,1936,N
E00328,CC072,2019-12-25,2022-10-23,Full-Time,JOB022,1033,N
E00328,CC027,2018-08-25,2019-11-09,Full-Time,JOB001,441,N
E00328,CC012,2017-06-10,2018-06-14,Full-Time,JOB010,369,N
E00329,CC078,2009-09-23,2013-12-30,Full-Time,JOB001,1559,N
E00329,CC093,2008-04-22,2009-08-15,Full-Time,JOB010,480,N
E00330,CC117,2015-01-26,2015-12-27,Full-Time,JOB010,335,N
E00332,CC090,2019-04-19,2021-02-23,Full-Time,JOB010,676,N
E00332,CC071,2017-12-15,2019-02-13,Full-Time,JOB016,425,N
E00332,CC069,2016-12-18,2017-10-13,Full-Time,JOB016,299,N
E00333,CC060,2011-02-03,2012-12-23,Full-Time,JOB022,689,Y
E00333,CC118,2010-06-23,2010-12-10,Full-Time,JOB016,170,N
E00334,CC095,2012-08-27,2013-10-07,Full-Time,JOB016,406,N
E00335,CC054,2016-02-03,2016-08-24,Full-Time,JOB010,203,N
E00335,CC030,2015-12-03,2015-12-08,Full-Time,JOB010,5,N
E00337,CC098,2017-01-29,2018-04-17,Temporary,JOB022,443,N
E00337,CC094,2016-04-08,2016-11-17,Full-Time,JOB010,223,N
E00337,CC070,2015-08-17,2016-03-07,Full-Time,JOB025,203,N
E00339,CC105,2011-05-12,2011-12-16,Full-Time,JOB001,218,N
E00339,CC108,2010-08-21,2011-03-06,Full-Time,JOB001,197,N
E00339,CC002,2010-05-22,2010-07-18,Full-Time,JOB022,57,Y
E00343,CC003,2016-09-19,2022-09-06,Full-Time,JOB025,2178,Y
E00345,CC093,2012-06-18,2018-11-22,Full-Time,JOB016,2348,N
E00347,CC014,2018-08-19,2020-02-17,Temporary,JOB010,547,N
E00347,CC080,2016-12-09,2018-07-05,Full-Time,JOB016,573,N
E00347,CC051,2015-03-14,2016-10-21,Full-Time,JOB022,587,N
E00351,CC039,2010-12-18,2012-02-02,Full-Time,JOB001,411,N
E00351,CC052,2010-05-10,2010-11-29,Full-Time,JOB025,203,N
E00351,CC008,2009-10-24,2010-02-24,Full-Time,JOB010,123,N
E00352,CC101,2011-01-02,2013-04-21,Full-Time,JOB001,840,N
E00352,CC030,2010-04-13,2010-10-12,Full-Time,JOB025,182,N
E00353,CC088,2016-03-12,2016-11-23,Temporary,JOB025,256,N
E00353,CC119,2015-05-27,2016-02-22,Contract,JOB010,271,N
E00355,CC039,2014-04-29,2014-12-04,Full-Time,JOB010,219,N
E00356,CC050,2010-06-03,2014-08-19,Full-Time,JOB010,1538,N
E00356,CC096,2004-03-30,2010-05-09,Contract,JOB001,2231,N
E00358,CC078,2022-03-20,2024-08-13,Full-Time,JOB025,877,Y
E00360,CC035,2016-01-14,2018-04-22,Full-Time,JOB022,829,N
E00360,CC046,2015-04-03,2015-10-29,Full-Time,JOB022,209,N
E00361,CC049,2013-08-04,2014-02-21,Full-Time,JOB025,201,N
E00362,CC035,2017-04-04,2018-03-18,Full-Time,JOB010,348,N
E00363,CC012,2015-01-23,2015-09-14,Full-Time,JOB016,234,Y
E00363,CC098,2014-04-24,2014-11-13,Full-Time,JOB010,203,N
E00364,CC072,2016-01-07,2021-07-17,Full-Time,JOB022,2018,N
E00366,CC071,2020-08-21,2021-04-03,Full-Time,JOB025,225,Y
E00368,CC053,2015-03-03,2017-04-18,Full-Time,JOB001,777,Y
E00368,CC074,2013-01-29,2014-12-07,Full-Time,JOB022,677,N
E00369,CC035,2020-12-30,2024-11-12,Full-Time,JOB001,1413,N
E00371,CC039,2010-12-26,2013-11-02,Full-Time,JOB001,1042,N
E00371,CC032,2009-08-15,2010-10-26,Full-Time,JOB022,437,Y
E00372,CC039,2010-10-18,2011-06-24,Full-Time,JOB022,249,N
E00372,CC049,2009-09-18,2010-08-22,Part-Time,JOB022,338,N
E00376,CC042,2014-01-15,2016-03-20,Full-Time,JOB010,795,N
E00376,CC023,2012-06-17,2013-10-31,Part-Time,JOB016,501,N
E00378,CC049,2015-07-07,2016-12-01,Full-Time,JOB022,513,N
E00378,CC120,2014-09-11,2015-05-07,Full-Time,JOB025,238,N
E00378,CC088,2013-11-05,2014-06-19,Full-Time,JOB001,226,Y
E00381,CC103,2014-08-04,2016-04-23,Full-Time,JOB001,628,Y
E00381,CC064,2013-09-05,2014-05-29,Full-Time,JOB016,266,N
E00381,CC033,2013-07-01,2013-07-22,Full-Time,JOB022,21,N
E00382,CC075,2011-03-23,2017-02-01,Full-Time,JOB025,2142,Y
E00383,CC090,2021-01-30,2025-08-09,Temporary,JOB025,1652,N
E00383,CC099,2019-11-29,2021-01-05,Full-Time,JOB016,403,N
E00383,CC006,2015-11-20,2019-10-24,Full-Time,JOB022,1434,N
E00389,CC013,2024-10-17,2025-05-06,Full-Time,JOB025,201,Y
E00389,CC075,2020-12-14,2024-07-28,Full-Time,JOB010,1322,N
E00391,CC099,2017-03-04,2018-12-18,Full-Time,JOB025,654,N
E00391,CC004,2016-05-06,2017-01-29,Full-Time,JOB016,268,Y
E00394,CC045,2015-10-14,2016-06-22,Full-Time,JOB022,252,N
E00395,CC061,2021-11-09,2022-05-30,Full-Time,JOB022,202,N
E00395,CC009,2021-08-14,2021-09-15,Full-Time,JOB001,32,Y
E00397,CC120,2021-11-23,2024-03-25,Contract,JOB025,853,N
E00397,CC021,2015-02-11,2021-10-17,Full-Time,JOB022,2440,Y
E00399,CC081,2013-05-01,2013-07-04,Full-Time,JOB022,64,N
E00405,CC076,2023-05-05,2024-02-24,Full-Time,JOB001,295,N
E00406,CC074,2017-09-26,2018-12-06,Full-Time,JOB025,436,N
E00409,CC059,2018-05-29,2021-02-09,Full-Time,JOB022,987,N
E00409,CC077,2014-03-06,2018-03-08,Full-Time,JOB022,1463,N
E00410,CC109,2012-04-30,2016-10-07,Full-Time,JOB010,1621,N
E00412,CC041,2015-07-09,2017-07-06,Full-Time,JOB016,728,Y
E00412,CC048,2013-12-03,2015-06-10,Full-Time,JOB025,554,N
E00412,CC077,2010-11-29,2013-09-30,Full-Time,JOB022,1036,N
E00413,CC089,2016-06-12,2017-09-10,Contract,JOB025,455,N
E00417,CC024,2017-10-02,2019-10-26,Full-Time,JOB022,754,Y
E00417,CC002,2013-03-06,2017-09-11,Full-Time,JOB010,1650,N
E00418,CC064,2020-01-05,2024-03-01,Full-Time,JOB022,1517,N
E00418,CC108,2018-05-04,2019-10-29,Full-Time,JOB010,543,N
E00418,CC073,2017-12-07,2018-04-09,Full-Time,JOB010,123,N
E00421,CC069,2018-06-11,2019-04-02,Full-Time,JOB022,295,N
E00423,CC066,2009-04-15,2011-04-27,Full-Time,JOB001,742,Y
E00423,CC100,2009-01-12,2009-02-25,Full-Time,JOB016,44,N
E00424,CC070,2013-05-18,2013-11-03,Full-Time,JOB022,169,Y
E00425,CC112,2022-06-26,2023-10-23,Part-Time,JOB016,484,Y
E00425,CC105,2020-08-15,2022-04-28,Full-Time,JOB001,621,N
E00425,CC027,2020-05-04,2020-07-01,Temporary,JOB016,58,Y
E00426,CC027,2008-12-14,2011-08-24,Contract,JOB025,983,N
E00427,CC022,2006-09-11,2013-03-24,Full-Time,JOB016,2386,N
E00427,CC035,2005-04-04,2006-07-21,Temporary,JOB001,473,N
E00427,CC097,2005-02-08,2005-03-03,Full-Time,JOB001,23,N
E00429,CC111,2018-07-05,2019-12-26,Full-Time,JOB010,539,N
E00429,CC107,2018-03-17,2018-05-10,Full-Time,JOB022,54,N
E00430,CC081,2020-02-27,2021-05-27,Full-Time,JOB022,455,N
E00431,CC066,2009-07-07,2011-02-19,Full-Time,JOB016,592,Y
E00431,CC042,2008-09-26,2009-04-25,Full-Time,JOB001,211,N
E00431,CC082,2008-07-05,2008-07-15,Full-Time,JOB016,10,Y
E00433,CC055,2020-06-30,2023-06-07,Part-Time,JOB016,1072,Y
E00433,CC044,2018-04-06,2020-05-05,Full-Time,JOB010,760,N
E00433,CC063,2015-02-22,2018-01-09,Full-Time,JOB001,1052,N
E00434,CC016,2014-07-02,2015-03-05,Contract,JOB022,246,N
E00437,CC089,2012-12-19,2014-08-05,Temporary,JOB016,594,Y
E00440,CC084,2012-12-19,2013-06-09,Full-Time,JOB001,172,N
E00441,CC051,2021-11-04,2022-12-01,Full-Time,JOB010,392,N
E00441,CC091,2020-02-21,2021-08-27,Full-Time,JOB010,553,N
E00441,CC017,2018-07-26,2019-12-07,Full-Time,JOB025,499,Y
E00443,CC090,2011-06-30,2011-09-25,Full-Time,JOB001,87,N
E00445,CC010,2022-10-13,2024-08-12,Full-Time,JOB001,669,N
E00445,CC041,2022-02-21,2022-09-15,Full-Time,JOB016,206,N
E00445,CC049,2021-09-16,2022-01-20,Full-Time,JOB010,126,N
E00446,CC002,2013-05-18,2020-03-09,Full-Time,JOB010,2487,N
E00448,CC096,2018-01-10,2022-01-15,Full-Time,JOB022,1466,N
E00448,CC012,2017-04-07,2017-10-31,Contract,JOB001,207,N
E00449,CC055,2019-05-26,2020-01-05,Full-Time,JOB010,224,N
E00449,CC036,2019-03-08,2019-04-10,Full-Time,JOB010,33,N
E00450,CC100,2019-01-28,2019-06-08,Contract,JOB016,131,Y
E00451,CC096,2013-05-14,2014-05-22,Full-Time,JOB001,373,N
E00451,CC050,2012-01-22,2013-03-30,Full-Time,JOB022,433,N
E00451,CC068,2011-07-14,2011-12-29,Contract,JOB016,168,Y
E00452,CC108,2013-12-03,2016-10-29,Full-Time,JOB016,1061,Y
E00454,CC099,2016-12-31,2022-10-10,Full-Time,JOB025,2109,N
E00454,CC034,2016-05-28,2016-12-08,Full-Time,JOB001,194,N
E00454,CC037,2015-01-10,2016-03-24,Full-Time,JOB025,439,N
E00457,CC082,2011-01-03,2012-06-03,Full-Time,JOB025,517,N
E00457,CC011,2007-04-24,2010-11-30,Full-Time,JOB025,1316,N
E00458,CC051,2018-08-20,2020-12-16,Full-Time,JOB001,849,N
E00463,CC008,2013-08-21,2015-06-20,Full-Time,JOB022,668,Y
E00463,CC079,2011-10-18,2013-07-23,Full-Time,JOB016,644,N
E00463,CC002,2011-02-28,2011-09-11,Full-Time,JOB001,195,N
E00465,CC067,2016-09-26,2023-02-04,Full-Time,JOB016,2322,N
E00465,CC017,2015-08-17,2016-08-21,Full-Time,JOB016,370,N
E00466,CC055,2012-10-07,2015-07-10,Full-Time,JOB001,1006,N
E00468,CC010,2010-01-08,2010-08-16,Full-Time,JOB025,220,N
E00468,CC008,2009-11-05,2009-11-08,Full-Time,JOB025,3,N
E00469,CC099,2021-10-01,2023-09-03,Full-Time,JOB025,702,N
E00469,CC095,2020-07-16,2021-09-02,Full-Time,JOB001,413,N
E00478,CC047,2012-12-28,2013-08-25,Full-Time,JOB010,240,N
E00479,CC117,2018-04-20,2019-05-10,Full-Time,JOB022,385,N
E00480,CC118,2018-05-08,2020-01-04,Full-Time,JOB016,606,N
E00480,CC074,2017-12-06,2018-04-14,Full-Time,JOB025,129,N
E00482,CC006,2022-05-30,2023-04-07,Contract,JOB022,312,Y
E00483,CC071,2013-01-21,2013-10-16,Full-Time,JOB016,268,N
E00483,CC073,2011-08-22,2012-12-12,Full-Time,JOB025,478,N
E00484,CC064,2010-05-04,2014-02-23,Contract,JOB025,1391,Y
E00484,CC001,2009-07-05,2010-03-19,Contract,JOB010,257,N
E00486,CC001,2010-09-29,2013-02-11,Full-Time,JOB022,866,N
E00486,CC027,2009-10-24,2010-08-06,Full-Time,JOB010,286,N
E00487,CC092,2019-09-11,2020-12-25,Full-Time,JOB001,471,N
E00487,CC053,2017-08-16,2019-07-29,Full-Time,JOB016,712,N
E00491,CC065,2017-06-12,2019-01-04,Full-Time,JOB022,571,Y
E00491,CC008,2010-07-10,2017-05-19,Full-Time,JOB010,2505,N
E00491,CC034,2009-07-01,2010-05-26,Part-Time,JOB016,329,N
E00494,CC010,2013-06-08,2014-08-01,Contract,JOB025,419,N
E00494,CC014,2012-08-25,2013-05-11,Full-Time,JOB022,259,N
E00495,CC046,2021-05-04,2024-11-01,Contract,JOB022,1277,Y
E00495,CC034,2020-01-19,2021-03-11,Contract,JOB010,417,N
E00496,CC107,2017-09-25,2018-10-30,Contract,JOB001,400,N
E00496,CC051,2016-08-13,2017-08-10,Full-Time,JOB016,362,N
E00496,CC004,2015-12-07,2016-06-26,Part-Time,JOB025,202,N
E00498,CC014,2018-10-30,2024-07-02,Contract,JOB001,2072,N
E00500,CC026,2011-01-17,2012-04-08,Part-Time,JOB001,447,Y
E00501,CC010,2013-10-06,2018-10-24,Full-Time,JOB001,1844,N
E00501,CC116,2013-03-08,2013-08-27,Full-Time,JOB010,172,Y
E00502,CC060,2015-06-24,2016-03-17,Full-Time,JOB025,267,N
E00502,CC051,2010-09-25,2015-04-15,Full-Time,JOB022,1663,N
E00507,CC117,2016-12-05,2018-08-16,Full-Time,JOB016,619,N
E00508,CC079,2012-10-20,2013-04-10,Full-Time,JOB010,172,N
E00514,CC062,2022-12-01,2024-12-13,Full-Time,JOB016,743,N
E00514,CC018,2022-04-12,2022-09-28,Full-Time,JOB025,169,N
E00515,CC049,2014-04-28,2014-12-03,Full-Time,JOB016,219,Y
E00515,CC101,2010-07-27,2014-02-11,Full-Time,JOB025,1295,N
E00515,CC050,2009-09-30,2010-05-09,Full-Time,JOB001,221,N
E00517,CC115,2012-10-20,2013-08-16,Part-Time,JOB001,300,N
E00517,CC046,2006-03-03,2012-08-06,Full-Time,JOB010,2348,N
E00517,CC032,2005-07-19,2006-01-27,Full-Time,JOB016,192,N
E00519,CC029,2014-08-21,2019-05-31,Full-Time,JOB022,1744,N
E00519,CC108,2013-04-29,2014-06-22,Contract,JOB010,419,N
E00519,CC076,2013-03-07,2013-03-15,Full-Time,JOB016,8,N
E00520,CC073,2009-12-29,2013-09-01,Full-Time,JOB010,1342,N
E00522,CC063,2015-01-12,2017-06-29,Full-Time,JOB001,899,Y
E00522,CC029,2011-01-17,2014-11-29,Full-Time,JOB022,1412,N
E00522,CC118,2010-01-18,2011-01-02,Full-Time,JOB010,349,N
E00523,CC109,2016-03-13,2021-03-10,Contract,JOB001,1823,Y
E00523,CC076,2015-11-02,2016-02-09,Full-Time,JOB010,99,N
E00524,CC048,2019-12-06,2021-03-27,Full-Time,JOB022,477,N
E00524,CC044,2018-08-17,2019-09-07,Full-Time,JOB010,386,N
E00524,CC102,2015-08-04,2018-07-13,Full-Time,JOB022,1074,N
E00526,CC114,2012-01-12,2016-05-30,Part-Time,JOB010,1600,N
E00527,CC094,2021-04-14,2025-03-20,Full-Time,JOB010,1436,N
E00528,CC074,2012-02-24,2016-07-29,Full-Time,JOB025,1617,Y
E00528,CC078,2011-05-08,2012-02-05,Full-Time,JOB025,273,Y
E00528,CC120,2010-09-27,2011-03-26,Full-Time,JOB016,180,N
E00529,CC022,2018-10-14,2021-01-25,Full-Time,JOB001,834,Y
E00530,CC034,2016-06-05,2016-09-30,Full-Time,JOB001,117,N
E00531,CC007,2018-08-11,2019-02-12,Full-Time,JOB022,185,N
E00531,CC064,2013-05-18,2018-07-06,Part-Time,JOB025,1875,N
E00532,CC111,2014-10-25,2015-08-01,Full-Time,JOB010,280,N
E00533,CC038,2019-05-07,2020-01-10,Full-Time,JOB016,248,N
E00533,CC044,2018-05-13,2019-04-09,Full-Time,JOB022,331,N
E00534,CC115,2013-09-07,2020-04-23,Part-Time,JOB025,2420,N
E00534,CC056,2012-11-24,2013-06-23,Contract,JOB025,211,N
E00534,CC007,2011-12-30,2012-09-15,Full-Time,JOB010,260,N
E00535,CC034,2011-04-30,2011-11-30,Full-Time,JOB016,214,N
E00535,CC013,2011-03-08,2011-03-16,Full-Time,JOB025,8,Y
E00536,CC047,2024-02-23,2024-12-10,Full-Time,JOB001,291,N
E00536,CC026,2020-10-26,2024-01-02,Full-Time,JOB010,1163,N
E00537,CC061,2010-12-07,2011-06-15,Part-Time,JOB022,190,N
E00537,CC063,2010-06-16,2010-09-23,Part-Time,JOB001,99,N
E00540,CC114,2022-03-06,2023-03-10,Full-Time,JOB010,369,N
E00540,CC006,2021-07-12,2021-12-24,Full-Time,JOB022,165,Y
E00542,CC008,2014-11-12,2016-12-08,Full-Time,JOB001,757,N
E00543,CC070,2011-03-09,2016-03-17,Full-Time,JOB025,1835,N
E00543,CC071,2010-09-16,2011-01-24,Full-Time,JOB022,130,N
E00544,CC088,2012-09-10,2012-12-20,Part-Time,JOB025,101,N
E00545,CC051,2022-03-10,2022-10-16,Temporary,JOB001,220,N
E00545,CC016,2021-06-06,2021-12-21,Part-Time,JOB010,198,N
E00546,CC006,2019-05-23,2019-12-05,Full-Time,JOB022,196,N
E00548,CC041,2010-05-06,2011-07-24,Contract,JOB001,444,Y
E00548,CC051,2009-06-25,2010-03-03,Full-Time,JOB016,251,N
E00548,CC059,2009-02-24,2009-04-05,Contract,JOB025,40,N
E00549,CC054,2014-11-01,2015-08-23,Full-Time,JOB025,295,N
E00549,CC098,2013-04-12,2014-08-03,Contract,JOB001,478,N
E00549,CC100,2012-11-05,2013-01-15,Full-Time,JOB016,71,N
E00550,CC050,2018-03-23,2019-06-16,Full-Time,JOB025,450,N
E00550,CC023,2017-07-07,2018-01-07,Full-Time,JOB010,184,N
E00553,CC113,2019-09-13,2022-09-07,Full-Time,JOB010,1090,N
E00555,CC115,2012-08-12,2013-11-10,Full-Time,JOB016,455,Y
E00555,CC036,2011-10-05,2012-06-20,Temporary,JOB001,259,N
E00555,CC018,2011-05-17,2011-08-22,Full-Time,JOB022,97,N
E00558,CC083,2018-02-22,2019-06-26,Full-Time,JOB022,489,N
E00558,CC117,2017-09-18,2018-01-11,Temporary,JOB022,115,N
E00560,CC102,2009-08-11,2012-12-28,Full-Time,JOB016,1235,Y
E00560,CC052,2009-01-25,2009-05-24,Full-Time,JOB025,119,N
E00568,CC113,2009-07-07,2011-02-01,Contract,JOB010,574,N
E00569,CC118,2013-11-11,2014-02-01,Full-Time,JOB010,82,Y
E00571,CC051,2016-01-30,2017-12-27,Full-Time,JOB001,697,N
E00571,CC048,2015-06-16,2016-01-12,Full-Time,JOB022,210,N
E00573,CC045,2014-06-19,2016-07-02,Full-Time,JOB016,744,N
E00573,CC004,2013-10-20,2014-05-24,Full-Time,JOB010,216,N
E00576,CC087,2011-09-16,2014-09-22,Full-Time,JOB022,1102,Y
E00577,CC117,2013-11-05,2016-12-29,Full-Time,JOB010,1150,N
E00579,CC104,2011-03-12,2012-07-15,Temporary,JOB016,491,Y
E00581,CC033,2019-07-02,2025-02-20,Full-Time,JOB016,2060,Y
E00581,CC075,2016-07-23,2019-04-12,Full-Time,JOB025,993,N
E00582,CC088,2019-11-24,2021-03-23,Full-Time,JOB001,485,N
E00582,CC082,2019-01-20,2019-09-27,Full-Time,JOB016,250,N
E00582,CC025,2018-06-05,2018-12-03,Full-Time,JOB010,181,N
E00583,CC088,2014-10-22,2018-11-19,Full-Time,JOB001,1489,N
E00583,CC034,2013-04-10,2014-08-05,Part-Time,JOB022,482,N
E00583,CC091,2012-04-27,2013-03-22,Contract,JOB016,329,Y
E00584,CC101,2010-11-28,2014-12-24,Full-Time,JOB016,1487,N
E00584,CC109,2009-10-12,2010-09-10,Full-Time,JOB025,333,N
E00584,CC013,2009-02-18,2009-09-04,Full-Time,JOB016,198,N
E00585,CC029,2015-10-29,2017-04-26,Full-Time,JOB016,545,Y
E00586,CC075,2012-09-16,2013-12-06,Full-Time,JOB001,446,N
E00586,CC111,2011-12-09,2012-07-03,Full-Time,JOB025,207,N
E00588,CC016,2014-09-05,2020-10-12,Part-Time,JOB025,2229,N
E00588,CC007,2011-09-22,2014-07-14,Contract,JOB010,1026,N
E00589,CC115,2015-12-11,2022-10-27,Part-Time,JOB010,2512,N
E00589,CC024,2013-04-18,2015-10-17,Full-Time,JOB022,912,N
E00590,CC082,2011-02-03,2011-09-11,Full-Time,JOB022,220,N
E00590,CC027,2010-10-23,2010-12-15,Full-Time,JOB010,53,Y
E00591,CC098,2018-07-10,2023-06-02,Full-Time,JOB010,1788,Y
E00594,CC055,2013-07-18,2018-07-24,Part-Time,JOB001,1832,N
E00594,CC026,2010-01-03,2013-06-29,Full-Time,JOB001,1273,N
E00594,CC097,2009-06-18,2009-11-08,Contract,JOB001,143,N
E00595,CC089,2023-04-06,2024-05-21,Part-Time,JOB010,411,N
E00595,CC065,2022-02-26,2023-03-09,Full-Time,JOB010,376,N
E00595,CC039,2021-08-07,2022-02-03,Part-Time,JOB025,180,N
E00596,CC044,2011-11-24,2013-02-20,Part-Time,JOB016,454,N
E00596,CC117,2010-11-02,2011-10-16,Part-Time,JOB001,348,Y
E00597,CC094,2017-02-27,2017-12-12,Full-Time,JOB025,288,N
E00598,CC092,2023-11-13,2024-04-30,Full-Time,JOB001,169,N
E00599,CC080,2009-11-20,2016-05-17,Full-Time,JOB001,2370,N
E00599,CC108,2007-06-27,2009-10-23,Full-Time,JOB001,849,N
E00599,CC049,2006-08-27,2007-04-20,Full-Time,JOB016,236,N
E00600,CC089,2013-03-19,2014-04-13,Full-Time,JOB001,390,N
E00600,CC085,2011-12-27,2013-01-25,Full-Time,JOB025,395,N
E00600,CC080,2011-05-31,2011-11-08,Full-Time,JOB010,161,N
E00602,CC037,2020-05-18,2022-03-11,Full-Time,JOB001,662,N
E00604,CC107,2020-12-10,2022-03-04,Full-Time,JOB010,449,Y
E00605,CC021,2014-09-02,2016-10-25,Full-Time,JOB022,784,N
E00605,CC043,2011-05-16,2014-07-23,Full-Time,JOB001,1164,N
E00605,CC117,2011-02-11,2011-04-20,Full-Time,JOB025,68,N
E00606,CC100,2019-10-13,2019-11-09,Full-Time,JOB001,27,N
E00612,CC038,2010-04-30,2013-05-19,Full-Time,JOB001,1115,N
E00612,CC023,2008-08-15,2010-04-03,Part-Time,JOB016,596,N
E00612,CC055,2008-03-19,2008-06-21,Full-Time,JOB001,94,N
E00614,CC043,2009-01-27,2011-06-24,Full-Time,JOB022,878,N
E00616,CC105,2012-08-10,2015-03-11,Full-Time,JOB001,943,N
E00616,CC059,2010-10-25,2012-06-05,Full-Time,JOB022,589,N
E00616,CC084,2009-07-11,2010-08-10,Contract,JOB001,395,N
E00618,CC014,2015-06-04,2016-05-12,Full-Time,JOB025,343,N
E00618,CC087,2013-12-04,2015-03-20,Full-Time,JOB025,471,N
E00618,CC100,2013-07-30,2013-10-02,Full-Time,JOB001,64,N
E00619,CC114,2023-06-20,2025-03-23,Full-Time,JOB001,642,N
E00619,CC084,2019-12-24,2023-05-28,Full-Time,JOB025,1251,N
E00622,CC086,2009-10-19,2010-12-02,Temporary,JOB025,409,N
E00622,CC085,2008-08-17,2009-09-22,Full-Time,JOB022,401,Y
E00622,CC085,2008-04-03,2008-06-19,Full-Time,JOB022,77,Y
E00627,CC083,2019-10-24,2020-05-02,Temporary,JOB022,191,Y
E00627,CC010,2018-08-23,2019-08-07,Full-Time,JOB016,349,N
E00627,CC036,2017-07-25,2018-07-09,Full-Time,JOB010,349,N
E00629,CC105,2014-09-01,2016-04-15,Full-Time,JOB022,592,N
E00629,CC058,2013-10-12,2014-06-22,Full-Time,JOB022,253,N
E00629,CC041,2013-07-15,2013-08-01,Full-Time,JOB022,17,N
E00630,CC005,2018-11-16,2021-09-05,Full-Time,JOB001,1024,N
E00632,CC072,2010-03-03,2012-02-01,Full-Time,JOB022,700,Y
E00632,CC106,2009-05-23,2010-01-04,Full-Time,JOB010,226,N
E00632,CC043,2009-02-10,2009-03-11,Full-Time,JOB025,29,N
E00634,CC058,2013-05-01,2017-11-02,Full-Time,JOB010,1646,N
E00634,CC046,2012-07-23,2013-04-16,Part-Time,JOB025,267,N
E00634,CC048,2012-02-23,2012-05-03,Full-Time,JOB001,70,N
E00635,CC014,2017-02-24,2022-03-26,Full-Time,JOB010,1856,N
E00635,CC120,2016-06-20,2017-01-16,Contract,JOB022,210,N
E00636,CC097,2016-07-03,2017-08-07,Full-Time,JOB025,400,N
E00636,CC059,2013-05-28,2016-06-03,Full-Time,JOB025,1102,N
E00636,CC001,2012-06-23,2013-04-26,Full-Time,JOB001,307,Y
E00637,CC119,2017-07-27,2020-10-08,Full-Time,JOB010,1169,N
E00637,CC094,2016-10-20,2017-04-29,Contract,JOB022,191,Y
E00639,CC078,2010-11-07,2011-08-21,Contract,JOB016,287,N
E00639,CC044,2010-07-18,2010-09-03,Part-Time,JOB010,47,N
E00644,CC108,2011-09-06,2013-11-06,Full-Time,JOB016,792,N
E00644,CC028,2009-03-08,2011-06-13,Full-Time,JOB025,827,N
E00645,CC091,2020-01-17,2020-07-31,Full-Time,JOB010,196,N
E00645,CC070,2019-09-07,2019-10-30,Full-Time,JOB016,53,Y
E00650,CC075,2013-09-29,2019-08-16,Full-Time,JOB022,2147,N
E00650,CC113,2011-06-04,2013-07-08,Contract,JOB025,765,N
E00651,CC007,2023-08-02,2024-11-21,Full-Time,JOB010,477,N
E00653,CC033,2010-10-23,2011-10-12,Full-Time,JOB001,354,Y
E00654,CC046,2024-04-15,2024-12-17,Contract,JOB025,246,N
E00656,CC031,2016-12-01,2021-10-08,Full-Time,JOB016,1772,N
E00657,CC101,2010-05-15,2011-01-03,Part-Time,JOB025,233,N
E00657,CC002,2010-02-11,2010-04-24,Full-Time,JOB010,72,Y
E00661,CC070,2019-08-15,2023-05-31,Full-Time,JOB010,1385,Y
E00663,CC088,2016-10-01,2019-03-26,Full-Time,JOB010,906,N
E00663,CC049,2015-05-16,2016-07-13,Full-Time,JOB016,424,N
E00665,CC075,2015-05-24,2016-10-14,Contract,JOB016,509,Y
E00665,CC120,2010-09-20,2015-03-11,Full-Time,JOB010,1633,N
E00666,CC063,2016-08-31,2020-07-14,Full-Time,JOB025,1413,N
E00666,CC101,2015-08-08,2016-07-02,Full-Time,JOB025,329,N
E00666,CC067,2014-06-23,2015-06-26,Full-Time,JOB025,368,N
E00669,CC052,2016-06-22,2022-12-27,Full-Time,JOB010,2379,N
E00669,CC043,2014-01-03,2016-05-11,Full-Time,JOB016,859,N
E00670,CC072,2008-11-12,2010-09-09,Temporary,JOB001,666,N
E00670,CC045,2008-03-06,2008-10-14,Full-Time,JOB025,222,N
E00670,CC006,2008-01-10,2008-01-20,Full-Time,JOB016,10,Y
E00671,CC070,2010-11-01,2012-10-06,Full-Time,JOB001,705,N
E00674,CC058,2019-02-24,2025-05-06,Full-Time,JOB016,2263,N
E00674,CC066,2017-08-26,2019-01-16,Full-Time,JOB001,508,N
E00678,CC081,2016-06-18,2016-12-22,Full-Time,JOB010,187,N
E00678,CC027,2015-06-29,2016-04-10,Full-Time,JOB022,286,Y
E00678,CC088,2013-11-20,2015-06-05,Full-Time,JOB022,562,Y
E00679,CC007,2019-04-20,2019-12-31,Full-Time,JOB016,255,N
E00680,CC106,2012-10-19,2013-02-14,Full-Time,JOB016,118,N
E00683,CC056,2009-12-29,2012-10-02,Full-Time,JOB022,1008,Y
E00683,CC001,2009-01-17,2009-11-29,Full-Time,JOB025,316,N
E00688,CC090,2012-09-18,2013-06-18,Part-Time,JOB025,273,N
E00688,CC101,2010-07-10,2012-08-21,Full-Time,JOB025,773,N
E00688,CC098,2009-03-03,2010-06-14,Part-Time,JOB022,468,N
E00690,CC029,2011-05-07,2013-05-02,Full-Time,JOB022,726,N
E00690,CC082,2010-03-18,2011-02-12,Full-Time,JOB016,331,Y
E00693,CC016,2022-06-21,2023-10-03,Full-Time,JOB025,469,N
E00693,CC071,2020-04-17,2022-04-17,Part-Time,JOB010,730,N
E00693,CC053,2019-06-29,2020-02-18,Temporary,JOB010,234,N
E00695,CC025,2017-07-22,2020-11-18,Full-Time,JOB025,1215,N
E00696,CC010,2015-01-17,2021-09-13,Full-Time,JOB001,2431,Y
E00696,CC013,2014-08-27,2014-12-01,Full-Time,JOB025,96,N
E00697,CC086,2016-05-12,2017-07-28,Full-Time,JOB001,442,N
E00697,CC009,2013-12-29,2016-03-22,Part-Time,JOB022,814,N
E00698,CC075,2014-12-26,2017-06-03,Full-Time,JOB025,890,N
E00698,CC055,2014-04-09,2014-10-26,Full-Time,JOB016,200,Y
E00704,CC108,2018-08-16,2022-03-21,Full-Time,JOB016,1313,N
E00706,CC046,2019-10-14,2019-10-15,Full-Time,JOB022,1,N
E00707,CC078,2014-11-07,2017-02-25,Full-Time,JOB016,841,Y
E00708,CC094,2021-03-16,2023-03-05,Contract,JOB001,719,N
E00708,CC081,2019-03-31,2021-02-27,Full-Time,JOB025,699,N
E00708,CC052,2018-09-25,2019-01-01,Full-Time,JOB010,98,N
E00709,CC115,2018-03-08,2020-03-13,Part-Time,JOB010,736,N
E00709,CC051,2017-11-16,2018-01-06,Full-Time,JOB025,51,N
E00711,CC066,2015-09-26,2017-08-19,Full-Time,JOB016,693,Y
E00712,CC097,2021-10-10,2022-09-24,Full-Time,JOB022,349,N
E00714,CC095,2019-07-14,2020-11-04,Full-Time,JOB016,479,N
E00715,CC030,2023-06-23,2023-09-07,Full-Time,JOB016,76,N
E00716,CC117,2018-05-19,2024-09-05,Full-Time,JOB022,2301,Y
E00717,CC084,2012-08-05,2013-02-11,Full-Time,JOB025,190,N
E00717,CC107,2011-12-28,2012-06-16,Full-Time,JOB025,171,N
E00718,CC084,2012-03-10,2012-12-11,Full-Time,JOB025,276,Y
E00718,CC067,2011-12-10,2012-02-15,Full-Time,JOB010,67,N
E00722,CC063,2018-01-19,2019-07-06,Full-Time,JOB025,533,Y
E00722,CC113,2017-03-02,2018-01-04,Full-Time,JOB010,308,N
E00723,CC028,2016-07-07,2020-02-27,Full-Time,JOB010,1330,N
E00729,CC054,2017-03-11,2017-11-04,Temporary,JOB001,238,N
E00729,CC087,2016-09-26,2016-12-25,Full-Time,JOB010,90,N
E00732,CC032,2013-06-13,2013-12-15,Full-Time,JOB025,185,N
E00735,CC006,2014-05-24,2017-10-04,Contract,JOB001,1229,Y
E00738,CC052,2017-03-20,2023-07-03,Full-Time,JOB025,2296,Y
E00738,CC106,2012-12-19,2017-03-03,Full-Time,JOB001,1535,N
E00741,CC022,2019-05-10,2025-03-31,Full-Time,JOB022,2152,N
E00741,CC080,2018-09-28,2019-04-07,Full-Time,JOB016,191,N
E00742,CC077,2022-03-17,2023-12-21,Full-Time,JOB010,644,N
E00742,CC017,2021-05-29,2022-01-13,Full-Time,JOB010,229,N
E00742,CC111,2021-01-26,2021-03-09,Temporary,JOB022,42,Y
E00746,CC061,2016-08-12,2018-02-06,Temporary,JOB001,543,N
E00746,CC097,2014-06-26,2016-05-21,Full-Time,JOB022,695,Y
E00746,CC116,2014-02-10,2014-05-26,Full-Time,JOB001,105,N
E00750,CC112,2020-09-23,2025-05-17,Full-Time,JOB025,1697,N
E00750,CC103,2018-10-06,2020-07-16,Full-Time,JOB022,649,N
E00750,CC103,2016-06-16,2018-08-08,Full-Time,JOB025,783,N
E00754,CC062,2018-02-25,2020-01-27,Full-Time,JOB001,701,N
E00754,CC113,2015-11-05,2018-01-05,Full-Time,JOB016,792,Y
E00757,CC067,2010-02-15,2012-03-27,Full-Time,JOB001,771,N
E00758,CC103,2015-11-01,2017-04-16,Full-Time,JOB016,532,N
E00758,CC020,2015-05-16,2015-10-04,Full-Time,JOB025,141,N
E00762,CC073,2011-06-19,2012-04-02,Full-Time,JOB016,288,Y
E00762,CC097,2011-03-05,2011-04-15,Full-Time,JOB025,41,N
E00765,CC072,2010-06-02,2011-06-06,Full-Time,JOB016,369,N
E00765,CC045,2009-09-05,2010-04-09,Full-Time,JOB022,216,N
E00768,CC058,2021-09-03,2022-10-23,Full-Time,JOB010,415,N
E00768,CC066,2020-12-16,2021-08-07,Full-Time,JOB016,234,Y
E00768,CC079,2020-07-03,2020-09-22,Full-Time,JOB001,81,N
E00774,CC012,2010-04-17,2013-01-14,Part-Time,JOB025,1003,N
E00774,CC012,2009-09-14,2010-02-06,Full-Time,JOB010,145,N
E00775,CC120,2009-05-06,2011-12-29,Temporary,JOB025,967,N
E00778,CC082,2015-10-15,2017-04-05,Full-Time,JOB001,538,Y
E00778,CC120,2013-05-06,2015-09-05,Part-Time,JOB010,852,N
E00778,CC077,2012-10-13,2013-04-17,Full-Time,JOB010,186,N
E00779,CC031,2009-07-30,2011-01-29,Full-Time,JOB010,548,N
E00779,CC036,2009-01-17,2009-07-04,Full-Time,JOB016,168,N
E00782,CC067,2015-11-09,2018-08-05,Full-Time,JOB001,1000,N
E00782,CC037,2009-02-16,2015-10-14,Full-Time,JOB025,2431,N
E00784,CC029,2011-04-23,2012-03-09,Full-Time,JOB010,321,N
E00784,CC120,2010-08-30,2011-02-09,Full-Time,JOB001,163,Y
E00788,CC014,2011-12-20,2013-11-17,Full-Time,JOB025,698,N
E00790,CC033,2010-11-24,2014-04-08,Temporary,JOB016,1231,N
E00790,CC073,2010-03-12,2010-09-14,Full-Time,JOB010,186,N
E00793,CC111,2010-12-07,2013-01-25,Full-Time,JOB001,780,N
E00793,CC049,2010-04-21,2010-10-20,Full-Time,JOB010,182,N
E00797,CC067,2015-07-06,2017-12-25,Full-Time,JOB016,903,Y
E00797,CC012,2014-02-01,2015-05-21,Full-Time,JOB016,474,Y
E00798,CC041,2015-12-19,2017-10-16,Full-Time,JOB025,667,N
E00798,CC096,2015-03-19,2015-10-31,Full-Time,JOB010,226,N
E00798,CC095,2014-10-08,2014-12-31,Full-Time,JOB010,84,N
E00799,CC026,2012-06-21,2012-09-21,Temporary,JOB016,92,N
E00800,CC087,2018-12-08,2019-07-16,Part-Time,JOB025,220,Y
E00801,CC048,2012-07-03,2018-05-28,Full-Time,JOB022,2155,N
E00801,CC063,2011-01-01,2012-04-06,Full-Time,JOB025,461,N
E00801,CC029,2010-02-04,2010-11-12,Full-Time,JOB010,281,Y
E00803,CC070,2022-09-20,2023-07-19,Full-Time,JOB016,302,N
E00803,CC111,2022-05-13,2022-07-17,Full-Time,JOB010,65,N
E00811,CC041,2009-12-20,2013-01-15,Full-Time,JOB001,1122,N
E00812,CC042,2013-12-05,2015-07-20,Full-Time,JOB016,592,N
E00812,CC034,2007-03-08,2013-10-28,Full-Time,JOB022,2426,Y
E00814,CC055,2013-02-10,2015-01-01,Full-Time,JOB016,690,N
E00814,CC110,2012-10-26,2012-12-11,Full-Time,JOB022,46,N
E00817,CC105,2012-09-01,2013-03-29,Full-Time,JOB016,209,N
E00817,CC072,2012-06-12,2012-07-18,Full-Time,JOB022,36,N
E00818,CC104,2022-08-31,2023-03-29,Full-Time,JOB022,210,Y
E00821,CC093,2021-03-12,2024-09-05,Full-Time,JOB022,1273,Y
E00823,CC051,2016-09-02,2017-09-12,Full-Time,JOB010,375,N
E00823,CC105,2014-11-29,2016-08-11,Full-Time,JOB001,621,Y
E00824,CC047,2010-04-09,2011-02-16,Full-Time,JOB025,313,Y
E00824,CC003,2009-08-14,2010-02-21,Full-Time,JOB016,191,N
E00824,CC074,2009-06-19,2009-07-05,Full-Time,JOB025,16,Y
E00825,CC087,2015-03-23,2016-08-16,Full-Time,JOB022,512,N
E00825,CC079,2014-05-25,2015-02-26,Full-Time,JOB010,277,N
E00827,CC054,2020-11-09,2021-01-27,Full-Time,JOB025,79,N
E00828,CC044,2011-11-22,2013-04-16,Full-Time,JOB016,511,N
E00830,CC035,2009-11-26,2014-10-30,Part-Time,JOB025,1799,N
E00830,CC058,2006-06-26,2009-09-06,Full-Time,JOB010,1168,N
E00830,CC017,2006-06-02,2006-06-09,Full-Time,JOB016,7,N
E00833,CC014,2015-04-30,2016-12-06,Full-Time,JOB022,586,N
E00837,CC068,2020-01-07,2021-08-15,Full-Time,JOB001,586,N
E00838,CC084,2013-02-27,2013-10-08,Part-Time,JOB016,223,Y
E00838,CC095,2012-05-16,2013-01-14,Full-Time,JOB010,243,N
E00846,CC005,2017-04-23,2018-02-14,Full-Time,JOB016,297,N
E00846,CC112,2013-12-29,2017-02-07,Full-Time,JOB016,1136,N
E00846,CC018,2012-01-09,2013-10-05,Temporary,JOB025,635,N
E00850,CC068,2015-07-12,2017-03-28,Full-Time,JOB025,625,N
E00850,CC117,2015-02-15,2015-05-19,Full-Time,JOB025,93,N
E00853,CC040,2015-01-03,2015-01-09,Full-Time,JOB016,6,N
E00860,CC067,2015-08-31,2016-02-27,Contract,JOB016,180,N
E00860,CC069,2009-10-09,2015-07-11,Full-Time,JOB022,2101,Y
E00866,CC056,2014-08-07,2019-05-21,Full-Time,JOB025,1748,N
E00866,CC102,2014-03-10,2014-06-24,Full-Time,JOB016,106,Y
E00867,CC056,2024-01-08,2024-05-03,Full-Time,JOB010,116,N
E00868,CC011,2018-05-28,2020-05-15,Full-Time,JOB010,718,N
E00868,CC103,2016-08-14,2018-03-08,Temporary,JOB016,571,N
E00869,CC053,2012-12-04,2014-03-04,Full-Time,JOB001,455,N
E00869,CC038,2012-02-21,2012-10-27,Full-Time,JOB022,249,N
E00869,CC090,2011-05-11,2011-12-11,Full-Time,JOB010,214,N
E00871,CC069,2023-10-13,2024-07-20,Full-Time,JOB001,281,N
E00873,CC094,2009-06-10,2012-05-22,Full-Time,JOB001,1077,N
E00873,CC064,2008-11-05,2009-05-07,Full-Time,JOB022,183,N
E00874,CC090,2019-05-01,2025-01-08,Full-Time,JOB016,2079,N
E00874,CC019,2014-07-24,2019-04-06,Full-Time,JOB022,1717,Y
E00877,CC025,2016-04-03,2018-10-13,Part-Time,JOB022,923,N
E00877,CC099,2014-05-09,2016-03-18,Full-Time,JOB022,679,N
E00877,CC095,2010-11-23,2014-02-27,Contract,JOB022,1192,N
E00880,CC050,2012-08-19,2018-06-05,Full-Time,JOB016,2116,N
E00880,CC081,2011-02-06,2012-06-24,Full-Time,JOB025,504,Y
E00880,CC033,2010-01-16,2010-11-17,Full-Time,JOB016,305,N
E00882,CC015,2016-11-03,2018-07-22,Full-Time,JOB022,626,Y
E00882,CC022,2016-02-26,2016-09-08,Full-Time,JOB025,195,N
E00883,CC006,2014-02-28,2014-09-14,Full-Time,JOB022,198,N
E00883,CC099,2011-06-30,2014-01-25,Full-Time,JOB010,940,Y
E00884,CC008,2010-10-27,2014-10-26,Full-Time,JOB010,1460,N
E00885,CC030,2015-09-02,2021-08-19,Full-Time,JOB025,2178,N
E00886,CC089,2015-04-09,2016-01-01,Full-Time,JOB010,267,N
E00886,CC063,2014-03-17,2015-02-21,Full-Time,JOB025,341,Y
E00893,CC073,2011-01-25,2013-09-08,Full-Time,JOB016,957,N
E00893,CC036,2005-03-03,2010-11-30,Temporary,JOB025,2098,N
E00893,CC068,2004-06-26,2005-01-27,Full-Time,JOB016,215,N
E00894,CC001,2009-11-14,2011-08-20,Full-Time,JOB025,644,N
E00894,CC114,2009-01-28,2009-09-12,Full-Time,JOB016,227,Y
E00894,CC042,2008-08-31,2008-12-14,Full-Time,JOB025,105,N
E00895,CC064,2016-03-04,2017-08-15,Full-Time,JOB010,529,N
E00896,CC015,2013-07-20,2017-08-27,Full-Time,JOB001,1499,N
E00896,CC023,2012-04-11,2013-06-30,Contract,JOB001,445,N
E00897,CC074,2017-07-18,2018-05-24,Full-Time,JOB022,310,Y
E00900,CC047,2012-09-17,2013-05-05,Full-Time,JOB001,230,N
E00900,CC118,2010-11-15,2012-09-01,Full-Time,JOB022,656,Y
E00900,CC060,2010-09-28,2010-10-21,Contract,JOB016,23,N
E00901,CC102,2013-08-18,2014-08-21,Full-Time,JOB025,368,N
E00901,CC006,2012-11-29,2013-06-30,Full-Time,JOB016,213,N
E00901,CC028,2012-10-18,2012-11-05,Contract,JOB001,18,N
E00902,CC025,2011-05-09,2012-05-17,Full-Time,JOB010,374,N
E00902,CC023,2009-09-29,2011-02-11,Full-Time,JOB025,500,Y
E00902,CC096,2009-04-06,2009-07-23,Full-Time,JOB025,108,Y
E00903,CC114,2010-10-05,2012-06-13,Full-Time,JOB010,617,N
E00903,CC065,2010-01-01,2010-07-12,Full-Time,JOB010,192,N
E00903,CC077,2009-10-05,2009-10-10,Full-Time,JOB016,5,N
E00904,CC053,2017-01-04,2019-08-03,Full-Time,JOB022,941,N
E00904,CC073,2016-01-11,2016-11-09,Full-Time,JOB022,303,N
E00904,CC119,2015-04-22,2015-10-18,Full-Time,JOB016,179,N
E00905,CC093,2024-06-13,2024-12-10,Full-Time,JOB016,180,N
E00905,CC067,2024-02-14,2024-05-27,Full-Time,JOB016,103,N
E00908,CC110,2018-03-17,2018-10-10,Full-Time,JOB016,207,N
E00908,CC066,2017-10-20,2017-12-22,Full-Time,JOB025,63,N
E00911,CC046,2011-05-06,2013-02-15,Full-Time,JOB016,651,N
E00915,CC033,2015-08-11,2017-05-29,Contract,JOB025,657,N
E00915,CC118,2013-05-05,2015-06-06,Full-Time,JOB001,762,N
E00915,CC062,2012-02-22,2013-03-10,Full-Time,JOB025,382,N
E00917,CC094,2019-06-11,2020-02-22,Part-Time,JOB001,256,N
E00917,CC045,2017-01-06,2019-05-20,Part-Time,JOB022,864,N
E00917,CC096,2016-04-13,2016-12-07,Full-Time,JOB025,238,N
E00918,CC040,2022-09-22,2023-07-09,Full-Time,JOB016,290,N
E00918,CC020,2018-11-02,2022-06-30,Full-Time,JOB010,1336,N
E00918,CC007,2018-09-10,2018-09-29,Full-Time,JOB022,19,N
E00919,CC012,2015-01-09,2016-12-05,Full-Time,JOB016,696,N
E00919,CC017,2014-04-02,2014-11-05,Full-Time,JOB022,217,N
E00919,CC071,2013-07-05,2014-01-04,Full-Time,JOB001,183,N
E00921,CC098,2018-04-21,2019-02-28,Full-Time,JOB025,313,Y
E00921,CC051,2017-01-07,2018-03-12,Full-Time,JOB010,429,N
E00921,CC079,2016-07-04,2016-10-13,Temporary,JOB010,101,N
E00922,CC042,2018-10-28,2019-08-14,Full-Time,JOB025,290,N
E00923,CC047,2015-03-29,2015-11-18,Full-Time,JOB016,234,Y
E00924,CC022,2013-08-11,2017-07-09,Temporary,JOB022,1428,N
E00924,CC006,2008-02-02,2013-07-09,Contract,JOB010,1984,N
E00924,CC097,2007-04-27,2007-12-02,Full-Time,JOB001,219,N
E00925,CC080,2022-05-11,2025-07-29,Part-Time,JOB001,1175,N
E00925,CC040,2020-06-17,2022-03-14,Full-Time,JOB001,635,N
E00925,CC095,2017-06-20,2020-04-21,Full-Time,JOB010,1036,N
E00926,CC062,2021-01-13,2024-08-08,Full-Time,JOB010,1303,N
E00926,CC075,2019-06-11,2020-12-27,Temporary,JOB001,565,Y
E00926,CC008,2018-10-22,2019-04-25,Full-Time,JOB025,185,N
E00927,CC009,2015-03-20,2015-10-20,Full-Time,JOB016,214,N
E00931,CC112,2023-08-29,2025-10-16,Part-Time,JOB010,779,Y
E00934,CC063,2015-10-02,2018-01-05,Temporary,JOB001,826,N
E00934,CC065,2014-08-07,2015-08-25,Temporary,JOB001,383,N
E00934,CC119,2013-09-15,2014-07-18,Full-Time,JOB016,306,Y
E00935,CC045,2021-08-19,2022-03-24,Full-Time,JOB016,217,N
E00935,CC065,2019-09-03,2021-06-27,Full-Time,JOB001,663,Y
E00936,CC036,2016-01-10,2022-09-28,Full-Time,JOB016,2453,Y
E00936,CC085,2015-07-14,2015-11-06,Full-Time,JOB022,115,N
E00937,CC031,2015-05-06,2020-07-07,Full-Time,JOB022,1889,Y
E00937,CC043,2013-01-03,2015-03-13,Full-Time,JOB010,799,N
E00937,CC084,2012-07-19,2012-11-23,Full-Time,JOB025,127,N
E00939,CC117,2010-05-09,2013-10-12,Full-Time,JOB010,1252,N
E00940,CC072,2019-09-29,2020-03-31,Full-Time,JOB001,184,N
E00942,CC098,2011-10-03,2012-04-15,Full-Time,JOB022,195,Y
E00942,CC057,2010-12-22,2011-07-28,Full-Time,JOB016,218,N
E00943,CC024,2011-08-31,2012-11-22,Full-Time,JOB025,449,Y
E00947,CC030,2018-08-24,2022-07-28,Full-Time,JOB010,1434,N
E00947,CC046,2018-03-11,2018-08-06,Full-Time,JOB022,148,N
E00948,CC084,2020-08-23,2025-02-16,Full-Time,JOB022,1638,N
E00948,CC061,2020-02-21,2020-06-07,Full-Time,JOB010,107,N
E00949,CC002,2015-10-11,2020-07-21,Part-Time,JOB010,1745,N
E00950,CC119,2010-02-17,2011-02-13,Part-Time,JOB025,361,Y
E00951,CC114,2016-11-22,2022-07-08,Full-Time,JOB022,2054,N
E00951,CC093,2015-10-25,2016-11-02,Full-Time,JOB025,374,Y
E00951,CC077,2015-04-29,2015-07-29,Full-Time,JOB001,91,N
E00960,CC106,2014-05-05,2016-02-11,Contract,JOB025,647,N
E00962,CC067,2017-03-18,2019-11-16,Full-Time,JOB001,973,N
E00962,CC057,2016-07-05,2017-02-07,Full-Time,JOB016,217,Y
E00964,CC038,2017-02-22,2022-05-17,Full-Time,JOB001,1910,N
E00964,CC060,2015-08-20,2016-12-03,Part-Time,JOB001,471,N
E00971,CC018,2019-01-04,2025-08-18,Full-Time,JOB016,2418,N
E00974,CC076,2014-02-11,2015-11-17,Contract,JOB022,644,N
E00975,CC092,2023-11-28,2024-08-17,Full-Time,JOB001,263,N
E00975,CC082,2023-04-19,2023-10-30,Full-Time,JOB025,194,N
E00976,CC049,2013-04-26,2015-08-08,Full-Time,JOB001,834,Y
E00976,CC073,2008-12-20,2013-03-21,Contract,JOB010,1552,N
E00976,CC099,2007-11-20,2008-11-17,Full-Time,JOB022,363,N
E00978,CC081,2013-12-29,2017-09-21,Full-Time,JOB010,1362,N
E00978,CC080,2013-05-09,2013-11-19,Full-Time,JOB001,194,Y
E00979,CC104,2015-08-23,2016-11-23,Full-Time,JOB022,458,N
E00979,CC076,2015-01-04,2015-07-09,Full-Time,JOB022,186,N
E00986,CC077,2015-04-23,2015-11-27,Full-Time,JOB025,218,N
E00986,CC080,2015-02-09,2015-03-04,Full-Time,JOB010,23,Y
E00987,CC084,2014-04-05,2014-10-05,Full-Time,JOB010,183,N
E00989,CC043,2014-03-12,2016-05-11,Contract,JOB001,791,N
E00989,CC021,2013-04-07,2014-01-03,Full-Time,JOB025,271,Y
E00989,CC072,2012-04-04,2013-01-09,Full-Time,JOB022,280,N
E00990,CC099,2023-03-22,2024-03-26,Full-Time,JOB016,370,N
E00990,CC098,2022-03-06,2023-01-18,Full-Time,JOB025,318,Y
E00991,CC016,2014-01-11,2014-08-13,Full-Time,JOB016,214,N
E00991,CC068,2013-06-14,2013-11-15,Full-Time,JOB010,154,N
E00992,CC074,2011-04-10,2012-12-27,Full-Time,JOB025,627,N
E00992,CC093,2005-04-14,2011-03-15,Full-Time,JOB016,2161,Y
E00992,CC109,2004-05-23,2005-02-04,Full-Time,JOB025,257,N
E00995,CC079,2013-04-23,2013-12-25,Full-Time,JOB025,246,Y
E00995,CC104,2012-07-24,2013-02-04,Full-Time,JOB025,195,Y
E00995,CC091,2012-06-09,2012-06-10,Full-Time,JOB010,1,N
E00996,CC081,2013-12-27,2014-06-25,Full-Time,JOB010,180,N
E00998,CC045,2008-12-17,2013-03-13,Full-Time,JOB010,1547,N
E00998,CC026,2006-08-19,2008-12-01,Full-Time,JOB016,835,N
E00999,CC071,2020-12-25,2022-11-23,Full-Time,JOB001,698,Y
E00999,CC044,2020-05-09,2020-11-26,Full-Time,JOB025,201,N
