EMP_ID,CONT_START_DATE,CONT_CATEGORY,CONT_END_DATE,CONT_DURATION
E00001,2014-11-01,정규직,2021-09-29,2524
E00002,2013-11-07,정규직,,4469
E00003,2023-10-17,정규직,,838
E00004,2012-11-23,정규직,2018-07-18,2063
E00005,2017-11-15,계약직,2019-10-26,710
E00005,2019-10-27,계약직,2021-01-08,439
E00006,2025-10-12,정규직,,112
E00007,2017-07-13,정규직,2022-01-27,1659
E00008,2020-12-07,정규직,,1882
E00009,2023-01-20,정규직,,1108
E00010,2012-05-13,정규직,2020-02-19,2838
E00011,2024-09-24,정규직,2025-03-23,180
E00012,2014-02-14,정규직,,4370
E00013,2018-03-28,정규직,,2867
E00014,2018-02-19,정규직,2023-04-18,1884
E00015,2015-06-30,정규직,2024-08-07,3326
E00016,2017-07-22,정규직,2019-02-18,576
E00017,2024-01-14,계약직,2025-01-15,367
E00017,2025-01-16,계약직,,381
E00018,2011-07-10,정규직,2014-09-13,1161
E00019,2024-04-06,정규직,,666
E00020,2012-09-01,정규직,2022-01-03,3411
E00021,2017-03-23,계약직,2018-09-10,536
E00021,2018-09-11,정규직,2024-01-23,1960
E00022,2013-08-16,정규직,2025-03-12,4226
E00023,2019-01-29,정규직,2022-07-06,1254
E00024,2015-05-06,정규직,2024-11-17,3483
E00025,2024-12-04,정규직,,424
E00026,2012-09-02,정규직,2025-01-14,4517
E00027,2022-04-24,정규직,2024-02-25,672
E00028,2023-05-18,정규직,,990
E00029,2022-11-22,계약직,2023-12-31,404
E00029,2024-01-01,정규직,,762
E00030,2017-08-18,계약직,2019-06-29,680
E00030,2019-06-30,계약직,2020-12-30,549
E00030,2020-12-31,정규직,2025-09-10,1714
E00031,2017-04-17,계약직,2018-05-09,387
E00031,2018-05-10,계약직,2019-10-04,512
E00031,2019-10-05,계약직,2021-01-30,483
E00031,2021-01-31,계약직,2022-08-12,558
E00031,2022-08-13,정규직,2025-08-21,1104
E00032,2020-03-19,정규직,2022-09-25,920
E00033,2018-10-20,정규직,2021-02-18,852
E00034,2024-06-22,정규직,,589
E00035,2020-01-13,정규직,,2211
E00036,2021-04-01,정규직,,1767
E00037,2022-06-26,계약직,2023-09-28,459
E00038,2023-01-15,정규직,2024-10-01,625
E00039,2018-02-17,정규직,,2906
E00040,2018-07-04,정규직,2022-06-17,1444
E00041,2019-10-09,정규직,2021-05-04,573
E00042,2018-08-10,정규직,2025-12-23,2692
E00043,2015-04-20,정규직,2017-05-17,758
E00044,2022-01-12,계약직,2023-12-29,716
E00044,2023-12-30,정규직,,764
E00045,2023-05-10,정규직,2024-11-05,545
E00046,2025-07-25,계약직,,191
E00047,2022-12-05,정규직,,1154
E00048,2015-03-15,정규직,2021-05-14,2252
E00049,2023-07-22,정규직,,925
E00050,2015-09-25,정규직,2023-08-07,2873
E00051,2023-06-14,정규직,,963
E00052,2022-02-19,계약직,2023-07-29,525
E00052,2023-07-30,정규직,,917
E00053,2014-07-03,정규직,,4231
E00054,2024-02-23,계약직,2026-01-16,693
E00054,2026-01-17,정규직,,15
E00055,2023-05-06,정규직,,1002
E00056,2016-05-27,정규직,,3537
E00057,2014-09-29,정규직,2022-01-20,2670
E00058,2019-08-05,정규직,2020-12-19,502
E00059,2018-03-04,정규직,2022-03-15,1472
E00060,2016-11-28,계약직,2018-06-19,568
E00060,2018-06-20,정규직,2023-04-19,1764
E00061,2025-03-03,계약직,,335
E00062,2014-01-23,정규직,2024-12-01,3965
E00063,2025-08-25,정규직,,160
E00064,2014-10-24,정규직,2021-06-06,2417
E00065,2013-01-23,정규직,2025-12-10,4704
E00066,2024-02-11,정규직,,721
E00067,2024-02-13,계약직,2025-09-15,580
E00067,2025-09-16,정규직,2026-01-26,132
E00068,2016-03-13,정규직,,3612
E00069,2022-02-01,정규직,2024-07-04,884
E00070,2016-07-22,정규직,,3481
E00071,2018-12-04,정규직,,2616
E00072,2021-08-06,정규직,2025-06-16,1410
E00073,2017-12-24,계약직,2019-12-06,712
E00073,2019-12-07,계약직,2021-11-19,713
E00073,2021-11-20,계약직,2023-04-04,500
E00073,2023-04-05,계약직,2024-01-18,288
E00074,2022-08-08,정규직,,1273
E00075,2015-08-24,정규직,2018-12-07,1201
E00076,2017-09-06,정규직,,3070
E00077,2025-05-27,계약직,,250
E00078,2021-11-10,계약직,2023-02-08,455
E00078,2023-02-09,정규직,2024-04-23,439
E00079,2014-11-11,정규직,2024-01-03,3340
E00080,2022-02-09,정규직,2022-04-06,56
E00081,2014-04-07,계약직,2015-12-21,623
E00081,2015-12-22,계약직,2017-03-08,442
E00081,2017-03-09,정규직,,3251
E00082,2019-05-14,정규직,,2455
E00083,2011-08-23,계약직,2013-05-19,635
E00083,2013-05-20,계약직,2015-03-21,670
E00083,2015-03-22,정규직,2023-06-13,3005
E00084,2013-06-15,정규직,2015-12-04,902
E00085,2013-07-03,계약직,2014-02-25,237
E00086,2011-11-13,정규직,2020-06-28,3150
E00087,2023-01-21,정규직,,1107
E00088,2022-02-22,정규직,,1440
E00089,2021-05-30,정규직,,1708
E00090,2011-10-06,계약직,2012-11-08,399
E00090,2012-11-09,계약직,2014-08-07,636
E00090,2014-08-08,계약직,2015-02-07,183
E00091,2021-07-02,정규직,2021-11-17,138
E00092,2019-10-10,계약직,2020-12-31,448
E00092,2021-01-01,정규직,,1857
E00093,2014-02-19,계약직,2015-06-27,493
E00094,2016-10-13,계약직,2018-07-15,640
E00094,2018-07-16,계약직,2019-02-08,207
E00095,2018-06-26,정규직,,2777
E00096,2025-02-21,정규직,,345
E00097,2022-10-05,계약직,2024-08-31,696
E00097,2024-09-01,정규직,,518
E00098,2013-08-12,계약직,2015-03-30,595
E00098,2015-03-31,정규직,2019-09-07,1621
E00099,2021-03-30,정규직,2025-07-13,1566
E00100,2020-09-03,정규직,2025-02-27,1638
E00101,2016-10-23,정규직,2018-09-12,689
E00102,2016-12-26,정규직,2020-04-12,1203
E00103,2016-07-04,정규직,2024-04-02,2829
E00104,2011-02-24,정규직,2016-11-06,2082
E00105,2023-12-15,정규직,,779
E00106,2025-01-29,정규직,,368
E00107,2018-01-28,계약직,2019-07-15,533
E00107,2019-07-16,정규직,2019-10-19,95
E00108,2014-09-06,정규직,2016-02-26,538
E00109,2020-06-18,정규직,2024-06-01,1444
E00110,2019-01-09,정규직,2022-05-31,1238
E00111,2017-12-20,정규직,2020-05-03,865
E00112,2019-02-02,계약직,2020-11-19,656
E00112,2020-11-20,정규직,2025-03-28,1589
E00113,2024-01-13,정규직,,750
E00114,2016-04-17,정규직,,3577
E00115,2011-11-29,정규직,2012-09-18,294
E00116,2014-06-19,정규직,,4245
E00117,2011-12-09,정규직,,5168
E00118,2024-09-10,정규직,,509
E00119,2019-12-01,정규직,,2254
E00120,2024-12-26,계약직,2026-01-21,391
E00120,2026-01-22,계약직,,10
E00121,2019-02-18,정규직,,2540
E00122,2022-04-15,정규직,,1388
E00123,2013-06-08,정규직,2021-07-24,2968
E00124,2023-11-06,계약직,2025-03-11,491
E00124,2025-03-12,정규직,2025-03-13,1
E00125,2025-11-12,정규직,,81
E00126,2024-06-03,정규직,,608
E00127,2015-06-14,정규직,,3885
E00128,2012-01-04,정규직,,5142
E00129,2017-10-22,계약직,2018-11-28,402
E00129,2018-11-29,정규직,2019-01-14,46
E00130,2018-02-08,계약직,2019-11-15,645
E00130,2019-11-16,정규직,2025-02-04,1907
E00131,2021-08-16,정규직,,1630
E00132,2012-06-24,정규직,2025-02-28,4632
E00133,2011-04-07,정규직,2016-05-17,1867
E00134,2021-11-11,정규직,2025-07-28,1355
E00135,2024-11-19,계약직,,439
E00136,2025-03-18,정규직,,320
E00137,2018-03-30,정규직,2024-08-13,2328
E00138,2025-08-18,정규직,,167
E00139,2021-04-18,정규직,2023-07-23,826
E00140,2017-12-25,정규직,,2960
E00141,2020-08-31,정규직,,1980
E00142,2015-01-30,계약직,2016-06-12,499
E00142,2016-06-13,계약직,2017-10-29,503
E00143,2023-11-06,정규직,,818
E00144,2023-01-03,정규직,,1125
E00145,2019-03-12,계약직,2020-12-19,648
E00145,2020-12-20,계약직,2022-08-25,613
E00145,2022-08-26,정규직,2025-01-01,859
E00146,2021-12-25,정규직,2025-12-19,1455
E00147,2020-05-31,계약직,2022-03-22,660
E00147,2022-03-23,계약직,2023-04-22,395
E00147,2023-04-23,계약직,2024-05-20,393
E00147,2024-05-21,정규직,,621
E00148,2014-02-05,정규직,2020-08-18,2386
E00149,2025-03-06,계약직,2025-04-29,54
E00150,2014-10-12,정규직,2023-06-02,3155
E00151,2023-10-03,계약직,2024-11-11,405
E00151,2024-11-12,계약직,2025-12-16,399
E00151,2025-12-17,정규직,,46
E00152,2023-01-06,정규직,2025-04-08,823
E00153,2018-09-24,정규직,2023-06-26,1736
E00154,2011-08-17,정규직,2018-09-20,2591
E00155,2014-05-16,계약직,2015-09-18,490
E00155,2015-09-19,정규직,,3788
E00156,2023-10-02,정규직,,853
E00157,2012-08-25,정규직,2025-02-11,4553
E00158,2020-09-11,정규직,,1969
E00159,2022-03-07,정규직,2022-07-25,140
E00160,2023-12-23,정규직,,771
E00161,2012-02-09,정규직,2012-06-24,136
E00162,2011-05-26,정규직,2017-02-11,2088
E00163,2025-10-04,정규직,,120
E00164,2021-07-31,정규직,,1646
E00165,2015-04-14,정규직,2017-08-22,861
E00166,2012-08-15,정규직,,4918
E00167,2020-06-12,정규직,2024-01-03,1300
E00168,2012-06-08,계약직,2013-07-14,401
E00168,2013-07-15,정규직,2022-06-15,3257
E00169,2011-09-11,정규직,2016-10-31,1877
E00170,2017-02-07,정규직,2024-04-16,2625
E00171,2016-08-05,정규직,,3467
E00172,2022-09-30,정규직,2024-11-21,783
E00173,2019-09-11,정규직,,2335
E00174,2019-12-10,정규직,2022-03-23,834
E00175,2022-07-30,정규직,,1282
E00176,2019-02-02,정규직,2021-05-04,822
E00177,2018-02-13,정규직,,2910
E00178,2021-04-06,정규직,2022-12-29,632
E00179,2017-05-14,정규직,,3185
E00180,2013-05-24,정규직,2023-07-17,3706
E00181,2022-10-31,정규직,,1189
E00182,2022-11-28,계약직,2023-12-26,393
E00183,2013-07-21,정규직,,4578
E00184,2022-08-18,정규직,,1263
E00185,2012-01-20,정규직,2013-10-21,640
E00186,2012-02-09,계약직,2013-04-01,417
E00186,2013-04-02,계약직,2014-06-08,432
E00186,2014-06-09,정규직,2016-05-19,710
E00187,2019-11-08,계약직,2021-08-16,647
E00187,2021-08-17,정규직,,1629
E00188,2013-06-19,정규직,2017-06-11,1453
E00189,2011-09-18,정규직,2023-04-27,4239
E00190,2020-05-16,정규직,2021-10-16,518
E00191,2022-11-19,정규직,2025-01-29,802
E00192,2011-12-27,계약직,2013-09-09,622
E00192,2013-09-10,정규직,,4527
E00193,2014-06-19,계약직,2015-07-14,390
E00193,2015-07-15,정규직,,3854
E00194,2025-07-28,정규직,,188
E00195,2011-08-28,정규직,2012-08-24,362
E00196,2016-02-17,정규직,2021-01-06,1785
E00197,2015-10-20,계약직,2017-09-09,690
E00197,2017-09-10,계약직,2018-11-30,446
E00197,2018-12-01,계약직,2020-09-07,646
E00197,2020-09-08,계약직,2022-06-21,651
E00197,2022-06-22,정규직,,1320
E00198,2013-08-24,정규직,,4544
E00199,2024-07-06,계약직,2025-09-19,440
E00199,2025-09-20,정규직,,134
E00200,2018-09-18,계약직,2020-07-11,662
E00200,2020-07-12,정규직,,2030
E00201,2016-04-29,정규직,2019-07-16,1173
E00202,2023-04-07,정규직,2024-11-26,599
E00203,2020-07-16,정규직,2022-02-07,571
E00204,2020-09-15,계약직,2021-10-04,384
E00204,2021-10-05,계약직,2023-01-19,471
E00204,2023-01-20,계약직,2024-12-25,705
E00204,2024-12-26,정규직,,402
E00205,2012-09-18,계약직,2014-04-13,572
E00205,2014-04-14,계약직,2015-07-01,443
E00205,2015-07-02,계약직,2015-09-18,78
E00206,2021-04-02,계약직,2022-03-27,359
E00207,2014-06-27,계약직,2015-07-08,376
E00207,2015-07-09,정규직,2020-04-15,1742
E00208,2018-07-25,계약직,2020-02-19,574
E00208,2020-02-20,계약직,2021-06-25,491
E00208,2021-06-26,정규직,,1681
E00209,2014-04-19,계약직,2014-07-04,76
E00210,2021-03-08,정규직,2023-02-12,706
E00211,2016-12-06,정규직,2022-03-30,1940
E00212,2025-08-14,정규직,,171
E00213,2022-10-16,정규직,,1204
E00214,2013-12-02,계약직,2015-05-29,543
E00214,2015-05-30,정규직,2017-06-22,754
E00215,2018-02-18,계약직,2019-06-13,480
E00215,2019-06-14,정규직,,2424
E00216,2017-12-27,정규직,2018-07-08,193
E00217,2018-01-04,정규직,2019-10-25,659
E00218,2019-06-05,정규직,,2433
E00219,2021-10-29,정규직,,1556
E00220,2020-11-17,계약직,2022-05-14,543
E00220,2022-05-15,계약직,2023-12-04,568
E00220,2023-12-05,계약직,2025-09-03,638
E00220,2025-09-04,정규직,,150
E00221,2012-08-06,정규직,2019-11-30,2672
E00222,2025-02-07,계약직,,359
E00223,2015-05-27,정규직,2022-03-05,2474
E00224,2014-12-30,계약직,2015-08-25,238
E00225,2018-03-03,정규직,2025-04-06,2591
E00226,2024-09-20,정규직,,499
E00227,2019-06-01,정규직,,2437
E00228,2020-10-03,계약직,2022-05-13,587
E00228,2022-05-14,계약직,2024-01-29,625
E00228,2024-01-30,정규직,2024-04-15,76
E00229,2024-10-29,계약직,,460
E00230,2012-12-27,정규직,2019-10-29,2497
E00231,2016-10-06,계약직,2017-10-05,364
E00231,2017-10-06,정규직,,3040
E00232,2022-12-14,계약직,2024-11-28,715
E00232,2024-11-29,계약직,,429
E00233,2012-10-19,정규직,2023-11-19,4048
E00234,2012-11-19,정규직,2025-10-23,4721
E00235,2017-06-03,계약직,2018-11-18,533
E00235,2018-11-19,계약직,2020-10-22,703
E00235,2020-10-23,계약직,2022-03-24,517
E00235,2022-03-25,정규직,2023-09-03,527
E00236,2017-12-03,정규직,,2982
E00237,2015-06-27,정규직,2019-08-01,1496
E00238,2020-12-28,정규직,2021-06-25,179
E00239,2013-04-14,정규직,2020-06-29,2633
E00240,2013-03-02,정규직,2025-01-12,4334
E00241,2020-08-18,정규직,,1993
E00242,2014-02-26,정규직,,4358
E00243,2019-09-27,계약직,2020-12-23,453
E00243,2020-12-24,계약직,2022-05-26,518
E00243,2022-05-27,정규직,,1346
E00244,2020-07-12,계약직,2021-11-04,480
E00245,2015-04-09,정규직,2026-01-30,3949
E00246,2018-08-25,정규직,,2717
E00247,2014-05-20,정규직,2018-08-03,1536
E00248,2019-01-09,정규직,,2580
E00249,2015-02-21,정규직,,3998
E00250,2025-10-17,정규직,,107
E00251,2018-07-02,정규직,2024-06-02,2162
E00252,2016-03-07,정규직,2017-01-10,309
E00253,2011-08-04,계약직,2012-10-27,450
E00253,2012-10-28,계약직,2014-03-21,509
E00253,2014-03-22,정규직,,4334
E00254,2013-02-06,정규직,2024-07-06,4168
E00255,2019-09-27,정규직,2021-08-09,682
E00256,2021-01-07,계약직,2022-05-06,484
E00256,2022-05-07,계약직,2023-08-29,479
E00256,2023-08-30,계약직,2024-11-11,439
E00256,2024-11-12,정규직,,446
E00257,2022-07-27,정규직,,1285
E00258,2018-07-19,정규직,,2754
E00259,2018-10-07,계약직,2019-11-12,401
E00259,2019-11-13,정규직,,2272
E00260,2018-06-09,계약직,2020-03-28,658
E00260,2020-03-29,정규직,2023-03-08,1074
E00261,2022-04-19,정규직,,1384
E00262,2011-07-17,정규직,,5313
E00263,2012-05-28,정규직,2024-08-31,4478
E00264,2018-04-05,정규직,2024-05-12,2229
E00265,2017-12-04,정규직,,2981
E00266,2018-09-21,계약직,2019-11-13,418
E00266,2019-11-14,계약직,2021-03-04,476
E00266,2021-03-05,정규직,,1794
E00267,2025-06-29,계약직,,217
E00268,2015-04-02,정규직,2019-11-09,1682
E00269,2017-07-23,정규직,2018-09-02,406
E00270,2023-02-24,계약직,2024-04-25,426
E00270,2024-04-26,정규직,,646
E00271,2025-03-14,계약직,,324
E00272,2020-09-24,정규직,,1956
E00273,2024-07-21,정규직,,560
E00274,2017-05-09,정규직,,3190
E00275,2024-08-22,계약직,,528
E00276,2025-12-02,정규직,,61
E00277,2024-08-26,계약직,,524
E00278,2012-02-01,정규직,2020-01-02,2892
E00279,2020-11-26,계약직,2022-07-11,592
E00279,2022-07-12,계약직,2024-03-10,607
E00279,2024-03-11,정규직,,692
E00280,2011-08-31,계약직,2013-07-21,690
E00280,2013-07-22,정규직,2016-09-15,1151
E00281,2016-02-28,계약직,2017-11-01,612
E00281,2017-11-02,계약직,2019-03-21,504
E00281,2019-03-22,정규직,,2508
E00282,2013-04-11,계약직,2014-08-08,484
E00282,2014-08-09,정규직,2018-02-21,1292
E00283,2022-05-11,정규직,,1362
E00284,2020-09-03,정규직,2024-06-22,1388
E00285,2012-09-16,정규직,2020-03-26,2748
E00286,2019-12-10,정규직,2023-09-26,1386
E00287,2014-04-27,정규직,2022-06-29,2985
E00288,2017-10-12,계약직,2018-11-12,396
E00288,2018-11-13,정규직,2021-02-25,835
E00289,2024-03-05,정규직,,698
E00290,2016-08-11,정규직,2019-02-21,924
E00291,2014-03-02,정규직,2024-11-24,3920
E00292,2023-03-11,계약직,2023-04-28,48
E00293,2012-11-22,계약직,2014-09-16,663
E00293,2014-09-17,계약직,2015-09-26,374
E00293,2015-09-27,계약직,2017-07-16,658
E00293,2017-07-17,정규직,,3121
E00294,2024-07-16,정규직,,565
E00295,2016-03-31,정규직,2017-08-12,499
E00296,2018-01-12,계약직,2019-08-13,578
E00296,2019-08-14,정규직,2025-08-12,2190
E00297,2012-09-05,계약직,2014-07-09,672
E00297,2014-07-10,계약직,2016-03-14,613
E00297,2016-03-15,정규직,2020-07-09,1577
E00298,2013-05-02,정규직,2023-05-30,3680
E00299,2020-05-08,정규직,,2095
E00300,2013-08-22,정규직,2019-02-10,1998
E00301,2018-04-18,정규직,2025-07-30,2660
E00302,2015-03-18,정규직,2022-03-04,2543
E00303,2019-01-31,정규직,,2558
E00304,2014-10-23,정규직,2025-03-11,3792
E00305,2020-09-10,정규직,,1970
E00306,2013-10-29,정규직,,4478
E00307,2021-10-06,정규직,,1579
E00308,2017-04-28,정규직,2024-05-15,2574
E00309,2016-11-28,정규직,,3352
E00310,2025-11-28,정규직,,65
E00311,2025-10-15,정규직,,109
E00312,2018-05-01,정규직,2021-02-22,1028
E00313,2014-11-16,정규직,2025-09-16,3957
E00314,2020-10-26,정규직,,1924
E00315,2020-10-24,정규직,,1926
E00316,2025-05-07,정규직,,270
E00317,2014-05-14,정규직,2015-05-05,356
E00318,2021-01-05,계약직,2022-07-17,558
E00318,2022-07-18,정규직,2024-12-02,868
E00319,2017-03-03,계약직,2018-10-03,579
E00319,2018-10-04,정규직,2020-11-06,764
E00320,2014-06-16,정규직,2023-02-03,3154
E00321,2025-03-15,정규직,,323
E00322,2015-07-28,정규직,2025-12-03,3781
E00323,2012-02-10,계약직,2013-08-06,543
E00323,2013-08-07,정규직,2014-09-25,414
E00324,2014-04-13,정규직,2023-01-07,3191
E00325,2019-09-23,계약직,2020-10-11,384
E00325,2020-10-12,계약직,2022-02-14,490
E00325,2022-02-15,정규직,,1447
E00326,2014-08-02,정규직,2020-06-02,2131
E00327,2021-01-02,정규직,,1856
E00328,2023-03-02,정규직,,1067
E00329,2014-04-30,정규직,2020-10-01,2346
E00330,2016-04-15,정규직,2016-08-24,131
E00331,2012-10-02,정규직,2024-06-05,4264
E00332,2021-07-20,정규직,,1657
E00333,2013-05-28,계약직,2014-08-20,449
E00333,2014-08-21,계약직,2015-10-17,422
E00333,2015-10-18,계약직,2017-01-07,447
E00333,2017-01-08,계약직,2018-03-03,419
E00333,2018-03-04,정규직,2021-11-23,1360
E00334,2014-03-25,계약직,2016-01-12,658
E00334,2016-01-13,계약직,2017-07-22,556
E00334,2017-07-23,정규직,2025-11-05,3027
E00335,2017-02-13,계약직,2018-03-22,402
E00335,2018-03-23,정규직,2022-11-27,1710
E00336,2023-02-20,계약직,2024-06-22,488
E00336,2024-06-23,정규직,2025-09-19,453
E00337,2018-08-06,계약직,2020-07-20,714
E00337,2020-07-21,계약직,2021-09-19,425
E00337,2021-09-20,계약직,2023-07-05,653
E00337,2023-07-06,계약직,2024-12-28,541
E00337,2024-12-29,정규직,,399
E00338,2025-03-01,정규직,,337
E00339,2012-01-18,정규직,2023-01-17,4017
E00340,2020-06-19,정규직,2020-10-16,119
E00341,2013-06-06,정규직,2020-02-28,2458
E00342,2016-01-22,정규직,2023-06-12,2698
E00343,2023-02-01,정규직,2024-03-31,424
E00344,2011-11-03,정규직,2019-02-08,2654
E00345,2018-12-21,정규직,2024-10-24,2134
E00346,2011-09-18,계약직,2013-05-09,599
E00346,2013-05-10,계약직,2013-08-22,104
E00347,2020-07-01,정규직,,2041
E00348,2021-08-31,정규직,2022-04-14,226
E00349,2021-10-22,정규직,,1563
E00350,2024-06-17,정규직,,594
E00351,2012-04-29,계약직,2013-12-31,611
E00351,2014-01-01,정규직,2016-02-29,789
E00352,2013-09-04,계약직,2015-07-03,667
E00352,2015-07-04,정규직,,3865
E00353,2016-12-29,계약직,2018-02-10,408
E00353,2018-02-11,정규직,,2912
E00354,2025-03-22,정규직,,316
E00355,2015-04-09,계약직,2017-01-23,655
E00355,2017-01-24,계약직,2018-08-05,558
E00355,2018-08-06,정규직,2026-01-27,2731
E00356,2015-01-29,정규직,2023-10-31,3197
E00357,2011-07-30,정규직,2023-09-22,4437
E00358,2024-09-26,정규직,,493
E00359,2023-11-04,정규직,,820
E00360,2018-05-24,정규직,,2810
E00361,2014-08-14,정규직,2014-11-12,90
E00362,2018-04-30,정규직,,2834
E00363,2016-01-09,계약직,2017-10-18,648
E00363,2017-10-19,정규직,2023-02-18,1948
E00364,2021-11-29,계약직,2023-01-10,407
E00364,2023-01-11,정규직,,1117
E00365,2020-11-17,정규직,,1902
E00366,2021-05-20,정규직,,1718
E00367,2014-05-26,정규직,,4269
E00368,2017-05-16,정규직,,3183
E00369,2025-02-13,계약직,,353
E00370,2021-09-29,계약직,2022-03-12,164
E00371,2014-02-05,정규직,2018-11-27,1756
E00372,2011-08-15,정규직,2025-10-26,5186
E00373,2018-11-07,정규직,2021-04-28,903
E00374,2017-10-27,정규직,,3019
E00375,2013-04-09,정규직,2022-11-13,3505
E00376,2016-05-18,정규직,2025-10-30,3452
E00377,2025-06-12,정규직,,234
E00378,2017-02-26,계약직,2018-05-27,455
E00379,2021-12-01,정규직,,1523
E00380,2018-01-05,계약직,2019-05-22,502
E00380,2019-05-23,정규직,2020-05-26,369
E00381,2016-07-10,정규직,2022-08-20,2232
E00382,2017-06-20,계약직,2018-11-27,525
E00382,2018-11-28,정규직,,2622
E00383,2025-09-12,정규직,,142
E00384,2011-06-22,계약직,2012-09-22,458
E00384,2012-09-23,정규직,,4879
E00385,2025-11-01,계약직,,92
E00386,2022-01-03,계약직,2023-09-27,632
E00386,2023-09-28,정규직,,857
E00387,2021-06-02,계약직,2022-09-08,463
E00387,2022-09-09,정규직,2025-06-10,1005
E00388,2016-11-28,정규직,2025-04-21,3066
E00389,2025-06-27,정규직,,219
E00390,2016-07-05,계약직,2017-09-06,428
E00390,2017-09-07,정규직,,3069
E00391,2019-04-22,계약직,2021-01-28,647
E00391,2021-01-29,정규직,,1829
E00392,2019-02-11,계약직,2021-01-01,690
E00392,2021-01-02,계약직,2022-09-09,615
E00392,2022-09-10,정규직,2024-01-28,505
E00393,2025-03-11,정규직,,327
E00394,2016-08-15,정규직,,3457
E00395,2022-10-25,정규직,,1195
E00396,2018-07-10,정규직,,2763
E00397,2024-05-16,계약직,2025-09-21,493
E00397,2025-09-22,계약직,,132
E00398,2012-04-06,정규직,2013-12-17,620
E00399,2013-11-09,정규직,2017-05-21,1289
E00400,2013-06-24,정규직,2014-02-03,224
E00401,2016-04-16,정규직,2021-07-09,1910
E00402,2016-07-30,정규직,,3473
E00403,2011-04-30,정규직,2018-11-06,2747
E00404,2024-03-21,계약직,2025-08-22,519
E00404,2025-08-23,정규직,,162
E00405,2024-05-09,정규직,,633
E00406,2019-03-12,정규직,,2518
E00407,2014-08-02,정규직,2015-07-08,340
E00408,2019-12-24,정규직,2021-01-15,388
E00409,2021-05-28,정규직,,1710
E00410,2017-01-29,계약직,2017-12-25,330
E00411,2016-05-29,정규직,2017-02-05,252
E00412,2017-08-21,정규직,,3086
E00413,2018-02-06,계약직,2019-09-12,583
E00413,2019-09-13,정규직,,2333
E00414,2023-04-17,정규직,,1021
E00415,2017-10-29,정규직,,3017
E00416,2016-09-23,계약직,2018-01-06,470
E00416,2018-01-07,계약직,2018-10-22,288
E00417,2020-02-01,정규직,2022-12-28,1061
E00418,2024-08-02,정규직,,548
E00419,2024-08-05,정규직,,545
E00420,2019-07-21,정규직,,2387
E00421,2019-07-06,정규직,,2402
E00422,2011-04-06,정규직,2023-11-10,4601
E00423,2011-09-25,정규직,2013-05-24,607
E00424,2014-03-20,정규직,2019-05-27,1894
E00425,2024-01-19,정규직,2024-11-08,294
E00426,2011-10-23,계약직,2013-10-15,723
E00426,2013-10-16,계약직,2014-11-20,400
E00426,2014-11-21,계약직,2016-04-03,499
E00426,2016-04-04,계약직,2018-02-17,684
E00426,2018-02-18,정규직,2021-01-12,1059
E00427,2013-06-28,계약직,2014-10-06,465
E00427,2014-10-07,정규직,2022-04-10,2742
E00428,2024-06-22,정규직,,589
E00429,2020-02-21,정규직,2025-04-12,1877
E00430,2021-11-15,계약직,2023-01-25,436
E00430,2023-01-26,정규직,2025-06-27,883
E00431,2011-04-08,정규직,2020-06-02,3343
E00432,2025-09-28,정규직,,126
E00433,2023-10-11,계약직,2025-07-27,655
E00433,2025-07-28,계약직,,188
E00434,2015-07-25,정규직,2020-07-01,1803
E00435,2012-02-26,정규직,2019-05-01,2621
E00436,2018-12-09,정규직,,2611
E00437,2014-12-17,계약직,2015-03-26,99
E00438,2020-02-05,정규직,,2188
E00439,2016-06-01,정규직,,3532
E00440,2013-07-27,정규직,2022-05-21,3220
E00441,2023-02-06,계약직,2023-11-05,272
E00442,2019-12-24,정규직,,2231
E00443,2011-10-22,정규직,2023-11-19,4411
E00444,2019-09-30,정규직,2019-11-23,54
E00445,2024-10-09,정규직,,480
E00446,2020-08-16,계약직,2022-06-11,664
E00446,2022-06-12,계약직,2024-05-20,708
E00446,2024-05-21,계약직,,621
E00447,2021-12-01,정규직,,1523
E00448,2022-04-04,계약직,2023-11-29,604
E00448,2023-11-30,정규직,,794
E00449,2020-05-07,정규직,2021-02-20,289
E00450,2019-09-13,정규직,2020-04-16,216
E00451,2014-10-24,계약직,2016-06-02,587
E00451,2016-06-03,계약직,2018-02-08,615
E00451,2018-02-09,계약직,2019-10-06,604
E00451,2019-10-07,정규직,,2309
E00452,2017-03-02,정규직,2025-02-08,2900
E00453,2015-04-05,정규직,2024-11-07,3504
E00454,2022-12-18,계약직,2024-06-02,532
E00454,2024-06-03,정규직,,608
E00455,2020-08-28,정규직,2021-02-22,178
E00456,2022-04-24,정규직,,1379
E00457,2012-10-08,정규직,2020-11-15,2960
E00458,2021-05-27,계약직,2022-06-13,382
E00458,2022-06-14,정규직,,1328
E00459,2019-05-21,정규직,2025-02-07,2089
E00460,2014-04-26,정규직,2016-10-11,899
E00461,2019-10-12,계약직,2021-05-04,570
E00461,2021-05-05,계약직,2022-05-04,364
E00461,2022-05-05,계약직,2023-02-10,281
E00462,2015-03-07,정규직,2024-02-01,3253
E00463,2015-11-03,정규직,,3743
E00464,2021-05-27,정규직,,1711
E00465,2023-05-28,정규직,,980
E00466,2015-10-28,정규직,2023-08-06,2839
E00467,2024-06-21,정규직,,590
E00468,2011-02-04,정규직,,5476
E00469,2023-11-07,정규직,2024-10-10,338
E00470,2022-03-15,정규직,,1419
E00471,2021-01-17,정규직,2024-07-12,1272
E00472,2020-05-23,계약직,2022-01-25,612
E00472,2022-01-26,정규직,,1467
E00473,2024-04-29,계약직,2024-08-25,118
E00474,2012-06-19,계약직,2014-06-16,727
E00474,2014-06-17,정규직,,4247
E00475,2016-08-25,정규직,2019-11-21,1183
E00476,2024-07-08,정규직,,573
E00477,2022-03-15,정규직,2024-09-26,926
E00478,2013-09-30,계약직,2014-11-26,422
E00478,2014-11-27,정규직,2022-05-20,2731
E00479,2019-10-23,정규직,,2293
E00480,2020-04-01,계약직,2021-12-11,619
E00480,2021-12-12,계약직,2023-05-09,513
E00480,2023-05-10,정규직,,998
E00481,2024-12-09,정규직,,419
E00482,2023-06-28,계약직,2025-02-22,605
E00482,2025-02-23,정규직,,343
E00483,2014-02-01,정규직,2023-01-11,3266
E00484,2014-06-22,정규직,2015-03-31,282
E00485,2025-01-26,계약직,,371
E00486,2013-03-10,계약직,2014-05-17,433
E00486,2014-05-18,계약직,2015-10-05,505
E00486,2015-10-06,계약직,2017-05-04,576
E00486,2017-05-05,정규직,,3194
E00487,2021-02-03,계약직,2022-06-18,500
E00487,2022-06-19,계약직,2023-10-31,499
E00488,2024-08-08,계약직,,542
E00489,2024-12-09,정규직,,419
E00490,2022-08-29,정규직,,1252
E00491,2019-02-19,계약직,2020-10-03,592
E00491,2020-10-04,정규직,2020-12-20,77
E00492,2020-09-25,정규직,,1955
E00493,2017-02-26,정규직,2023-03-22,2215
E00494,2014-11-03,정규직,2017-05-21,930
E00495,2024-12-26,정규직,,402
E00496,2018-12-04,정규직,2020-07-14,588
E00497,2018-02-23,정규직,,2900
E00498,2024-08-20,정규직,2025-10-06,412
E00499,2013-05-27,정규직,,4633
E00500,2012-06-28,정규직,,4966
E00501,2019-01-23,계약직,2020-02-13,386
E00501,2020-02-14,정규직,,2179
E00502,2016-05-12,정규직,2020-10-29,1631
E00503,2015-07-15,계약직,2017-01-24,559
E00503,2017-01-25,정규직,2024-07-20,2733
E00504,2024-04-29,정규직,,643
E00505,2017-05-08,계약직,2018-07-23,441
E00505,2018-07-24,정규직,,2749
E00506,2024-10-22,정규직,2026-01-03,438
E00507,2018-12-09,정규직,,2611
E00508,2013-05-13,정규직,,4647
E00509,2012-05-22,계약직,2014-01-01,589
E00509,2014-01-02,정규직,,4413
E00510,2025-01-01,계약직,2026-01-07,371
E00510,2026-01-08,계약직,,24
E00511,2018-09-12,계약직,2019-11-29,443
E00511,2019-11-30,정규직,,2255
E00512,2015-06-06,계약직,2016-10-17,499
E00512,2016-10-18,정규직,2025-01-13,3009
E00513,2024-05-13,정규직,,629
E00514,2025-04-22,정규직,,285
E00515,2015-05-16,계약직,2017-04-24,709
E00515,2017-04-25,계약직,2018-11-04,558
E00515,2018-11-05,계약직,2020-09-19,684
E00515,2020-09-20,계약직,2021-07-28,311
E00516,2024-12-08,계약직,2025-06-07,181
E00517,2013-11-05,정규직,2017-02-27,1210
E00518,2014-06-18,정규직,,4246
E00519,2019-07-09,정규직,,2399
E00520,2013-12-25,정규직,2020-09-30,2471
E00521,2016-11-04,정규직,2024-07-09,2804
E00522,2017-10-11,정규직,2026-01-14,3017
E00523,2021-05-19,계약직,2023-04-07,688
E00523,2023-04-08,계약직,2024-05-27,415
E00523,2024-05-28,정규직,,614
E00524,2021-07-23,정규직,,1654
E00525,2017-07-26,계약직,2018-08-17,387
E00525,2018-08-18,정규직,,2724
E00526,2016-11-14,정규직,2024-03-20,2683
E00527,2025-07-19,정규직,,197
E00528,2016-08-23,정규직,2020-11-28,1558
E00529,2021-05-18,정규직,2021-07-09,52
E00530,2016-10-27,정규직,,3384
E00531,2019-04-05,정규직,,2494
E00532,2015-12-26,정규직,,3690
E00533,2020-02-22,정규직,,2171
E00534,2020-06-06,정규직,,2066
E00535,2012-05-14,정규직,2024-11-11,4564
E00536,2025-02-12,정규직,,354
E00537,2011-09-22,정규직,,5246
E00538,2016-12-26,정규직,2023-04-17,2303
E00539,2021-06-10,정규직,,1697
E00540,2023-05-21,정규직,2023-11-11,174
E00541,2013-05-17,정규직,,4643
E00542,2017-03-11,정규직,2018-08-27,534
E00543,2016-07-08,계약직,2017-01-25,201
E00544,2013-05-31,계약직,2013-08-10,71
E00545,2023-01-25,정규직,,1103
E00546,2020-02-17,정규직,2024-08-18,1644
E00547,2018-02-21,계약직,2019-12-17,664
E00547,2019-12-18,정규직,2024-03-31,1565
E00548,2011-09-24,계약직,2013-09-10,717
E00548,2013-09-11,정규직,2024-02-03,3797
E00549,2016-01-02,계약직,2017-01-14,378
E00550,2019-10-24,계약직,2021-06-26,611
E00550,2021-06-27,정규직,,1680
E00551,2020-04-10,정규직,,2123
E00552,2015-08-18,정규직,,3820
E00553,2023-01-11,정규직,,1117
E00554,2018-07-02,정규직,,2771
E00555,2014-04-05,정규직,,4320
E00556,2020-03-29,계약직,2021-10-16,566
E00556,2021-10-17,정규직,2023-09-28,711
E00557,2017-07-27,정규직,2020-01-03,890
E00558,2019-11-04,정규직,2023-10-12,1438
E00559,2025-10-21,계약직,,103
E00560,2013-02-05,계약직,2014-10-16,618
E00560,2014-10-17,계약직,2016-03-10,510
E00560,2016-03-11,계약직,2017-07-05,481
E00560,2017-07-06,계약직,2017-12-05,152
E00561,2012-12-05,정규직,2022-04-07,3410
E00562,2011-11-26,정규직,2023-06-24,4228
E00563,2013-09-15,정규직,2016-12-24,1196
E00564,2019-08-23,계약직,2021-07-12,689
E00565,2011-12-30,정규직,2016-03-15,1537
E00566,2020-01-23,정규직,,2201
E00567,2013-01-01,정규직,2018-01-13,1838
E00568,2011-04-11,정규직,2025-03-11,5083
E00569,2014-03-10,정규직,,4346
E00570,2021-07-13,계약직,2022-07-29,381
E00570,2022-07-30,정규직,2023-01-11,165
E00571,2018-05-19,계약직,2019-07-03,410
E00571,2019-07-04,계약직,2020-08-21,414
E00572,2019-10-09,계약직,2021-01-04,453
E00572,2021-01-05,정규직,,1853
E00573,2016-12-24,계약직,2018-05-07,499
E00574,2020-08-11,정규직,,2000
E00575,2025-06-10,계약직,,236
E00576,2014-12-12,정규직,,4069
E00577,2017-01-25,계약직,2018-09-27,610
E00577,2018-09-28,계약직,2019-03-08,161
E00578,2014-02-04,계약직,2015-07-26,537
E00578,2015-07-27,계약직,2017-03-21,603
E00578,2017-03-22,계약직,2018-06-01,436
E00578,2018-06-02,계약직,2019-09-24,479
E00578,2019-09-25,계약직,2021-09-03,709
E00578,2021-09-04,계약직,2023-06-15,649
E00578,2023-06-16,정규직,,961
E00579,2012-10-12,계약직,2013-10-18,371
E00579,2013-10-19,정규직,2025-08-02,4305
E00580,2011-04-07,정규직,2012-07-25,475
E00581,2025-06-14,정규직,,232
E00582,2021-06-28,계약직,2022-11-08,498
E00582,2022-11-09,정규직,,1180
E00583,2019-03-27,계약직,2020-10-01,554
E00583,2020-10-02,정규직,2025-06-21,1723
E00584,2015-06-03,정규직,2020-09-03,1919
E00585,2017-08-14,정규직,,3093
E00586,2014-04-05,계약직,2015-12-25,629
E00587,2018-06-19,정규직,2021-10-21,1220
E00588,2020-12-25,정규직,2024-10-30,1405
E00589,2023-03-05,정규직,2023-08-19,167
E00590,2011-11-20,정규직,2017-08-03,2083
E00591,2023-10-30,정규직,2024-03-08,130
E00592,2024-10-07,계약직,,482
E00593,2022-05-29,정규직,2023-08-06,434
E00594,2018-12-05,정규직,2025-07-09,2408
E00595,2024-08-17,계약직,2026-01-18,519
E00595,2026-01-19,계약직,,13
E00596,2013-07-06,정규직,2024-07-09,4021
E00597,2018-02-08,계약직,2019-04-17,433
E00597,2019-04-18,정규직,,2481
E00598,2024-08-26,정규직,2026-01-25,517
E00599,2016-08-15,계약직,2018-08-05,720
E00599,2018-08-06,계약직,2020-03-06,578
E00599,2020-03-07,정규직,2020-05-31,85
E00600,2014-06-16,계약직,2016-01-13,576
E00600,2016-01-14,계약직,2017-09-19,614
E00600,2017-09-20,계약직,2019-02-09,507
E00600,2019-02-10,정규직,2022-07-19,1255
E00601,2011-02-09,정규직,2014-01-24,1080
E00602,2022-08-13,정규직,2024-01-05,510
E00603,2023-07-30,계약직,2023-12-09,132
E00604,2022-05-19,정규직,2024-01-22,613
E00605,2017-03-03,정규직,2024-03-13,2567
E00606,2019-12-27,정규직,2020-11-06,315
E00607,2016-05-03,계약직,2017-11-01,547
E00607,2017-11-02,정규직,2018-08-03,274
E00608,2019-07-13,정규직,2023-03-05,1331
E00609,2016-07-19,계약직,2018-03-07,596
E00609,2018-03-08,정규직,2022-01-29,1423
E00610,2016-04-25,정규직,,3569
E00611,2015-04-29,정규직,2020-06-16,1875
E00612,2013-08-11,계약직,2014-09-04,389
E00612,2014-09-05,계약직,2016-01-06,488
E00612,2016-01-07,계약직,2017-10-21,653
E00612,2017-10-22,정규직,2021-01-20,1186
E00613,2020-06-26,계약직,2022-04-04,647
E00613,2022-04-05,정규직,,1398
E00614,2011-08-23,정규직,2025-07-19,5079
E00615,2024-07-30,계약직,2026-01-13,532
E00615,2026-01-14,계약직,,18
E00616,2015-04-28,정규직,,3932
E00617,2017-06-08,계약직,2018-08-20,438
E00617,2018-08-21,계약직,2020-05-22,640
E00617,2020-05-23,정규직,2024-11-28,1650
E00618,2016-06-21,정규직,2019-12-25,1282
E00619,2025-08-19,정규직,,166
E00620,2013-11-13,정규직,2017-05-14,1278
E00621,2020-12-14,정규직,2024-03-16,1188
E00622,2011-05-20,계약직,2012-09-16,485
E00622,2012-09-17,정규직,2024-03-05,4187
E00623,2018-06-05,정규직,2022-08-05,1522
E00624,2020-04-30,정규직,,2103
E00625,2018-06-29,정규직,,2774
E00626,2021-06-14,정규직,2026-01-23,1684
E00627,2020-06-09,정규직,,2063
E00628,2021-11-20,정규직,,1534
E00629,2016-08-14,정규직,2020-03-31,1325
E00630,2022-01-11,정규직,2024-07-06,907
E00631,2022-07-03,정규직,,1309
E00632,2012-05-13,정규직,,5012
E00633,2013-11-16,정규직,2017-09-27,1411
E00634,2018-02-28,정규직,2018-04-18,49
E00635,2022-05-25,계약직,2024-03-26,671
E00636,2017-11-26,정규직,2020-09-29,1038
E00637,2021-03-31,정규직,,1768
E00638,2019-07-02,계약직,2020-07-31,395
E00638,2020-08-01,계약직,2022-01-24,541
E00639,2011-12-22,정규직,2021-11-01,3602
E00640,2025-07-02,정규직,,214
E00641,2019-04-02,계약직,2020-11-13,591
E00641,2020-11-14,정규직,2022-06-08,571
E00642,2021-03-01,정규직,2025-12-15,1750
E00643,2022-05-17,정규직,2024-06-21,766
E00644,2014-04-11,정규직,2017-05-15,1130
E00645,2020-11-21,정규직,2024-10-12,1421
E00646,2013-02-27,정규직,,4722
E00647,2023-03-30,정규직,,1039
E00648,2015-02-27,정규직,2023-06-17,3032
E00649,2012-05-21,계약직,2014-02-15,635
E00649,2014-02-16,정규직,2019-11-27,2110
E00650,2020-01-31,정규직,,2193
E00651,2025-03-23,정규직,2025-12-23,275
E00652,2024-01-12,계약직,2025-03-09,422
E00652,2025-03-10,계약직,,328
E00653,2012-01-18,계약직,2013-10-25,646
E00653,2013-10-26,계약직,2015-02-12,474
E00653,2015-02-13,정규직,2022-07-05,2699
E00654,2025-05-29,계약직,,248
E00655,2020-10-20,정규직,,1930
E00656,2022-03-25,정규직,2024-10-22,942
E00657,2011-05-07,정규직,2019-06-22,2968
E00658,2018-01-16,정규직,2021-07-20,1281
E00659,2018-05-14,정규직,,2820
E00660,2015-10-29,정규직,2021-05-14,2024
E00661,2023-09-27,정규직,,858
E00662,2020-04-20,정규직,,2113
E00663,2019-08-12,계약직,2020-09-13,398
E00663,2020-09-14,정규직,,1966
E00664,2022-01-15,정규직,2025-03-19,1159
E00665,2016-12-11,정규직,2018-03-31,475
E00666,2020-08-21,계약직,2021-09-14,389
E00667,2018-07-26,계약직,2020-05-04,648
E00667,2020-05-05,정규직,2025-11-20,2025
E00668,2025-07-01,계약직,,215
E00669,2023-06-09,정규직,2025-03-21,651
E00670,2011-02-16,정규직,2013-01-17,701
E00671,2013-02-06,정규직,2019-06-23,2328
E00672,2021-02-12,정규직,,1815
E00673,2020-01-28,계약직,2021-02-21,390
E00673,2021-02-22,계약직,2021-09-22,212
E00674,2025-10-09,정규직,,115
E00675,2025-06-29,정규직,,217
E00676,2020-03-29,정규직,,2135
E00677,2025-10-04,정규직,2026-01-10,98
E00678,2017-06-01,정규직,2019-09-13,834
E00679,2020-02-16,계약직,2021-08-12,543
E00679,2021-08-13,계약직,2023-02-16,552
E00679,2023-02-17,정규직,,1080
E00680,2013-08-05,정규직,,4563
E00681,2017-10-11,정규직,,3035
E00682,2021-03-19,정규직,2022-10-09,569
E00683,2013-02-19,정규직,2014-12-07,656
E00684,2015-08-28,계약직,2017-07-10,682
E00684,2017-07-11,계약직,2019-06-04,693
E00684,2019-06-05,정규직,2023-11-23,1632
E00685,2020-07-12,정규직,,2030
E00686,2017-01-02,정규직,2017-12-06,338
E00687,2013-12-21,정규직,2014-06-21,182
E00688,2013-12-09,정규직,2025-05-24,4184
E00689,2025-07-17,정규직,,199
E00690,2013-07-06,계약직,2014-04-17,285
E00691,2019-04-12,정규직,2025-11-19,2413
E00692,2011-04-03,정규직,2024-04-26,4772
E00693,2024-03-18,정규직,,685
E00694,2023-09-02,정규직,2024-11-19,444
E00695,2021-02-07,정규직,2025-07-01,1605
E00696,2022-02-03,계약직,2023-02-17,379
E00696,2023-02-18,정규직,,1079
E00697,2017-11-21,정규직,2024-08-02,2446
E00698,2017-09-14,정규직,2020-03-03,901
E00699,2021-07-22,정규직,2021-11-04,105
E00700,2018-03-13,정규직,2024-06-18,2289
E00701,2020-02-29,정규직,,2164
E00702,2022-11-22,정규직,2024-06-07,563
E00703,2015-08-18,계약직,2017-06-17,669
E00703,2017-06-18,정규직,2021-10-21,1586
E00704,2022-08-04,정규직,2025-09-12,1135
E00705,2015-07-20,정규직,2020-12-03,1963
E00706,2020-03-02,정규직,,2162
E00707,2017-05-05,정규직,2024-10-03,2708
E00708,2023-05-19,정규직,,989
E00709,2020-06-12,정규직,2024-11-15,1617
E00710,2025-05-21,정규직,,256
E00711,2018-01-09,정규직,,2945
E00712,2022-12-19,정규직,,1140
E00713,2021-05-14,계약직,2022-07-10,422
E00713,2022-07-11,정규직,,1301
E00714,2021-04-22,정규직,,1746
E00715,2024-02-03,정규직,,729
E00716,2024-11-21,정규직,,437
E00717,2013-03-19,정규직,,4702
E00718,2013-02-18,정규직,,4731
E00719,2021-02-19,정규직,2022-01-19,334
E00720,2016-07-20,계약직,2017-08-16,392
E00720,2017-08-17,정규직,,3090
E00721,2016-07-18,정규직,,3485
E00722,2019-10-29,정규직,2024-01-04,1528
E00723,2020-08-01,정규직,2022-11-12,833
E00724,2016-06-02,정규직,,3531
E00725,2018-04-02,정규직,,2862
E00726,2018-06-20,정규직,,2783
E00727,2022-12-05,계약직,2024-03-02,453
E00727,2024-03-03,정규직,2024-04-05,33
E00728,2017-09-15,정규직,,3061
E00729,2017-12-29,정규직,2024-09-08,2445
E00730,2014-08-23,정규직,2021-04-01,2413
E00731,2020-07-03,정규직,2021-05-03,304
E00732,2014-04-24,정규직,,4301
E00733,2014-11-22,정규직,2020-03-08,1933
E00734,2017-09-14,계약직,2019-04-24,587
E00734,2019-04-25,정규직,2023-05-28,1494
E00735,2017-12-02,계약직,2019-05-10,524
E00735,2019-05-11,정규직,2023-09-22,1595
E00736,2013-06-05,정규직,,4624
E00737,2021-04-09,계약직,2022-11-07,577
E00737,2022-11-08,정규직,,1181
E00738,2023-09-12,정규직,,873
E00739,2022-12-16,계약직,2024-03-11,451
E00739,2024-03-12,계약직,2026-01-21,680
E00739,2026-01-22,정규직,,10
E00740,2011-03-19,정규직,2013-04-28,771
E00741,2025-08-23,정규직,,162
E00742,2024-04-11,정규직,,661
E00743,2015-08-31,정규직,,3807
E00744,2016-03-04,정규직,2020-09-14,1655
E00745,2014-05-04,정규직,2022-07-31,3010
E00746,2018-03-27,정규직,,2868
E00747,2024-08-31,계약직,,519
E00748,2013-12-31,정규직,2025-05-05,4143
E00749,2020-04-14,계약직,2021-05-22,403
E00749,2021-05-23,정규직,,1715
E00750,2025-09-26,정규직,,128
E00751,2011-03-16,정규직,2011-07-10,116
E00752,2018-02-15,계약직,2019-08-11,542
E00752,2019-08-12,정규직,,2365
E00753,2015-09-29,계약직,2017-08-23,694
E00753,2017-08-24,계약직,2018-12-21,484
E00753,2018-12-22,정규직,2023-04-04,1564
E00754,2020-03-26,정규직,2022-12-29,1008
E00755,2017-02-15,정규직,2024-02-04,2545
E00756,2018-06-13,정규직,,2790
E00757,2012-04-22,계약직,2013-05-29,402
E00757,2013-05-30,정규직,2016-02-09,985
E00758,2017-07-02,계약직,2019-03-10,616
E00758,2019-03-11,정규직,2026-01-27,2514
E00759,2012-09-05,정규직,,4897
E00760,2021-01-11,정규직,,1847
E00761,2016-03-14,정규직,2022-01-17,2135
E00762,2012-09-11,계약직,2014-08-05,693
E00762,2014-08-06,계약직,2015-12-04,485
E00763,2022-07-04,정규직,2025-02-01,943
E00764,2025-03-22,계약직,,316
E00765,2011-08-15,정규직,2015-04-10,1334
E00766,2025-03-31,정규직,,307
E00767,2025-03-18,정규직,,320
E00768,2022-12-17,정규직,,1142
E00769,2014-09-13,정규직,2018-10-19,1497
E00770,2024-10-20,정규직,,469
E00771,2022-01-06,정규직,2025-04-09,1189
E00772,2018-01-22,정규직,,2932
E00773,2015-11-15,정규직,2022-04-19,2347
E00774,2013-02-09,정규직,2016-06-20,1227
E00775,2012-02-01,계약직,2013-03-10,403
E00775,2013-03-11,계약직,2014-04-25,410
E00775,2014-04-26,계약직,2016-01-09,623
E00775,2016-01-10,정규직,2023-01-04,2551
E00776,2018-07-04,정규직,2022-08-11,1499
E00777,2021-03-28,계약직,2021-07-18,112
E00778,2017-05-14,정규직,,3185
E00779,2011-03-04,계약직,2013-01-29,697
E00779,2013-01-30,정규직,2016-02-28,1124
E00780,2016-08-23,정규직,2025-04-06,3148
E00781,2025-02-17,정규직,,349
E00782,2019-01-27,계약직,2020-09-12,594
E00782,2020-09-13,정규직,,1967
E00783,2024-12-09,계약직,,419
E00784,2012-06-30,계약직,2013-08-11,407
E00784,2013-08-12,정규직,2023-07-07,3616
E00785,2016-03-19,정규직,2018-11-23,979
E00786,2015-02-26,정규직,,3993
E00787,2019-05-06,정규직,,2463
E00788,2014-03-26,정규직,2015-09-21,544
E00789,2012-03-04,정규직,2018-03-08,2195
E00790,2014-06-01,정규직,,4263
E00791,2017-09-25,정규직,2021-12-16,1543
E00792,2011-07-30,정규직,2016-11-27,1947
E00793,2013-06-16,정규직,2014-07-01,380
E00794,2015-07-06,정규직,2023-02-02,2768
E00795,2018-08-02,정규직,2020-12-25,876
E00796,2014-07-20,계약직,2016-06-14,695
E00796,2016-06-15,정규직,,3518
E00797,2018-05-04,정규직,,2830
E00798,2017-12-25,정규직,2023-11-15,2151
E00799,2012-12-13,정규직,2021-02-18,2989
E00800,2019-09-09,정규직,,2337
E00801,2018-07-02,계약직,2020-05-04,672
E00801,2020-05-05,계약직,2021-10-21,534
E00801,2021-10-22,정규직,,1563
E00802,2016-08-25,정규직,2021-01-30,1619
E00803,2023-11-29,계약직,2025-05-04,522
E00803,2025-05-05,계약직,,272
E00804,2018-11-03,정규직,,2647
E00805,2025-04-11,정규직,,296
E00806,2020-12-10,계약직,2022-01-21,407
E00806,2022-01-22,정규직,,1471
E00807,2017-11-29,정규직,,2986
E00808,2024-12-27,계약직,,401
E00809,2024-02-10,정규직,,722
E00810,2023-06-16,계약직,2024-11-07,510
E00811,2013-06-21,계약직,2014-08-06,411
E00811,2014-08-07,계약직,2016-03-09,580
E00811,2016-03-10,정규직,,3615
E00812,2016-01-09,정규직,,3676
E00813,2015-02-07,정규직,2025-06-23,3789
E00814,2015-03-14,계약직,2016-09-02,538
E00814,2016-09-03,계약직,2018-05-08,612
E00814,2018-05-09,정규직,,2825
E00815,2021-02-15,계약직,2022-05-04,443
E00815,2022-05-05,정규직,,1368
E00816,2012-10-24,계약직,2013-12-13,415
E00816,2013-12-14,정규직,2023-02-03,3338
E00817,2013-05-26,정규직,2014-07-10,410
E00818,2023-05-31,계약직,2025-02-22,633
E00818,2025-02-23,정규직,,343
E00819,2017-04-17,정규직,2017-10-27,193
E00820,2022-12-10,계약직,2024-02-14,431
E00820,2024-02-15,정규직,,717
E00821,2025-02-09,정규직,,357
E00822,2020-01-29,정규직,2023-10-17,1357
E00823,2018-02-27,정규직,2019-05-25,452
E00824,2011-06-06,정규직,2023-03-16,4301
E00825,2016-12-09,계약직,2018-07-20,588
E00825,2018-07-21,정규직,2024-02-16,2036
E00826,2016-01-25,정규직,,3660
E00827,2021-05-18,계약직,2022-12-29,590
E00828,2013-05-31,정규직,2019-05-27,2187
E00829,2015-09-19,계약직,2017-05-04,593
E00829,2017-05-05,정규직,,3194
E00830,2015-01-31,정규직,2021-08-27,2400
E00831,2019-04-15,계약직,2020-12-09,604
E00831,2020-12-10,계약직,2022-03-18,463
E00831,2022-03-19,정규직,2025-06-21,1190
E00832,2012-06-17,계약직,2014-01-27,589
E00832,2014-01-28,정규직,2025-04-30,4110
E00833,2017-02-11,정규직,2019-02-23,742
E00834,2016-02-19,정규직,2020-06-09,1572
E00835,2020-08-03,정규직,,2008
E00836,2011-12-07,계약직,2013-03-17,466
E00836,2013-03-18,계약직,2014-05-26,434
E00836,2014-05-27,계약직,2015-06-21,390
E00836,2015-06-22,계약직,2016-12-27,554
E00836,2016-12-28,정규직,2020-07-02,1282
E00837,2021-09-15,정규직,,1600
E00838,2013-12-11,계약직,2015-02-11,427
E00838,2015-02-12,정규직,2022-03-21,2594
E00839,2017-09-14,계약직,2019-01-30,503
E00839,2019-01-31,정규직,2024-05-17,1933
E00840,2020-05-30,정규직,,2073
E00841,2015-01-20,계약직,2016-03-05,410
E00841,2016-03-06,계약직,2017-06-26,477
E00841,2017-06-27,계약직,2018-12-21,542
E00841,2018-12-22,계약직,2020-07-20,576
E00841,2020-07-21,정규직,2022-06-18,697
E00842,2021-05-20,정규직,,1718
E00843,2020-01-08,정규직,2020-12-21,348
E00844,2018-01-31,계약직,2019-08-09,555
E00844,2019-08-10,정규직,,2367
E00845,2016-07-09,정규직,2022-05-25,2146
E00846,2018-04-23,정규직,2021-03-18,1060
E00847,2023-06-18,계약직,2024-08-06,415
E00848,2021-04-23,계약직,2022-07-01,434
E00848,2022-07-02,정규직,,1310
E00849,2011-05-13,계약직,2013-01-07,605
E00849,2013-01-08,계약직,2014-03-19,435
E00849,2014-03-20,계약직,2015-11-14,604
E00849,2015-11-15,정규직,2016-06-10,208
E00850,2017-08-16,정규직,2023-07-01,2145
E00851,2021-01-31,정규직,2023-06-11,861
E00852,2022-07-03,정규직,,1309
E00853,2015-05-27,계약직,2017-03-01,644
E00853,2017-03-02,계약직,2019-01-06,675
E00853,2019-01-07,정규직,2019-06-10,154
E00854,2018-08-25,정규직,,2717
E00855,2019-01-13,정규직,2022-12-26,1443
E00856,2017-04-20,정규직,2022-11-04,2024
E00857,2020-09-28,정규직,2025-04-08,1653
E00858,2017-05-12,정규직,2022-11-06,2004
E00859,2018-10-04,계약직,2020-05-24,598
E00859,2020-05-25,정규직,,2078
E00860,2016-03-25,계약직,2017-12-04,619
E00860,2017-12-05,정규직,2023-02-01,1884
E00861,2026-01-01,정규직,,31
E00862,2025-10-27,정규직,,97
E00863,2016-07-16,정규직,2016-09-11,57
E00864,2023-09-16,정규직,,869
E00865,2020-03-12,정규직,2025-11-26,2085
E00866,2019-06-17,정규직,,2421
E00867,2024-10-18,정규직,2025-01-27,101
E00868,2020-08-04,정규직,2023-02-20,930
E00869,2014-08-12,정규직,,4191
E00870,2011-03-21,정규직,,5431
E00871,2024-09-21,계약직,2025-10-24,398
E00871,2025-10-25,계약직,,99
E00872,2018-08-20,정규직,2020-07-28,708
E00873,2012-07-18,계약직,2014-04-26,647
E00873,2014-04-27,정규직,2017-10-14,1266
E00874,2025-05-08,계약직,,269
E00875,2022-11-02,정규직,2023-05-08,187
E00876,2021-06-01,계약직,2022-10-07,493
E00876,2022-10-08,계약직,2024-04-06,546
E00876,2024-04-07,계약직,2024-05-19,42
E00877,2019-03-07,정규직,,2523
E00878,2016-12-19,정규직,,3331
E00879,2015-09-07,정규직,2022-12-24,2665
E00880,2018-08-22,정규직,2021-11-14,1180
E00881,2021-06-08,계약직,2022-08-14,432
E00881,2022-08-15,정규직,2022-09-14,30
E00882,2018-08-29,정규직,,2713
E00883,2014-12-10,계약직,2016-03-07,453
E00883,2016-03-08,계약직,2016-09-15,191
E00884,2015-02-14,정규직,2017-04-19,795
E00885,2021-10-15,정규직,,1570
E00886,2016-03-15,정규직,2018-01-18,674
E00887,2023-07-18,계약직,2024-08-17,396
E00887,2024-08-18,계약직,,532
E00888,2019-08-11,정규직,2023-10-02,1513
E00889,2018-10-02,정규직,2025-08-01,2495
E00890,2020-10-21,계약직,2021-11-10,385
E00890,2021-11-11,정규직,2024-11-28,1113
E00891,2023-07-31,정규직,,916
E00892,2012-01-21,정규직,,5125
E00893,2014-02-05,계약직,2015-10-04,606
E00893,2015-10-05,정규직,,3772
E00894,2011-12-16,계약직,2013-03-21,461
E00894,2013-03-22,정규직,2014-09-10,537
E00895,2018-01-21,계약직,2019-02-13,388
E00895,2019-02-14,계약직,2020-07-31,533
E00895,2020-08-01,정규직,,2010
E00896,2018-01-03,계약직,2019-08-13,587
E00896,2019-08-14,계약직,2021-03-25,589
E00896,2021-03-26,계약직,2022-10-08,561
E00896,2022-10-09,정규직,2025-07-02,997
E00897,2018-07-13,정규직,2021-03-12,973
E00898,2013-05-01,정규직,,4659
E00899,2019-12-03,정규직,2024-08-26,1728
E00900,2013-08-03,계약직,2014-12-16,500
E00900,2014-12-17,계약직,2016-07-20,581
E00900,2016-07-21,정규직,2021-01-28,1652
E00901,2014-12-30,정규직,2023-02-26,2980
E00902,2012-09-17,계약직,2014-06-22,643
E00902,2014-06-23,정규직,2015-05-03,314
E00903,2012-11-02,정규직,2023-09-20,3974
E00904,2019-11-19,정규직,,2266
E00905,2025-04-15,정규직,,292
E00906,2021-03-10,정규직,,1789
E00907,2015-08-11,계약직,2016-11-02,449
E00907,2016-11-03,계약직,2018-04-30,543
E00907,2018-05-01,정규직,,2833
E00908,2018-12-30,계약직,2020-06-26,544
E00908,2020-06-27,계약직,2022-02-03,586
E00908,2022-02-04,정규직,2024-06-12,859
E00909,2017-11-24,계약직,2018-12-22,393
E00909,2018-12-23,정규직,2023-05-09,1598
E00910,2015-04-11,정규직,2017-09-20,893
E00911,2013-03-21,정규직,2016-11-30,1350
E00912,2025-08-24,계약직,,161
E00913,2013-02-23,정규직,2022-06-12,3396
E00914,2020-08-26,정규직,2020-11-09,75
E00915,2017-08-25,계약직,2019-08-06,711
E00915,2019-08-07,계약직,2020-06-18,316
E00916,2023-03-29,정규직,,1040
E00917,2020-06-02,정규직,2020-09-28,118
E00918,2023-11-08,정규직,,816
E00919,2017-05-26,정규직,,3173
E00920,2012-09-28,계약직,2013-10-13,380
E00920,2013-10-14,계약직,2015-09-10,696
E00921,2019-07-14,정규직,,2394
E00922,2019-11-15,정규직,,2270
E00923,2016-03-27,정규직,,3598
E00924,2017-08-09,정규직,,3098
E00925,2025-09-05,정규직,,149
E00926,2024-11-07,정규직,2025-09-26,323
E00927,2016-03-12,정규직,2022-12-02,2456
E00928,2011-09-21,정규직,2015-06-01,1349
E00929,2020-11-07,계약직,2021-11-19,377
E00929,2021-11-20,계약직,2023-08-01,619
E00929,2023-08-02,정규직,,914
E00930,2017-06-13,계약직,2018-08-11,424
E00930,2018-08-12,정규직,2019-01-15,156
E00931,2025-11-14,정규직,,79
E00932,2017-04-10,정규직,,3219
E00933,2011-03-03,계약직,2012-07-25,510
E00933,2012-07-26,계약직,2014-04-02,615
E00933,2014-04-03,정규직,,4322
E00934,2018-02-24,정규직,2025-04-16,2608
E00935,2022-05-28,정규직,2025-05-11,1079
E00936,2022-10-30,정규직,2023-02-17,110
E00937,2020-09-28,계약직,2021-11-10,408
E00937,2021-11-11,계약직,2023-04-22,527
E00937,2023-04-23,계약직,2025-04-19,727
E00937,2025-04-20,정규직,2025-10-26,189
E00938,2025-05-23,정규직,,254
E00939,2014-01-24,계약직,2015-04-13,444
E00939,2015-04-14,계약직,2017-04-05,722
E00939,2017-04-06,계약직,2017-06-10,65
E00940,2020-07-15,정규직,,2027
E00941,2023-04-09,정규직,,1029
E00942,2012-06-16,정규직,2013-10-17,488
E00943,2013-01-13,정규직,2016-11-05,1392
E00944,2022-10-02,계약직,2023-10-14,377
E00944,2023-10-15,정규직,,840
E00945,2013-05-08,정규직,2019-03-23,2145
E00946,2025-04-15,정규직,2025-08-15,122
E00947,2023-01-14,계약직,2024-03-19,430
E00947,2024-03-20,계약직,2025-05-02,408
E00947,2025-05-03,정규직,2026-01-06,248
E00948,2025-07-11,정규직,,205
E00949,2020-11-27,계약직,2022-07-29,609
E00949,2022-07-30,정규직,,1282
E00950,2011-03-26,계약직,2013-01-12,658
E00950,2013-01-13,정규직,2020-05-28,2692
E00951,2022-10-24,계약직,2024-09-15,692
E00951,2024-09-16,정규직,,503
E00952,2019-01-03,정규직,,2586
E00953,2018-11-20,정규직,2025-09-08,2484
E00954,2013-01-06,정규직,,4774
E00955,2017-04-16,계약직,2019-01-22,646
E00955,2019-01-23,계약직,2020-04-24,457
E00955,2020-04-25,계약직,2021-06-29,430
E00955,2021-06-30,정규직,2023-09-10,802
E00956,2014-02-10,계약직,2014-08-11,182
E00957,2015-05-22,계약직,2017-02-09,629
E00957,2017-02-10,정규직,2025-04-27,2998
E00958,2013-03-24,정규직,2019-09-01,2352
E00959,2011-12-27,정규직,2013-12-28,732
E00960,2016-06-30,계약직,2017-12-23,541
E00960,2017-12-24,계약직,2019-09-14,629
E00960,2019-09-15,계약직,2020-10-23,404
E00960,2020-10-24,정규직,,1926
E00961,2023-06-25,정규직,2024-03-02,251
E00962,2019-12-21,정규직,,2234
E00963,2012-08-23,정규직,2022-10-19,3709
E00964,2022-07-23,정규직,,1289
E00965,2018-09-11,정규직,2025-07-30,2514
E00966,2021-08-02,정규직,2024-04-23,995
E00967,2023-05-22,정규직,,986
E00968,2022-09-15,계약직,2023-12-01,442
E00968,2023-12-02,정규직,2025-06-27,573
E00969,2022-02-16,정규직,,1446
E00970,2019-11-11,계약직,2021-04-30,536
E00970,2021-05-01,계약직,2023-02-12,652
E00970,2023-02-13,정규직,,1084
E00971,2025-10-28,계약직,,96
E00972,2020-05-07,정규직,,2096
E00973,2017-07-27,정규직,,3111
E00974,2016-01-26,정규직,2018-01-23,728
E00975,2024-12-02,정규직,2025-04-23,142
E00976,2016-01-10,계약직,2017-08-09,577
E00976,2017-08-10,계약직,2018-08-24,379
E00976,2018-08-25,정규직,2025-06-02,2473
E00977,2019-08-01,정규직,,2376
E00978,2018-02-07,정규직,2022-10-16,1712
E00979,2017-04-24,계약직,2018-12-26,611
E00979,2018-12-27,정규직,2024-02-18,1879
E00980,2017-05-24,계약직,2018-12-16,571
E00980,2018-12-17,정규직,2019-01-28,42
E00981,2021-06-20,정규직,2026-01-02,1657
E00982,2023-08-15,정규직,,901
E00983,2018-01-01,정규직,2024-08-13,2416
E00984,2011-07-12,정규직,2015-09-08,1519
E00985,2011-09-13,정규직,2025-10-04,5135
E00986,2016-01-11,정규직,2023-07-04,2731
E00987,2014-12-06,정규직,2020-09-27,2122
E00988,2011-06-22,계약직,2012-12-13,540
E00988,2012-12-14,계약직,2014-02-17,430
E00988,2014-02-18,계약직,2015-11-07,627
E00988,2015-11-08,정규직,2017-06-26,596
E00989,2016-10-30,정규직,2018-10-16,716
E00990,2024-04-29,정규직,,643
E00991,2015-01-05,정규직,,4045
E00992,2013-02-04,정규직,2020-11-11,2837
E00993,2024-10-24,정규직,,465
E00994,2024-08-28,정규직,,522
E00995,2014-04-19,정규직,2024-07-19,3744
E00996,2014-07-26,정규직,2016-03-10,593
E00997,2011-10-13,정규직,,5225
E00998,2013-04-18,계약직,2014-07-07,445
E00998,2014-07-08,계약직,2016-04-27,659
E00998,2016-04-28,계약직,2017-08-02,461
E00998,2017-08-03,계약직,2018-07-13,344
E00999,2023-03-04,계약직,2024-10-27,603
E00999,2024-10-28,정규직,,461
E01000,2018-02-03,정규직,2022-06-01,1579
