EMP_ID,JOB_ID,JOB_APP_START_DATE,JOB_APP_END_DATE
E00001,JOB024,2014-11-01,2021-09-29
E00002,JOB019,2013-11-07,2015-11-07
E00002,JOB018,2015-11-08,2017-11-07
E00002,JOB021,2017-11-08,2023-11-07
E00002,JOB024,2023-11-08,
E00003,JOB015,2023-10-17,
E00004,JOB021,2012-11-23,2018-07-18
E00005,JOB015,2017-11-15,2021-01-08
E00006,JOB024,2025-10-12,
E00007,JOB030,2017-07-13,2022-01-27
E00008,JOB030,2020-12-07,
E00009,JOB030,2023-01-20,
E00010,JOB030,2012-05-13,2020-02-19
E00011,JOB024,2024-09-24,2025-03-23
E00012,JOB009,2014-02-14,2020-02-13
E00012,JOB024,2020-02-14,
E00013,JOB024,2018-03-28,
E00014,JOB027,2018-02-19,2023-04-18
E00015,JOB030,2015-06-30,2021-06-28
E00015,JOB003,2021-06-29,2024-08-07
E00016,JOB024,2017-07-22,2019-02-18
E00017,JOB021,2024-01-14,
E00018,JOB021,2011-07-10,2014-09-13
E00019,JOB021,2024-04-06,
E00020,JOB009,2012-09-01,2021-08-30
E00020,JOB021,2021-08-31,2022-01-03
E00021,JOB021,2017-03-23,2020-03-22
E00021,JOB021,2020-03-23,2024-01-23
E00022,JOB009,2013-08-16,2020-08-14
E00022,JOB021,2020-08-15,2025-03-12
E00023,JOB009,2019-01-29,2022-07-06
E00024,JOB030,2015-05-06,2023-05-04
E00024,JOB021,2023-05-05,2024-11-17
E00025,JOB018,2024-12-04,
E00026,JOB021,2012-09-02,2018-09-01
E00026,JOB021,2018-09-02,2025-01-14
E00027,JOB027,2022-04-24,2024-02-25
E00028,JOB015,2023-05-18,
E00029,JOB024,2022-11-22,
E00030,JOB009,2017-08-18,2025-09-10
E00031,JOB009,2017-04-17,2023-04-16
E00031,JOB009,2023-04-17,2025-08-21
E00032,JOB024,2020-03-19,2022-09-25
E00033,JOB024,2018-10-20,2021-02-18
E00034,JOB030,2024-06-22,
E00035,JOB009,2020-01-13,
E00036,JOB027,2021-04-01,
E00037,JOB021,2022-06-26,2023-09-28
E00038,JOB027,2023-01-15,2024-10-01
E00039,JOB003,2018-02-17,
E00040,JOB018,2018-07-04,2022-06-17
E00041,JOB024,2019-10-09,2021-05-04
E00042,JOB021,2018-08-10,2025-08-08
E00042,JOB027,2025-08-09,2025-12-23
E00043,JOB015,2015-04-20,2017-05-17
E00044,JOB024,2022-01-12,
E00045,JOB021,2023-05-10,2024-11-05
E00046,JOB015,2025-07-25,
E00047,JOB009,2022-12-05,
E00048,JOB021,2015-03-15,2021-03-13
E00048,JOB024,2021-03-14,2021-05-14
E00049,JOB018,2023-07-22,
E00050,JOB021,2015-09-25,2022-09-23
E00050,JOB027,2022-09-24,2023-08-07
E00051,JOB024,2023-06-14,
E00052,JOB024,2022-02-19,
E00053,JOB019,2014-07-03,2021-07-01
E00053,JOB021,2021-07-02,
E00054,JOB024,2024-02-23,
E00055,JOB027,2023-05-06,
E00056,JOB024,2016-05-27,
E00057,JOB027,2014-09-29,2020-09-27
E00057,JOB024,2020-09-28,2022-01-20
E00058,JOB009,2019-08-05,2020-12-19
E00059,JOB009,2018-03-04,2022-03-15
E00060,JOB024,2016-11-28,2023-04-19
E00061,JOB015,2025-03-03,
E00062,JOB007,2014-01-23,2024-12-01
E00063,JOB018,2025-08-25,
E00064,JOB024,2014-10-24,2021-06-06
E00065,JOB003,2013-01-23,2020-01-22
E00065,JOB024,2020-01-23,2025-12-10
E00066,JOB009,2024-02-11,
E00067,JOB024,2024-02-13,2026-01-26
E00068,JOB024,2016-03-13,2023-03-12
E00068,JOB009,2023-03-13,
E00069,JOB024,2022-02-01,2024-07-04
E00070,JOB030,2016-07-22,2024-07-20
E00070,JOB021,2024-07-21,
E00071,JOB021,2018-12-04,
E00072,JOB015,2021-08-06,2024-08-05
E00072,JOB021,2024-08-06,2025-06-16
E00073,JOB021,2017-12-24,2024-01-18
E00074,JOB030,2022-08-08,2025-08-07
E00074,JOB007,2025-08-08,
E00075,JOB009,2015-08-24,2018-12-07
E00076,JOB009,2017-09-06,
E00077,JOB024,2025-05-27,
E00078,JOB009,2021-11-10,2024-04-23
E00079,JOB021,2014-11-11,2022-11-09
E00079,JOB021,2022-11-10,2024-01-03
E00080,JOB015,2022-02-09,2022-04-06
E00081,JOB021,2014-04-07,2021-04-05
E00081,JOB021,2021-04-06,
E00082,JOB029,2019-05-14,
E00083,JOB024,2011-08-23,2014-08-22
E00083,JOB021,2014-08-23,2022-08-21
E00083,JOB021,2022-08-22,2023-06-13
E00084,JOB021,2013-06-15,2015-12-04
E00085,JOB007,2013-07-03,2014-02-25
E00086,JOB021,2011-11-13,2016-11-11
E00086,JOB021,2016-11-12,2018-11-12
E00086,JOB021,2018-11-13,2020-06-28
E00087,JOB021,2023-01-21,
E00088,JOB030,2022-02-22,
E00089,JOB009,2021-05-30,2024-05-29
E00089,JOB009,2024-05-30,
E00090,JOB021,2011-10-06,2015-02-07
E00091,JOB027,2021-07-02,2021-11-17
E00092,JOB009,2019-10-10,2021-10-09
E00092,JOB021,2021-10-10,
E00093,JOB024,2014-02-19,2015-06-27
E00094,JOB030,2016-10-13,2019-02-08
E00095,JOB030,2018-06-26,2022-06-25
E00095,JOB018,2022-06-26,
E00096,JOB021,2025-02-21,
E00097,JOB007,2022-10-05,
E00098,JOB024,2013-08-12,2019-09-07
E00099,JOB021,2021-03-30,2025-07-13
E00100,JOB009,2020-09-03,2025-02-27
E00101,JOB030,2016-10-23,2018-09-12
E00102,JOB021,2016-12-26,2020-04-12
E00103,JOB015,2016-07-04,2023-07-03
E00103,JOB024,2023-07-04,2024-04-02
E00104,JOB021,2011-02-24,2015-02-23
E00104,JOB009,2015-02-24,2016-11-06
E00105,JOB021,2023-12-15,
E00106,JOB024,2025-01-29,
E00107,JOB021,2018-01-28,2019-10-19
E00108,JOB024,2014-09-06,2016-02-26
E00109,JOB030,2020-06-18,2024-06-01
E00110,JOB021,2019-01-09,2022-05-31
E00111,JOB027,2017-12-20,2020-05-03
E00112,JOB030,2019-02-02,2025-03-28
E00113,JOB024,2024-01-13,
E00114,JOB024,2016-04-17,
E00115,JOB027,2011-11-29,2012-09-18
E00116,JOB021,2014-06-19,2018-06-18
E00116,JOB021,2018-06-19,
E00117,JOB024,2011-12-09,2020-12-06
E00117,JOB024,2020-12-07,
E00118,JOB009,2024-09-10,
E00119,JOB027,2019-12-01,
E00120,JOB009,2024-12-26,
E00121,JOB027,2019-02-18,
E00122,JOB019,2022-04-15,
E00123,JOB024,2013-06-08,2021-07-24
E00124,JOB009,2023-11-06,2025-03-13
E00125,JOB024,2025-11-12,
E00126,JOB024,2024-06-03,
E00127,JOB015,2015-06-14,2025-06-11
E00127,JOB015,2025-06-12,
E00128,JOB021,2012-01-04,2018-01-02
E00128,JOB021,2018-01-03,
E00129,JOB021,2017-10-22,2019-01-14
E00130,JOB015,2018-02-08,2025-02-04
E00131,JOB027,2021-08-16,
E00132,JOB027,2012-06-24,2021-06-22
E00132,JOB027,2021-06-23,2025-02-28
E00133,JOB024,2011-04-07,2016-05-17
E00134,JOB030,2021-11-11,2025-07-28
E00135,JOB007,2024-11-19,
E00136,JOB024,2025-03-18,
E00137,JOB024,2018-03-30,2024-08-13
E00138,JOB015,2025-08-18,
E00139,JOB009,2021-04-18,2023-07-23
E00140,JOB030,2017-12-25,
E00141,JOB021,2020-08-31,
E00142,JOB009,2015-01-30,2017-10-29
E00143,JOB030,2023-11-06,
E00144,JOB024,2023-01-03,
E00145,JOB009,2019-03-12,2025-01-01
E00146,JOB030,2021-12-25,2025-12-19
E00147,JOB021,2020-05-31,
E00148,JOB027,2014-02-05,2020-08-18
E00149,JOB024,2025-03-06,2025-04-29
E00150,JOB009,2014-10-12,2023-06-02
E00151,JOB021,2023-10-03,
E00152,JOB009,2023-01-06,2025-04-08
E00153,JOB021,2018-09-24,2023-06-26
E00154,JOB030,2011-08-17,2015-08-16
E00154,JOB027,2015-08-17,2018-09-20
E00155,JOB024,2014-05-16,2022-05-14
E00155,JOB009,2022-05-15,
E00156,JOB009,2023-10-02,
E00157,JOB030,2012-08-25,2020-08-23
E00157,JOB021,2020-08-24,2025-02-11
E00158,JOB030,2020-09-11,
E00159,JOB027,2022-03-07,2022-07-25
E00160,JOB024,2023-12-23,
E00161,JOB021,2012-02-09,2012-06-24
E00162,JOB012,2011-05-26,2017-02-11
E00163,JOB019,2025-10-04,
E00164,JOB029,2021-07-31,
E00165,JOB024,2015-04-14,2017-08-22
E00166,JOB021,2012-08-15,2024-08-12
E00166,JOB019,2024-08-13,
E00167,JOB021,2020-06-12,2024-01-03
E00168,JOB024,2012-06-08,2020-06-06
E00168,JOB009,2020-06-07,2022-06-15
E00169,JOB027,2011-09-11,2016-10-31
E00170,JOB024,2017-02-07,2024-02-06
E00170,JOB024,2024-02-07,2024-04-16
E00171,JOB027,2016-08-05,2022-08-04
E00171,JOB007,2022-08-05,
E00172,JOB009,2022-09-30,2024-11-21
E00173,JOB024,2019-09-11,
E00174,JOB030,2019-12-10,2022-03-23
E00175,JOB027,2022-07-30,
E00176,JOB024,2019-02-02,2021-05-04
E00177,JOB015,2018-02-13,2024-02-12
E00177,JOB027,2024-02-13,
E00178,JOB024,2021-04-06,2022-12-29
E00179,JOB012,2017-05-14,2024-05-12
E00179,JOB024,2024-05-13,
E00180,JOB021,2013-05-24,2016-05-23
E00180,JOB021,2016-05-24,2023-05-23
E00180,JOB009,2023-05-24,2023-07-17
E00181,JOB024,2022-10-31,2025-10-30
E00181,JOB024,2025-10-31,
E00182,JOB019,2022-11-28,2023-12-26
E00183,JOB007,2013-07-21,2016-07-20
E00183,JOB029,2016-07-21,
E00184,JOB024,2022-08-18,
E00185,JOB009,2012-01-20,2013-10-21
E00186,JOB007,2012-02-09,2016-05-19
E00187,JOB015,2019-11-08,2025-11-06
E00187,JOB024,2025-11-07,
E00188,JOB015,2013-06-19,2017-06-11
E00189,JOB009,2011-09-18,2017-09-16
E00189,JOB009,2017-09-17,2023-04-27
E00190,JOB015,2020-05-16,2021-10-16
E00191,JOB024,2022-11-19,2025-01-29
E00192,JOB004,2011-12-27,2017-12-25
E00192,JOB009,2017-12-26,2025-12-24
E00192,JOB027,2025-12-25,
E00193,JOB021,2014-06-19,2023-06-17
E00193,JOB018,2023-06-18,
E00194,JOB024,2025-07-28,
E00195,JOB015,2011-08-28,2012-08-24
E00196,JOB027,2016-02-17,2021-01-06
E00197,JOB024,2015-10-20,2018-10-19
E00197,JOB024,2018-10-20,2025-10-18
E00197,JOB009,2025-10-19,
E00198,JOB015,2013-08-24,2017-08-23
E00198,JOB027,2017-08-24,2025-08-22
E00198,JOB021,2025-08-23,
E00199,JOB027,2024-07-06,
E00200,JOB030,2018-09-18,2025-09-16
E00200,JOB027,2025-09-17,
E00201,JOB015,2016-04-29,2019-07-16
E00202,JOB024,2023-04-07,2024-11-26
E00203,JOB009,2020-07-16,2022-02-07
E00204,JOB029,2020-09-15,2025-09-14
E00204,JOB021,2025-09-15,
E00205,JOB030,2012-09-18,2015-09-18
E00206,JOB024,2021-04-02,2022-03-27
E00207,JOB009,2014-06-27,2018-06-26
E00207,JOB009,2018-06-27,2020-04-15
E00208,JOB009,2018-07-25,2023-07-24
E00208,JOB030,2023-07-25,
E00209,JOB024,2014-04-19,2014-07-04
E00210,JOB009,2021-03-08,2023-02-12
E00211,JOB024,2016-12-06,2022-03-30
E00212,JOB030,2025-08-14,
E00213,JOB021,2022-10-16,
E00214,JOB030,2013-12-02,2017-06-22
E00215,JOB024,2018-02-18,
E00216,JOB021,2017-12-27,2018-07-08
E00217,JOB029,2018-01-04,2019-10-25
E00218,JOB012,2019-06-05,
E00219,JOB009,2021-10-29,
E00220,JOB021,2020-11-17,
E00221,JOB009,2012-08-06,2019-11-30
E00222,JOB030,2025-02-07,
E00223,JOB015,2015-05-27,2022-03-05
E00224,JOB019,2014-12-30,2015-08-25
E00225,JOB009,2018-03-03,2025-04-06
E00226,JOB021,2024-09-20,
E00227,JOB024,2019-06-01,
E00228,JOB027,2020-10-03,2024-04-15
E00229,JOB024,2024-10-29,
E00230,JOB024,2012-12-27,2019-10-29
E00231,JOB021,2016-10-06,
E00232,JOB009,2022-12-14,
E00233,JOB021,2012-10-19,2021-10-17
E00233,JOB029,2021-10-18,2023-11-19
E00234,JOB021,2012-11-19,2016-11-18
E00234,JOB021,2016-11-19,2024-11-17
E00234,JOB021,2024-11-18,2025-10-23
E00235,JOB015,2017-06-03,2023-09-03
E00236,JOB027,2017-12-03,
E00237,JOB015,2015-06-27,2019-08-01
E00238,JOB024,2020-12-28,2021-06-25
E00239,JOB029,2013-04-14,2020-06-29
E00240,JOB024,2013-03-02,2020-02-29
E00240,JOB015,2020-03-01,2022-03-01
E00240,JOB015,2022-03-02,2025-01-12
E00241,JOB024,2020-08-18,2022-08-18
E00241,JOB024,2022-08-19,
E00242,JOB018,2014-02-26,2021-02-24
E00242,JOB009,2021-02-25,
E00243,JOB019,2019-09-27,
E00244,JOB013,2020-07-12,2021-11-04
E00245,JOB009,2015-04-09,2017-04-08
E00245,JOB018,2017-04-09,2025-04-07
E00245,JOB024,2025-04-08,2026-01-30
E00246,JOB009,2018-08-25,
E00247,JOB024,2014-05-20,2016-05-19
E00247,JOB030,2016-05-20,2018-08-03
E00248,JOB021,2019-01-09,2026-01-07
E00248,JOB021,2026-01-08,
E00249,JOB024,2015-02-21,2023-02-19
E00249,JOB015,2023-02-20,
E00250,JOB013,2025-10-17,
E00251,JOB009,2018-07-02,2024-06-02
E00252,JOB007,2016-03-07,2017-01-10
E00253,JOB009,2011-08-04,2021-08-01
E00253,JOB024,2021-08-02,
E00254,JOB024,2013-02-06,2023-02-04
E00254,JOB021,2023-02-05,2024-07-06
E00255,JOB021,2019-09-27,2021-08-09
E00256,JOB027,2021-01-07,
E00257,JOB009,2022-07-27,
E00258,JOB024,2018-07-19,2020-07-18
E00258,JOB024,2020-07-19,
E00259,JOB024,2018-10-07,
E00260,JOB015,2018-06-09,2023-03-08
E00261,JOB021,2022-04-19,
E00262,JOB024,2011-07-17,2020-07-14
E00262,JOB024,2020-07-15,
E00263,JOB009,2012-05-28,2019-05-27
E00263,JOB018,2019-05-28,2022-05-27
E00263,JOB019,2022-05-28,2024-08-31
E00264,JOB024,2018-04-05,2024-05-12
E00265,JOB005,2017-12-04,
E00266,JOB024,2018-09-21,2024-09-19
E00266,JOB021,2024-09-20,
E00267,JOB027,2025-06-29,
E00268,JOB030,2015-04-02,2019-11-09
E00269,JOB009,2017-07-23,2018-09-02
E00270,JOB021,2023-02-24,
E00271,JOB009,2025-03-14,
E00272,JOB027,2020-09-24,
E00273,JOB015,2024-07-21,
E00274,JOB009,2017-05-09,2020-05-08
E00274,JOB030,2020-05-09,
E00275,JOB021,2024-08-22,
E00276,JOB024,2025-12-02,
E00277,JOB027,2024-08-26,
E00278,JOB009,2012-02-01,2020-01-02
E00279,JOB021,2020-11-26,
E00280,JOB024,2011-08-31,2016-09-15
E00281,JOB030,2016-02-28,2024-02-26
E00281,JOB030,2024-02-27,
E00282,JOB007,2013-04-11,2018-02-21
E00283,JOB024,2022-05-11,
E00284,JOB024,2020-09-03,2024-06-22
E00285,JOB012,2012-09-16,2020-03-26
E00286,JOB021,2019-12-10,2023-09-26
E00287,JOB030,2014-04-27,2022-06-29
E00288,JOB021,2017-10-12,2021-02-25
E00289,JOB021,2024-03-05,
E00290,JOB027,2016-08-11,2019-02-21
E00291,JOB030,2014-03-02,2022-02-28
E00291,JOB003,2022-03-01,2024-11-24
E00292,JOB024,2023-03-11,2023-04-28
E00293,JOB021,2012-11-22,2024-11-19
E00293,JOB027,2024-11-20,
E00294,JOB027,2024-07-16,
E00295,JOB013,2016-03-31,2017-08-12
E00296,JOB019,2018-01-12,2025-01-10
E00296,JOB021,2025-01-11,2025-08-12
E00297,JOB018,2012-09-05,2015-09-05
E00297,JOB018,2015-09-06,2020-07-09
E00298,JOB009,2013-05-02,2022-04-30
E00298,JOB021,2022-05-01,2023-05-30
E00299,JOB007,2020-05-08,
E00300,JOB013,2013-08-22,2019-02-10
E00301,JOB021,2018-04-18,2025-07-30
E00302,JOB030,2015-03-18,2022-03-04
E00303,JOB024,2019-01-31,
E00304,JOB021,2014-10-23,2025-03-11
E00305,JOB029,2020-09-10,2025-09-09
E00305,JOB029,2025-09-10,
E00306,JOB009,2013-10-29,2023-10-27
E00306,JOB027,2023-10-28,
E00307,JOB024,2021-10-06,
E00308,JOB009,2017-04-28,2024-05-15
E00309,JOB019,2016-11-28,
E00310,JOB021,2025-11-28,
E00311,JOB027,2025-10-15,
E00312,JOB018,2018-05-01,2021-02-22
E00313,JOB021,2014-11-16,2024-11-13
E00313,JOB024,2024-11-14,2025-09-16
E00314,JOB018,2020-10-26,
E00315,JOB007,2020-10-24,2025-10-23
E00315,JOB018,2025-10-24,
E00316,JOB021,2025-05-07,
E00317,JOB030,2014-05-14,2015-05-05
E00318,JOB012,2021-01-05,2024-12-02
E00319,JOB024,2017-03-03,2020-11-06
E00320,JOB024,2014-06-16,2023-02-03
E00321,JOB021,2025-03-15,
E00322,JOB027,2015-07-28,2022-07-26
E00322,JOB021,2022-07-27,2025-12-03
E00323,JOB027,2012-02-10,2014-09-25
E00324,JOB030,2014-04-13,2021-04-11
E00324,JOB030,2021-04-12,2023-01-07
E00325,JOB018,2019-09-23,
E00326,JOB027,2014-08-02,2020-06-02
E00327,JOB015,2021-01-02,2026-01-01
E00327,JOB015,2026-01-02,
E00328,JOB018,2023-03-02,
E00329,JOB029,2014-04-30,2020-10-01
E00330,JOB024,2016-04-15,2016-08-24
E00331,JOB015,2012-10-02,2020-09-30
E00331,JOB024,2020-10-01,2024-06-05
E00332,JOB030,2021-07-20,
E00333,JOB024,2013-05-28,2021-05-26
E00333,JOB024,2021-05-27,2021-11-23
E00334,JOB027,2014-03-25,2021-03-23
E00334,JOB029,2021-03-24,2025-11-05
E00335,JOB009,2017-02-13,2022-11-27
E00336,JOB024,2023-02-20,2025-09-19
E00337,JOB021,2018-08-06,
E00338,JOB021,2025-03-01,
E00339,JOB024,2012-01-18,2023-01-15
E00339,JOB018,2023-01-16,2023-01-17
E00340,JOB024,2020-06-19,2020-10-16
E00341,JOB024,2013-06-06,2020-02-28
E00342,JOB030,2016-01-22,2023-06-12
E00343,JOB030,2023-02-01,2024-03-31
E00344,JOB024,2011-11-03,2019-02-08
E00345,JOB009,2018-12-21,2024-10-24
E00346,JOB027,2011-09-18,2013-08-22
E00347,JOB029,2020-07-01,
E00348,JOB021,2021-08-31,2022-04-14
E00349,JOB024,2021-10-22,
E00350,JOB030,2024-06-17,
E00351,JOB024,2012-04-29,2016-02-29
E00352,JOB027,2013-09-04,2023-09-02
E00352,JOB027,2023-09-03,
E00353,JOB009,2016-12-29,
E00354,JOB024,2025-03-22,
E00355,JOB021,2015-04-09,2017-04-08
E00355,JOB024,2017-04-09,2025-04-07
E00355,JOB021,2025-04-08,2026-01-27
E00356,JOB009,2015-01-29,2021-01-27
E00356,JOB019,2021-01-28,2023-10-31
E00357,JOB009,2011-07-30,2013-07-29
E00357,JOB009,2013-07-30,2020-07-28
E00357,JOB024,2020-07-29,2023-09-22
E00358,JOB030,2024-09-26,
E00359,JOB015,2023-11-04,
E00360,JOB007,2018-05-24,
E00361,JOB009,2014-08-14,2014-11-12
E00362,JOB027,2018-04-30,2025-04-28
E00362,JOB009,2025-04-29,
E00363,JOB021,2016-01-09,2022-01-07
E00363,JOB009,2022-01-08,2023-02-18
E00364,JOB009,2021-11-29,
E00365,JOB015,2020-11-17,
E00366,JOB030,2021-05-20,
E00367,JOB018,2014-05-26,2020-05-24
E00367,JOB030,2020-05-25,
E00368,JOB009,2017-05-16,
E00369,JOB030,2025-02-13,
E00370,JOB019,2021-09-29,2022-03-12
E00371,JOB024,2014-02-05,2018-11-27
E00372,JOB007,2011-08-15,2016-08-13
E00372,JOB024,2016-08-14,2024-08-12
E00372,JOB024,2024-08-13,2025-10-26
E00373,JOB021,2018-11-07,2021-04-28
E00374,JOB015,2017-10-27,2024-10-25
E00374,JOB009,2024-10-26,
E00375,JOB018,2013-04-09,2019-04-08
E00375,JOB021,2019-04-09,2022-11-13
E00376,JOB030,2016-05-18,2024-05-16
E00376,JOB024,2024-05-17,2025-10-30
E00377,JOB009,2025-06-12,
E00378,JOB007,2017-02-26,2018-05-27
E00379,JOB009,2021-12-01,
E00380,JOB021,2018-01-05,2020-05-26
E00381,JOB024,2016-07-10,2022-08-20
E00382,JOB007,2017-06-20,2025-06-18
E00382,JOB029,2025-06-19,
E00383,JOB009,2025-09-12,
E00384,JOB030,2011-06-22,2019-06-20
E00384,JOB024,2019-06-21,
E00385,JOB012,2025-11-01,
E00386,JOB021,2022-01-03,
E00387,JOB027,2021-06-02,2025-06-10
E00388,JOB009,2016-11-28,2022-11-27
E00388,JOB009,2022-11-28,2025-04-21
E00389,JOB030,2025-06-27,
E00390,JOB021,2016-07-05,2023-07-04
E00390,JOB021,2023-07-05,
E00391,JOB021,2019-04-22,
E00392,JOB030,2019-02-11,2024-01-28
E00393,JOB024,2025-03-11,
E00394,JOB021,2016-08-15,2023-08-14
E00394,JOB024,2023-08-15,
E00395,JOB009,2022-10-25,
E00396,JOB009,2018-07-10,2025-07-08
E00396,JOB021,2025-07-09,
E00397,JOB024,2024-05-16,
E00398,JOB021,2012-04-06,2013-12-17
E00399,JOB030,2013-11-09,2017-05-21
E00400,JOB024,2013-06-24,2014-02-03
E00401,JOB021,2016-04-16,2021-07-09
E00402,JOB024,2016-07-30,2022-07-29
E00402,JOB019,2022-07-30,
E00403,JOB021,2011-04-30,2018-11-06
E00404,JOB021,2024-03-21,
E00405,JOB030,2024-05-09,
E00406,JOB009,2019-03-12,2024-03-10
E00406,JOB007,2024-03-11,
E00407,JOB024,2014-08-02,2015-07-08
E00408,JOB009,2019-12-24,2021-01-15
E00409,JOB015,2021-05-28,
E00410,JOB029,2017-01-29,2017-12-25
E00411,JOB021,2016-05-29,2017-02-05
E00412,JOB021,2017-08-21,2025-08-19
E00412,JOB024,2025-08-20,
E00413,JOB024,2018-02-06,
E00414,JOB021,2023-04-17,
E00415,JOB030,2017-10-29,2025-10-27
E00415,JOB024,2025-10-28,
E00416,JOB030,2016-09-23,2018-10-22
E00417,JOB024,2020-02-01,2022-12-28
E00418,JOB029,2024-08-02,
E00419,JOB009,2024-08-05,
E00420,JOB018,2019-07-21,
E00421,JOB024,2019-07-06,
E00422,JOB024,2011-04-06,2021-04-03
E00422,JOB009,2021-04-04,2023-11-10
E00423,JOB009,2011-09-25,2013-05-24
E00424,JOB024,2014-03-20,2019-05-27
E00425,JOB018,2024-01-19,2024-11-08
E00426,JOB021,2011-10-23,2017-10-21
E00426,JOB021,2017-10-22,2021-01-12
E00427,JOB027,2013-06-28,2021-06-26
E00427,JOB007,2021-06-27,2022-04-10
E00428,JOB021,2024-06-22,
E00429,JOB021,2020-02-21,2023-02-20
E00429,JOB009,2023-02-21,2025-04-12
E00430,JOB013,2021-11-15,2025-06-27
E00431,JOB021,2011-04-08,2020-04-05
E00431,JOB030,2020-04-06,2020-06-02
E00432,JOB021,2025-09-28,
E00433,JOB018,2023-10-11,
E00434,JOB012,2015-07-25,2017-07-24
E00434,JOB012,2017-07-25,2020-07-01
E00435,JOB019,2012-02-26,2019-05-01
E00436,JOB024,2018-12-09,2025-12-07
E00436,JOB009,2025-12-08,
E00437,JOB019,2014-12-17,2015-03-26
E00438,JOB030,2020-02-05,
E00439,JOB030,2016-06-01,2023-05-31
E00439,JOB021,2023-06-01,
E00440,JOB009,2013-07-27,2022-05-21
E00441,JOB029,2023-02-06,2023-11-05
E00442,JOB021,2019-12-24,
E00443,JOB030,2011-10-22,2023-11-19
E00444,JOB018,2019-09-30,2019-11-23
E00445,JOB027,2024-10-09,
E00446,JOB009,2020-08-16,
E00447,JOB024,2021-12-01,
E00448,JOB013,2022-04-04,
E00449,JOB009,2020-05-07,2021-02-20
E00450,JOB018,2019-09-13,2020-04-16
E00451,JOB027,2014-10-24,2022-10-22
E00451,JOB007,2022-10-23,
E00452,JOB021,2017-03-02,2025-02-08
E00453,JOB012,2015-04-05,2024-04-02
E00453,JOB009,2024-04-03,2024-11-07
E00454,JOB024,2022-12-18,
E00455,JOB015,2020-08-28,2021-02-22
E00456,JOB027,2022-04-24,
E00457,JOB024,2012-10-08,2019-10-07
E00457,JOB009,2019-10-08,2020-11-15
E00458,JOB021,2021-05-27,
E00459,JOB027,2019-05-21,2025-02-07
E00460,JOB013,2014-04-26,2016-10-11
E00461,JOB021,2019-10-12,2023-02-10
E00462,JOB009,2015-03-07,2024-02-01
E00463,JOB024,2015-11-03,2024-10-31
E00463,JOB024,2024-11-01,
E00464,JOB015,2021-05-27,
E00465,JOB009,2023-05-28,
E00466,JOB027,2015-10-28,2023-08-06
E00467,JOB019,2024-06-21,
E00468,JOB015,2011-02-04,2019-02-02
E00468,JOB013,2019-02-03,2026-02-01
E00469,JOB018,2023-11-07,2024-10-10
E00470,JOB030,2022-03-15,
E00471,JOB018,2021-01-17,2024-07-12
E00472,JOB027,2020-05-23,
E00473,JOB030,2024-04-29,2024-08-25
E00474,JOB009,2012-06-19,2021-06-17
E00474,JOB009,2021-06-18,
E00475,JOB027,2016-08-25,2019-11-21
E00476,JOB024,2024-07-08,
E00477,JOB030,2022-03-15,2024-09-26
E00478,JOB009,2013-09-30,2016-09-29
E00478,JOB009,2016-09-30,2022-05-20
E00479,JOB021,2019-10-23,2023-10-22
E00479,JOB027,2023-10-23,
E00480,JOB009,2020-04-01,
E00481,JOB024,2024-12-09,
E00482,JOB009,2023-06-28,2025-06-27
E00482,JOB021,2025-06-28,
E00483,JOB009,2014-02-01,2019-01-31
E00483,JOB009,2019-02-01,2023-01-11
E00484,JOB021,2014-06-22,2015-03-31
E00485,JOB021,2025-01-26,
E00486,JOB024,2013-03-10,2022-03-08
E00486,JOB030,2022-03-09,
E00487,JOB030,2021-02-03,2023-10-31
E00488,JOB027,2024-08-08,
E00489,JOB021,2024-12-09,
E00490,JOB009,2022-08-29,
E00491,JOB024,2019-02-19,2020-12-20
E00492,JOB021,2020-09-25,
E00493,JOB005,2017-02-26,2023-03-22
E00494,JOB009,2014-11-03,2017-05-21
E00495,JOB009,2024-12-26,
E00496,JOB012,2018-12-04,2020-07-14
E00497,JOB013,2018-02-23,
E00498,JOB015,2024-08-20,2025-10-06
E00499,JOB021,2013-05-27,2015-05-27
E00499,JOB009,2015-05-28,2022-05-26
E00499,JOB018,2022-05-27,
E00500,JOB024,2012-06-28,2019-06-27
E00500,JOB009,2019-06-28,
E00501,JOB012,2019-01-23,
E00502,JOB024,2016-05-12,2020-10-29
E00503,JOB009,2015-07-15,2017-07-14
E00503,JOB021,2017-07-15,2024-07-20
E00504,JOB027,2024-04-29,
E00505,JOB021,2017-05-08,2025-05-06
E00505,JOB021,2025-05-07,
E00506,JOB015,2024-10-22,2026-01-03
E00507,JOB027,2018-12-09,
E00508,JOB021,2013-05-13,2019-05-12
E00508,JOB009,2019-05-13,
E00509,JOB030,2012-05-22,2019-05-21
E00509,JOB009,2019-05-22,
E00510,JOB021,2025-01-01,
E00511,JOB024,2018-09-12,2025-09-10
E00511,JOB009,2025-09-11,
E00512,JOB013,2015-06-06,2020-06-04
E00512,JOB021,2020-06-05,2025-01-13
E00513,JOB018,2024-05-13,
E00514,JOB015,2025-04-22,
E00515,JOB018,2015-05-16,2021-07-28
E00516,JOB030,2024-12-08,2025-06-07
E00517,JOB024,2013-11-05,2017-02-27
E00518,JOB012,2014-06-18,2023-06-16
E00518,JOB024,2023-06-17,
E00519,JOB024,2019-07-09,
E00520,JOB009,2013-12-25,2020-09-30
E00521,JOB009,2016-11-04,2024-07-09
E00522,JOB009,2017-10-11,2025-10-09
E00522,JOB021,2025-10-10,2026-01-14
E00523,JOB009,2021-05-19,
E00524,JOB027,2021-07-23,
E00525,JOB009,2017-07-26,
E00526,JOB021,2016-11-14,2022-11-13
E00526,JOB024,2022-11-14,2024-03-20
E00527,JOB030,2025-07-19,
E00528,JOB027,2016-08-23,2019-08-23
E00528,JOB024,2019-08-24,2020-11-28
E00529,JOB027,2021-05-18,2021-07-09
E00530,JOB030,2016-10-27,2024-10-25
E00530,JOB027,2024-10-26,
E00531,JOB021,2019-04-05,
E00532,JOB021,2015-12-26,2022-12-24
E00532,JOB027,2022-12-25,
E00533,JOB027,2020-02-22,
E00534,JOB021,2020-06-06,2022-06-06
E00534,JOB021,2022-06-07,
E00535,JOB030,2012-05-14,2020-05-12
E00535,JOB021,2020-05-13,2024-11-11
E00536,JOB021,2025-02-12,
E00537,JOB030,2011-09-22,2015-09-21
E00537,JOB024,2015-09-22,2018-09-21
E00537,JOB015,2018-09-22,
E00538,JOB024,2016-12-26,2023-04-17
E00539,JOB029,2021-06-10,
E00540,JOB024,2023-05-21,2023-11-11
E00541,JOB021,2013-05-17,2021-05-15
E00541,JOB027,2021-05-16,
E00542,JOB015,2017-03-11,2018-08-27
E00543,JOB021,2016-07-08,2017-01-25
E00544,JOB009,2013-05-31,2013-08-10
E00545,JOB009,2023-01-25,
E00546,JOB019,2020-02-17,2024-08-18
E00547,JOB021,2018-02-21,2024-03-31
E00548,JOB009,2011-09-24,2020-09-21
E00548,JOB021,2020-09-22,2024-02-03
E00549,JOB009,2016-01-02,2017-01-14
E00550,JOB021,2019-10-24,
E00551,JOB030,2020-04-10,
E00552,JOB012,2015-08-18,2025-08-15
E00552,JOB012,2025-08-16,
E00553,JOB030,2023-01-11,
E00554,JOB018,2018-07-02,
E00555,JOB021,2014-04-05,2020-04-03
E00555,JOB021,2020-04-04,2022-04-04
E00555,JOB021,2022-04-05,
E00556,JOB027,2020-03-29,2023-09-28
E00557,JOB021,2017-07-27,2020-01-03
E00558,JOB024,2019-11-04,2023-10-12
E00559,JOB019,2025-10-21,
E00560,JOB030,2013-02-05,2017-12-05
E00561,JOB024,2012-12-05,2020-12-03
E00561,JOB009,2020-12-04,2022-04-07
E00562,JOB018,2011-11-26,2014-11-25
E00562,JOB024,2014-11-26,2021-11-24
E00562,JOB021,2021-11-25,2023-06-24
E00563,JOB027,2013-09-15,2016-12-24
E00564,JOB024,2019-08-23,2021-07-12
E00565,JOB024,2011-12-30,2016-03-15
E00566,JOB021,2020-01-23,2026-01-21
E00566,JOB021,2026-01-22,
E00567,JOB018,2013-01-01,2018-01-13
E00568,JOB021,2011-04-11,2016-04-09
E00568,JOB027,2016-04-10,2024-04-08
E00568,JOB019,2024-04-09,2025-03-11
E00569,JOB021,2014-03-10,2020-03-08
E00569,JOB021,2020-03-09,
E00570,JOB030,2021-07-13,2023-01-11
E00571,JOB024,2018-05-19,2020-08-21
E00572,JOB021,2019-10-09,
E00573,JOB009,2016-12-24,2018-05-07
E00574,JOB030,2020-08-11,
E00575,JOB021,2025-06-10,
E00576,JOB012,2014-12-12,2021-12-10
E00576,JOB009,2021-12-11,2023-12-11
E00576,JOB024,2023-12-12,
E00577,JOB030,2017-01-25,2019-03-08
E00578,JOB030,2014-02-04,2025-02-01
E00578,JOB030,2025-02-02,
E00579,JOB009,2012-10-12,2022-10-10
E00579,JOB021,2022-10-11,2025-08-02
E00580,JOB024,2011-04-07,2012-07-25
E00581,JOB024,2025-06-14,
E00582,JOB018,2021-06-28,
E00583,JOB030,2019-03-27,2025-06-21
E00584,JOB021,2015-06-03,2020-09-03
E00585,JOB030,2017-08-14,2024-08-12
E00585,JOB021,2024-08-13,
E00586,JOB015,2014-04-05,2015-12-25
E00587,JOB024,2018-06-19,2021-10-21
E00588,JOB021,2020-12-25,2024-10-30
E00589,JOB021,2023-03-05,2023-08-19
E00590,JOB027,2011-11-20,2017-08-03
E00591,JOB027,2023-10-30,2024-03-08
E00592,JOB024,2024-10-07,
E00593,JOB027,2022-05-29,2023-08-06
E00594,JOB024,2018-12-05,2025-07-09
E00595,JOB024,2024-08-17,
E00596,JOB019,2013-07-06,2022-07-04
E00596,JOB015,2022-07-05,2024-07-09
E00597,JOB009,2018-02-08,
E00598,JOB024,2024-08-26,2026-01-25
E00599,JOB027,2016-08-15,2020-05-31
E00600,JOB009,2014-06-16,2021-06-14
E00600,JOB029,2021-06-15,2022-07-19
E00601,JOB024,2011-02-09,2014-01-24
E00602,JOB024,2022-08-13,2024-01-05
E00603,JOB024,2023-07-30,2023-12-09
E00604,JOB024,2022-05-19,2024-01-22
E00605,JOB021,2017-03-03,2024-03-13
E00606,JOB015,2019-12-27,2020-11-06
E00607,JOB021,2016-05-03,2018-08-03
E00608,JOB009,2019-07-13,2023-03-05
E00609,JOB027,2016-07-19,2022-01-29
E00610,JOB027,2016-04-25,
E00611,JOB015,2015-04-29,2017-04-28
E00611,JOB009,2017-04-29,2020-06-16
E00612,JOB009,2013-08-11,2021-01-20
E00613,JOB024,2020-06-26,
E00614,JOB015,2011-08-23,2022-08-20
E00614,JOB009,2022-08-21,2025-07-19
E00615,JOB021,2024-07-30,
E00616,JOB021,2015-04-28,2021-04-26
E00616,JOB018,2021-04-27,
E00617,JOB021,2017-06-08,2024-11-28
E00618,JOB027,2016-06-21,2019-12-25
E00619,JOB021,2025-08-19,
E00620,JOB007,2013-11-13,2017-05-14
E00621,JOB021,2020-12-14,2024-03-16
E00622,JOB029,2011-05-20,2018-05-18
E00622,JOB030,2018-05-19,2024-03-05
E00623,JOB024,2018-06-05,2022-08-05
E00624,JOB027,2020-04-30,
E00625,JOB019,2018-06-29,
E00626,JOB029,2021-06-14,2026-01-23
E00627,JOB009,2020-06-09,
E00628,JOB021,2021-11-20,
E00629,JOB030,2016-08-14,2020-03-31
E00630,JOB024,2022-01-11,2024-07-06
E00631,JOB018,2022-07-03,
E00632,JOB024,2012-05-13,2021-05-11
E00632,JOB024,2021-05-12,
E00633,JOB027,2013-11-16,2017-09-27
E00634,JOB019,2018-02-28,2018-04-18
E00635,JOB030,2022-05-25,2024-03-26
E00636,JOB024,2017-11-26,2020-09-29
E00637,JOB024,2021-03-31,
E00638,JOB021,2019-07-02,2022-01-24
E00639,JOB030,2011-12-22,2014-12-21
E00639,JOB030,2014-12-22,2021-11-01
E00640,JOB024,2025-07-02,
E00641,JOB024,2019-04-02,2022-06-08
E00642,JOB009,2021-03-01,2025-12-15
E00643,JOB024,2022-05-17,2024-06-21
E00644,JOB021,2014-04-11,2017-05-15
E00645,JOB021,2020-11-21,2024-10-12
E00646,JOB009,2013-02-27,2021-02-25
E00646,JOB024,2021-02-26,
E00647,JOB009,2023-03-30,
E00648,JOB015,2015-02-27,2023-02-25
E00648,JOB024,2023-02-26,2023-06-17
E00649,JOB029,2012-05-21,2019-11-27
E00650,JOB021,2020-01-31,2022-01-30
E00650,JOB024,2022-01-31,
E00651,JOB009,2025-03-23,2025-12-23
E00652,JOB030,2024-01-12,
E00653,JOB024,2012-01-18,2021-01-15
E00653,JOB024,2021-01-16,2022-07-05
E00654,JOB024,2025-05-29,
E00655,JOB009,2020-10-20,
E00656,JOB009,2022-03-25,2024-10-22
E00657,JOB015,2011-05-07,2018-05-05
E00657,JOB015,2018-05-06,2019-06-22
E00658,JOB021,2018-01-16,2021-07-20
E00659,JOB024,2018-05-14,
E00660,JOB009,2015-10-29,2021-05-14
E00661,JOB024,2023-09-27,
E00662,JOB021,2020-04-20,
E00663,JOB009,2019-08-12,
E00664,JOB019,2022-01-15,2025-03-19
E00665,JOB021,2016-12-11,2018-03-31
E00666,JOB024,2020-08-21,2021-09-14
E00667,JOB013,2018-07-26,2020-07-25
E00667,JOB012,2020-07-26,2024-07-25
E00667,JOB027,2024-07-26,2025-11-20
E00668,JOB024,2025-07-01,
E00669,JOB021,2023-06-09,2025-03-21
E00670,JOB009,2011-02-16,2013-01-17
E00671,JOB021,2013-02-06,2019-06-23
E00672,JOB009,2021-02-12,
E00673,JOB024,2020-01-28,2021-09-22
E00674,JOB024,2025-10-09,
E00675,JOB021,2025-06-29,
E00676,JOB021,2020-03-29,
E00677,JOB027,2025-10-04,2026-01-10
E00678,JOB015,2017-06-01,2019-09-13
E00679,JOB021,2020-02-16,2025-02-14
E00679,JOB024,2025-02-15,
E00680,JOB021,2013-08-05,2023-08-03
E00680,JOB021,2023-08-04,
E00681,JOB009,2017-10-11,2024-10-09
E00681,JOB030,2024-10-10,
E00682,JOB021,2021-03-19,2022-10-09
E00683,JOB021,2013-02-19,2014-12-07
E00684,JOB015,2015-08-28,2021-08-26
E00684,JOB021,2021-08-27,2023-11-23
E00685,JOB009,2020-07-12,
E00686,JOB029,2017-01-02,2017-12-06
E00687,JOB021,2013-12-21,2014-06-21
E00688,JOB019,2013-12-09,2021-12-07
E00688,JOB021,2021-12-08,2025-05-24
E00689,JOB018,2025-07-17,
E00690,JOB030,2013-07-06,2014-04-17
E00691,JOB018,2019-04-12,2025-11-19
E00692,JOB024,2011-04-03,2015-04-02
E00692,JOB021,2015-04-03,2021-04-01
E00692,JOB021,2021-04-02,2024-04-26
E00693,JOB021,2024-03-18,
E00694,JOB024,2023-09-02,2024-11-19
E00695,JOB024,2021-02-07,2025-07-01
E00696,JOB024,2022-02-03,2024-02-03
E00696,JOB021,2024-02-04,
E00697,JOB021,2017-11-21,2019-11-21
E00697,JOB021,2019-11-22,2024-08-02
E00698,JOB024,2017-09-14,2020-03-03
E00699,JOB015,2021-07-22,2021-11-04
E00700,JOB012,2018-03-13,2024-06-18
E00701,JOB009,2020-02-29,
E00702,JOB009,2022-11-22,2024-06-07
E00703,JOB009,2015-08-18,2021-10-21
E00704,JOB009,2022-08-04,2025-09-12
E00705,JOB021,2015-07-20,2020-12-03
E00706,JOB009,2020-03-02,
E00707,JOB021,2017-05-05,2022-05-04
E00707,JOB024,2022-05-05,2024-10-03
E00708,JOB024,2023-05-19,
E00709,JOB024,2020-06-12,2024-11-15
E00710,JOB024,2025-05-21,
E00711,JOB027,2018-01-09,2025-01-07
E00711,JOB027,2025-01-08,
E00712,JOB027,2022-12-19,
E00713,JOB021,2021-05-14,
E00714,JOB018,2021-04-22,
E00715,JOB024,2024-02-03,
E00716,JOB024,2024-11-21,
E00717,JOB009,2013-03-19,2023-03-17
E00717,JOB024,2023-03-18,
E00718,JOB015,2013-02-18,2021-02-16
E00718,JOB015,2021-02-17,
E00719,JOB029,2021-02-19,2022-01-19
E00720,JOB027,2016-07-20,2023-07-19
E00720,JOB021,2023-07-20,
E00721,JOB029,2016-07-18,
E00722,JOB019,2019-10-29,2024-01-04
E00723,JOB024,2020-08-01,2022-11-12
E00724,JOB024,2016-06-02,2024-05-31
E00724,JOB024,2024-06-01,
E00725,JOB009,2018-04-02,
E00726,JOB030,2018-06-20,2025-06-18
E00726,JOB029,2025-06-19,
E00727,JOB024,2022-12-05,2024-04-05
E00728,JOB024,2017-09-15,2025-09-13
E00728,JOB030,2025-09-14,
E00729,JOB015,2017-12-29,2024-09-08
E00730,JOB012,2014-08-23,2020-08-21
E00730,JOB015,2020-08-22,2021-04-01
E00731,JOB029,2020-07-03,2021-05-03
E00732,JOB015,2014-04-24,2017-04-23
E00732,JOB029,2017-04-24,2025-04-22
E00732,JOB027,2025-04-23,
E00733,JOB027,2014-11-22,2017-11-21
E00733,JOB021,2017-11-22,2020-03-08
E00734,JOB018,2017-09-14,2023-05-28
E00735,JOB021,2017-12-02,2023-09-22
E00736,JOB021,2013-06-05,2021-06-03
E00736,JOB030,2021-06-04,
E00737,JOB024,2021-04-09,
E00738,JOB021,2023-09-12,
E00739,JOB030,2022-12-16,
E00740,JOB030,2011-03-19,2013-04-28
E00741,JOB027,2025-08-23,
E00742,JOB021,2024-04-11,
E00743,JOB024,2015-08-31,2025-08-28
E00743,JOB024,2025-08-29,
E00744,JOB009,2016-03-04,2020-09-14
E00745,JOB007,2014-05-04,2016-05-03
E00745,JOB029,2016-05-04,2022-07-31
E00746,JOB007,2018-03-27,
E00747,JOB030,2024-08-31,
E00748,JOB009,2013-12-31,2023-12-29
E00748,JOB021,2023-12-30,2025-05-05
E00749,JOB021,2020-04-14,2023-04-14
E00749,JOB021,2023-04-15,
E00750,JOB009,2025-09-26,
E00751,JOB009,2011-03-16,2011-07-10
E00752,JOB021,2018-02-15,
E00753,JOB012,2015-09-29,2023-04-04
E00754,JOB019,2020-03-26,2022-12-29
E00755,JOB021,2017-02-15,2024-02-04
E00756,JOB024,2018-06-13,2025-06-11
E00756,JOB024,2025-06-12,
E00757,JOB021,2012-04-22,2016-02-09
E00758,JOB009,2017-07-02,2025-06-30
E00758,JOB009,2025-07-01,2026-01-27
E00759,JOB004,2012-09-05,2020-09-03
E00759,JOB009,2020-09-04,
E00760,JOB027,2021-01-11,2023-01-11
E00760,JOB027,2023-01-12,2026-01-11
E00760,JOB009,2026-01-12,
E00761,JOB021,2016-03-14,2022-01-17
E00762,JOB027,2012-09-11,2015-12-04
E00763,JOB021,2022-07-04,2025-02-01
E00764,JOB021,2025-03-22,
E00765,JOB021,2011-08-15,2015-04-10
E00766,JOB015,2025-03-31,
E00767,JOB027,2025-03-18,
E00768,JOB021,2022-12-17,
E00769,JOB009,2014-09-13,2018-10-19
E00770,JOB009,2024-10-20,
E00771,JOB030,2022-01-06,2025-04-09
E00772,JOB024,2018-01-22,2026-01-20
E00772,JOB021,2026-01-21,
E00773,JOB009,2015-11-15,2022-04-19
E00774,JOB024,2013-02-09,2016-06-20
E00775,JOB019,2012-02-01,2021-01-29
E00775,JOB021,2021-01-30,2023-01-04
E00776,JOB027,2018-07-04,2022-08-11
E00777,JOB030,2021-03-28,2021-07-18
E00778,JOB009,2017-05-14,2025-05-12
E00778,JOB021,2025-05-13,
E00779,JOB009,2011-03-04,2016-02-28
E00780,JOB030,2016-08-23,2023-08-22
E00780,JOB009,2023-08-23,2025-04-06
E00781,JOB009,2025-02-17,
E00782,JOB007,2019-01-27,2025-01-25
E00782,JOB030,2025-01-26,
E00783,JOB030,2024-12-09,
E00784,JOB019,2012-06-30,2020-06-28
E00784,JOB024,2020-06-29,2023-07-07
E00785,JOB019,2016-03-19,2018-11-23
E00786,JOB024,2015-02-26,2024-02-24
E00786,JOB030,2024-02-25,
E00787,JOB015,2019-05-06,
E00788,JOB015,2014-03-26,2015-09-21
E00789,JOB027,2012-03-04,2018-03-08
E00790,JOB015,2014-06-01,2021-05-30
E00790,JOB015,2021-05-31,
E00791,JOB009,2017-09-25,2021-12-16
E00792,JOB024,2011-07-30,2016-11-27
E00793,JOB019,2013-06-16,2014-07-01
E00794,JOB027,2015-07-06,2018-07-05
E00794,JOB021,2018-07-06,2023-02-02
E00795,JOB013,2018-08-02,2020-12-25
E00796,JOB024,2014-07-20,2024-07-17
E00796,JOB009,2024-07-18,
E00797,JOB018,2018-05-04,
E00798,JOB021,2017-12-25,2020-12-24
E00798,JOB021,2020-12-25,2023-11-15
E00799,JOB024,2012-12-13,2018-12-12
E00799,JOB024,2018-12-13,2021-02-18
E00800,JOB030,2019-09-09,2021-09-08
E00800,JOB024,2021-09-09,
E00801,JOB021,2018-07-02,
E00802,JOB024,2016-08-25,2021-01-30
E00803,JOB024,2023-11-29,
E00804,JOB030,2018-11-03,
E00805,JOB024,2025-04-11,
E00806,JOB015,2020-12-10,
E00807,JOB015,2017-11-29,2024-11-27
E00807,JOB024,2024-11-28,
E00808,JOB027,2024-12-27,
E00809,JOB027,2024-02-10,
E00810,JOB021,2023-06-16,2024-11-07
E00811,JOB009,2013-06-21,2020-06-19
E00811,JOB009,2020-06-20,
E00812,JOB015,2016-01-09,
E00813,JOB024,2015-02-07,2023-02-05
E00813,JOB024,2023-02-06,2025-06-23
E00814,JOB024,2015-03-14,2023-03-12
E00814,JOB024,2023-03-13,
E00815,JOB021,2021-02-15,
E00816,JOB027,2012-10-24,2020-10-22
E00816,JOB021,2020-10-23,2023-02-03
E00817,JOB029,2013-05-26,2014-07-10
E00818,JOB024,2023-05-31,
E00819,JOB030,2017-04-17,2017-10-27
E00820,JOB024,2022-12-10,
E00821,JOB024,2025-02-09,
E00822,JOB024,2020-01-29,2023-10-17
E00823,JOB029,2018-02-27,2019-05-25
E00824,JOB015,2011-06-06,2021-06-03
E00824,JOB015,2021-06-04,2023-03-16
E00825,JOB024,2016-12-09,2023-12-08
E00825,JOB021,2023-12-09,2024-02-16
E00826,JOB009,2016-01-25,
E00827,JOB009,2021-05-18,2022-12-29
E00828,JOB024,2013-05-31,2019-05-27
E00829,JOB009,2015-09-19,2022-09-17
E00829,JOB009,2022-09-18,
E00830,JOB024,2015-01-31,2021-08-27
E00831,JOB021,2019-04-15,2024-04-13
E00831,JOB024,2024-04-14,2025-06-21
E00832,JOB021,2012-06-17,2022-06-15
E00832,JOB027,2022-06-16,2024-06-15
E00832,JOB009,2024-06-16,2025-04-30
E00833,JOB021,2017-02-11,2019-02-23
E00834,JOB009,2016-02-19,2020-06-09
E00835,JOB029,2020-08-03,
E00836,JOB021,2011-12-07,2017-12-05
E00836,JOB021,2017-12-06,2020-07-02
E00837,JOB024,2021-09-15,
E00838,JOB018,2013-12-11,2022-03-21
E00839,JOB009,2017-09-14,2024-05-17
E00840,JOB030,2020-05-30,
E00841,JOB027,2015-01-20,2018-01-19
E00841,JOB021,2018-01-20,2022-06-18
E00842,JOB009,2021-05-20,
E00843,JOB013,2020-01-08,2020-12-21
E00844,JOB027,2018-01-31,2024-01-30
E00844,JOB024,2024-01-31,
E00845,JOB021,2016-07-09,2022-05-25
E00846,JOB024,2018-04-23,2021-03-18
E00847,JOB009,2023-06-18,2024-08-06
E00848,JOB024,2021-04-23,
E00849,JOB015,2011-05-13,2016-06-10
E00850,JOB024,2017-08-16,2023-07-01
E00851,JOB013,2021-01-31,2023-06-11
E00852,JOB027,2022-07-03,
E00853,JOB029,2015-05-27,2019-06-10
E00854,JOB027,2018-08-25,
E00855,JOB024,2019-01-13,2022-12-26
E00856,JOB027,2017-04-20,2022-11-04
E00857,JOB007,2020-09-28,2025-04-08
E00858,JOB009,2017-05-12,2022-11-06
E00859,JOB007,2018-10-04,2020-10-03
E00859,JOB024,2020-10-04,
E00860,JOB024,2016-03-25,2023-02-01
E00861,JOB024,2026-01-01,
E00862,JOB019,2025-10-27,
E00863,JOB030,2016-07-16,2016-09-11
E00864,JOB009,2023-09-16,
E00865,JOB018,2020-03-12,2025-11-26
E00866,JOB009,2019-06-17,
E00867,JOB009,2024-10-18,2025-01-27
E00868,JOB024,2020-08-04,2023-02-20
E00869,JOB021,2014-08-12,2024-08-09
E00869,JOB024,2024-08-10,
E00870,JOB015,2011-03-21,2023-03-18
E00870,JOB013,2023-03-19,
E00871,JOB021,2024-09-21,
E00872,JOB021,2018-08-20,2020-07-28
E00873,JOB015,2012-07-18,2016-07-17
E00873,JOB029,2016-07-18,2017-10-14
E00874,JOB018,2025-05-08,
E00875,JOB029,2022-11-02,2023-05-08
E00876,JOB030,2021-06-01,2024-05-19
E00877,JOB027,2019-03-07,
E00878,JOB018,2016-12-19,
E00879,JOB018,2015-09-07,2022-12-24
E00880,JOB021,2018-08-22,2021-11-14
E00881,JOB024,2021-06-08,2022-09-14
E00882,JOB009,2018-08-29,
E00883,JOB018,2014-12-10,2016-09-15
E00884,JOB024,2015-02-14,2017-04-19
E00885,JOB021,2021-10-15,
E00886,JOB021,2016-03-15,2018-01-18
E00887,JOB029,2023-07-18,
E00888,JOB024,2019-08-11,2023-10-02
E00889,JOB018,2018-10-02,2020-10-01
E00889,JOB024,2020-10-02,2025-08-01
E00890,JOB024,2020-10-21,2024-11-28
E00891,JOB024,2023-07-31,
E00892,JOB021,2012-01-21,2020-01-19
E00892,JOB019,2020-01-20,2026-01-18
E00892,JOB019,2026-01-19,
E00893,JOB027,2014-02-05,2025-02-02
E00893,JOB015,2025-02-03,
E00894,JOB030,2011-12-16,2014-09-10
E00895,JOB027,2018-01-21,
E00896,JOB009,2018-01-03,2025-01-01
E00896,JOB012,2025-01-02,2025-07-02
E00897,JOB009,2018-07-13,2021-03-12
E00898,JOB018,2013-05-01,2020-04-29
E00898,JOB018,2020-04-30,
E00899,JOB027,2019-12-03,2024-08-26
E00900,JOB009,2013-08-03,2016-08-02
E00900,JOB024,2016-08-03,2021-01-28
E00901,JOB015,2014-12-30,2021-12-28
E00901,JOB030,2021-12-29,2023-02-26
E00902,JOB015,2012-09-17,2015-05-03
E00903,JOB009,2012-11-02,2020-10-31
E00903,JOB024,2020-11-01,2023-09-20
E00904,JOB009,2019-11-19,
E00905,JOB024,2025-04-15,
E00906,JOB015,2021-03-10,
E00907,JOB027,2015-08-11,2025-08-08
E00907,JOB029,2025-08-09,
E00908,JOB021,2018-12-30,2022-12-29
E00908,JOB009,2022-12-30,2024-06-12
E00909,JOB024,2017-11-24,2023-05-09
E00910,JOB009,2015-04-11,2017-09-20
E00911,JOB024,2013-03-21,2016-11-30
E00912,JOB027,2025-08-24,
E00913,JOB024,2013-02-23,2021-02-21
E00913,JOB021,2021-02-22,2022-06-12
E00914,JOB009,2020-08-26,2020-11-09
E00915,JOB021,2017-08-25,2020-06-18
E00916,JOB015,2023-03-29,
E00917,JOB030,2020-06-02,2020-09-28
E00918,JOB009,2023-11-08,
E00919,JOB021,2017-05-26,2024-05-24
E00919,JOB021,2024-05-25,
E00920,JOB021,2012-09-28,2015-09-10
E00921,JOB009,2019-07-14,
E00922,JOB030,2019-11-15,
E00923,JOB009,2016-03-27,2025-03-25
E00923,JOB021,2025-03-26,
E00924,JOB021,2017-08-09,2023-08-08
E00924,JOB018,2023-08-09,
E00925,JOB030,2025-09-05,
E00926,JOB024,2024-11-07,2025-09-26
E00927,JOB030,2016-03-12,2022-12-02
E00928,JOB024,2011-09-21,2015-06-01
E00929,JOB018,2020-11-07,2025-11-06
E00929,JOB009,2025-11-07,
E00930,JOB024,2017-06-13,2019-01-15
E00931,JOB015,2025-11-14,
E00932,JOB024,2017-04-10,2023-04-09
E00932,JOB015,2023-04-10,
E00933,JOB030,2011-03-03,2015-03-02
E00933,JOB030,2015-03-03,2021-03-01
E00933,JOB030,2021-03-02,
E00934,JOB030,2018-02-24,2025-04-16
E00935,JOB009,2022-05-28,2025-05-11
E00936,JOB021,2022-10-30,2023-02-17
E00937,JOB015,2020-09-28,2025-10-26
E00938,JOB024,2025-05-23,
E00939,JOB024,2014-01-24,2017-01-23
E00939,JOB009,2017-01-24,2017-06-10
E00940,JOB015,2020-07-15,
E00941,JOB009,2023-04-09,
E00942,JOB027,2012-06-16,2013-10-17
E00943,JOB015,2013-01-13,2016-11-05
E00944,JOB027,2022-10-02,
E00945,JOB027,2013-05-08,2019-03-23
E00946,JOB030,2025-04-15,2025-08-15
E00947,JOB018,2023-01-14,2026-01-06
E00948,JOB021,2025-07-11,
E00949,JOB030,2020-11-27,
E00950,JOB015,2011-03-26,2019-03-24
E00950,JOB015,2019-03-25,2020-05-28
E00951,JOB018,2022-10-24,
E00952,JOB021,2019-01-03,
E00953,JOB009,2018-11-20,2020-11-19
E00953,JOB030,2020-11-20,2025-09-08
E00954,JOB009,2013-01-06,2022-01-04
E00954,JOB009,2022-01-05,
E00955,JOB019,2017-04-16,2023-09-10
E00956,JOB029,2014-02-10,2014-08-11
E00957,JOB021,2015-05-22,2022-05-20
E00957,JOB021,2022-05-21,2025-04-27
E00958,JOB009,2013-03-24,2019-09-01
E00959,JOB024,2011-12-27,2013-12-28
E00960,JOB024,2016-06-30,2023-06-29
E00960,JOB009,2023-06-30,
E00961,JOB027,2023-06-25,2024-03-02
E00962,JOB013,2019-12-21,2025-12-19
E00962,JOB024,2025-12-20,
E00963,JOB024,2012-08-23,2021-08-21
E00963,JOB009,2021-08-22,2022-10-19
E00964,JOB024,2022-07-23,
E00965,JOB030,2018-09-11,2025-07-30
E00966,JOB030,2021-08-02,2024-04-23
E00967,JOB024,2023-05-22,2025-05-21
E00967,JOB009,2025-05-22,
E00968,JOB024,2022-09-15,2025-06-27
E00969,JOB021,2022-02-16,
E00970,JOB024,2019-11-11,2023-11-10
E00970,JOB024,2023-11-11,
E00971,JOB007,2025-10-28,
E00972,JOB029,2020-05-07,
E00973,JOB021,2017-07-27,
E00974,JOB007,2016-01-26,2018-01-23
E00975,JOB019,2024-12-02,2025-04-23
E00976,JOB009,2016-01-10,2018-01-09
E00976,JOB019,2018-01-10,2024-01-09
E00976,JOB009,2024-01-10,2025-06-02
E00977,JOB021,2019-08-01,
E00978,JOB021,2018-02-07,2022-10-16
E00979,JOB012,2017-04-24,2024-02-18
E00980,JOB024,2017-05-24,2019-01-28
E00981,JOB029,2021-06-20,2026-01-02
E00982,JOB021,2023-08-15,
E00983,JOB007,2018-01-01,2024-08-13
E00984,JOB021,2011-07-12,2015-09-08
E00985,JOB021,2011-09-13,2018-09-11
E00985,JOB024,2018-09-12,2025-10-04
E00986,JOB007,2016-01-11,2022-01-09
E00986,JOB009,2022-01-10,2023-07-04
E00987,JOB024,2014-12-06,2020-09-27
E00988,JOB030,2011-06-22,2017-06-26
E00989,JOB007,2016-10-30,2018-10-16
E00990,JOB024,2024-04-29,
E00991,JOB024,2015-01-05,
E00992,JOB024,2013-02-04,2020-11-11
E00993,JOB009,2024-10-24,
E00994,JOB021,2024-08-28,
E00995,JOB021,2014-04-19,2022-04-17
E00995,JOB009,2022-04-18,2024-07-19
E00996,JOB009,2014-07-26,2016-03-10
E00997,JOB018,2011-10-13,2023-10-10
E00997,JOB019,2023-10-11,
E00998,JOB009,2013-04-18,2018-07-13
E00999,JOB004,2023-03-04,
E01000,JOB030,2018-02-03,2022-06-01
