EMP_ID,REG_ID,REG_APP_START_DATE,REG_APP_END_DATE,REG_APP_CATEGORY,REG_DURATION
E00001,R001,2014-11-01,2016-06-17,기본소속,594
E00001,R009,2016-06-18,2016-09-12,장기출장,86
E00001,R001,2016-09-13,2021-09-29,기본소속,1842
E00002,R001,2013-11-07,2016-05-15,기본소속,920
E00002,R024,2016-05-16,2016-10-31,장기출장,168
E00002,R001,2016-11-01,,기본소속,3379
E00003,R001,2023-10-17,,기본소속,838
E00004,R001,2012-11-23,2018-07-18,기본소속,2063
E00005,R001,2017-11-15,2021-01-08,기본소속,1150
E00006,R013,2025-10-12,,소속지역변경,112
E00007,R001,2017-07-13,2022-01-27,기본소속,1659
E00008,R001,2020-12-07,,기본소속,1882
E00009,R001,2023-01-20,,기본소속,1108
E00010,R001,2012-05-13,2020-02-19,기본소속,2838
E00011,R001,2024-09-24,2025-03-23,기본소속,180
E00012,R001,2014-02-14,2017-10-21,기본소속,1345
E00012,R014,2017-10-22,2018-01-27,장기출장,97
E00012,R001,2018-01-28,,기본소속,2926
E00013,R001,2018-03-28,,기본소속,2867
E00014,R006,2018-02-19,2023-04-18,소속지역변경,1884
E00015,R015,2015-06-30,2024-08-07,소속지역변경,3326
E00016,R001,2017-07-22,2019-02-18,기본소속,576
E00017,R001,2024-01-14,,기본소속,749
E00018,R001,2011-07-10,2012-02-18,기본소속,223
E00018,R018,2012-02-19,2012-05-03,장기출장,74
E00018,R001,2012-05-04,2014-09-13,기본소속,862
E00019,R001,2024-04-06,,기본소속,666
E00020,R001,2012-09-01,2022-01-03,기본소속,3411
E00021,R001,2017-03-23,2024-01-23,기본소속,2497
E00022,R001,2013-08-16,2025-03-12,기본소속,4226
E00023,R001,2019-01-29,2022-07-06,기본소속,1254
E00024,R001,2015-05-06,2020-11-26,기본소속,2031
E00024,R020,2020-11-27,2021-02-20,장기출장,85
E00024,R001,2021-02-21,2021-06-20,기본소속,119
E00024,R009,2021-06-21,2021-08-06,장기출장,46
E00024,R001,2021-08-07,2024-11-17,기본소속,1198
E00025,R001,2024-12-04,,기본소속,424
E00026,R006,2012-09-02,2025-01-14,소속지역변경,4517
E00027,R022,2022-04-24,2024-02-25,소속지역변경,672
E00028,R001,2023-05-18,,기본소속,990
E00029,R001,2022-11-22,,기본소속,1167
E00030,R001,2017-08-18,2025-09-10,기본소속,2945
E00031,R001,2017-04-17,2025-08-21,기본소속,3048
E00032,R001,2020-03-19,2022-09-25,기본소속,920
E00033,R001,2018-10-20,2021-02-18,기본소속,852
E00034,R001,2024-06-22,,기본소속,589
E00035,R001,2020-01-13,,기본소속,2211
E00036,R020,2021-04-01,,소속지역변경,1767
E00037,R001,2022-06-26,2023-09-28,기본소속,459
E00038,R004,2023-01-15,2024-10-01,소속지역변경,625
E00039,R001,2018-02-17,,기본소속,2906
E00040,R001,2018-07-04,2022-06-17,기본소속,1444
E00041,R001,2019-10-09,2021-05-04,기본소속,573
E00042,R011,2018-08-10,2021-12-27,소속지역변경,1235
E00042,R001,2021-12-28,2022-03-21,장기출장,83
E00042,R011,2022-03-22,2025-12-23,소속지역변경,1372
E00043,R001,2015-04-20,2017-05-17,기본소속,758
E00044,R001,2022-01-12,,기본소속,1481
E00045,R001,2023-05-10,2024-11-05,기본소속,545
E00046,R001,2025-07-25,,기본소속,191
E00047,R001,2022-12-05,,기본소속,1154
E00048,R001,2015-03-15,2021-05-14,기본소속,2252
E00049,R001,2023-07-22,,기본소속,925
E00050,R003,2015-09-25,2019-02-26,소속지역변경,1250
E00050,R001,2019-02-27,2019-06-03,장기출장,96
E00050,R003,2019-06-04,2023-08-07,소속지역변경,1525
E00051,R001,2023-06-14,,기본소속,963
E00052,R001,2022-02-19,2022-11-24,기본소속,278
E00052,R020,2022-11-25,2023-05-14,장기출장,170
E00052,R001,2023-05-15,,기본소속,993
E00053,R001,2014-07-03,,기본소속,4231
E00054,R001,2024-02-23,,기본소속,709
E00055,R007,2023-05-06,2025-01-19,소속지역변경,624
E00055,R016,2025-01-20,,소속지역변경,377
E00055,R007,2023-05-06,,소속지역변경,1002
E00056,R001,2016-05-27,2023-04-20,기본소속,2519
E00056,R009,2023-04-21,2023-07-10,장기출장,80
E00056,R001,2023-07-11,,기본소속,936
E00057,R009,2014-09-29,2022-01-20,소속지역변경,2670
E00058,R001,2019-08-05,2020-12-19,기본소속,502
E00059,R012,2018-03-04,2022-03-15,소속지역변경,1472
E00060,R001,2016-11-28,2023-04-19,기본소속,2333
E00061,R001,2025-03-03,,기본소속,335
E00062,R020,2014-01-23,2024-12-01,소속지역변경,3965
E00063,R001,2025-08-25,,기본소속,160
E00064,R001,2014-10-24,2021-06-06,기본소속,2417
E00065,R001,2013-01-23,2025-12-10,기본소속,4704
E00066,R001,2024-02-11,,기본소속,721
E00067,R001,2024-02-13,2026-01-26,기본소속,713
E00068,R001,2016-03-13,,기본소속,3612
E00069,R001,2022-02-01,2024-07-04,기본소속,884
E00070,R001,2016-07-22,,기본소속,3481
E00071,R001,2018-12-04,,기본소속,2616
E00072,R001,2021-08-06,2025-06-16,기본소속,1410
E00073,R001,2017-12-24,2024-01-18,기본소속,2216
E00074,R016,2022-08-08,,소속지역변경,1273
E00075,R001,2015-08-24,2018-12-07,기본소속,1201
E00076,R001,2017-09-06,,기본소속,3070
E00077,R001,2025-05-27,,기본소속,250
E00078,R001,2021-11-10,2024-04-23,기본소속,895
E00079,R009,2014-11-11,2024-01-03,소속지역변경,3340
E00080,R001,2022-02-09,2022-04-06,기본소속,56
E00081,R001,2014-04-07,2015-01-15,기본소속,283
E00081,R017,2015-01-16,2015-02-15,장기출장,30
E00081,R001,2015-02-16,,기본소속,4003
E00082,R017,2019-05-14,2020-01-30,소속지역변경,261
E00082,R001,2020-01-31,2020-06-11,장기출장,132
E00082,R017,2020-06-12,,소속지역변경,2060
E00083,R020,2011-08-23,2013-06-26,소속지역변경,673
E00083,R001,2013-06-27,2013-11-21,장기출장,147
E00083,R020,2013-11-22,2023-06-13,소속지역변경,3490
E00084,R017,2013-06-15,2013-10-08,소속지역변경,115
E00084,R013,2013-10-09,2014-11-22,소속지역변경,409
E00084,R013,2014-11-23,2015-12-04,소속지역변경,376
E00085,R022,2013-07-03,2014-02-25,소속지역변경,237
E00086,R001,2011-11-13,2012-06-15,기본소속,215
E00086,R008,2012-06-16,2012-07-20,장기출장,34
E00086,R001,2012-07-21,2020-06-28,기본소속,2899
E00087,R001,2023-01-21,,기본소속,1107
E00088,R001,2022-02-22,,기본소속,1440
E00089,R001,2021-05-30,,기본소속,1708
E00090,R020,2011-10-06,2015-02-07,소속지역변경,1220
E00091,R023,2021-07-02,2021-11-17,소속지역변경,138
E00092,R001,2019-10-10,,기본소속,2306
E00093,R001,2014-02-19,2015-06-27,기본소속,493
E00094,R001,2016-10-13,2019-02-08,기본소속,848
E00095,R001,2018-06-26,,기본소속,2777
E00096,R001,2025-02-21,,기본소속,345
E00097,R017,2022-10-05,,소속지역변경,1215
E00098,R001,2013-08-12,2019-09-07,기본소속,2217
E00099,R012,2021-03-30,2021-12-10,소속지역변경,255
E00099,R001,2021-12-11,2022-03-04,장기출장,83
E00099,R012,2022-03-05,2025-07-13,소속지역변경,1226
E00100,R001,2020-09-03,2025-02-27,기본소속,1638
E00101,R001,2016-10-23,2018-09-12,기본소속,689
E00102,R001,2016-12-26,2020-04-12,기본소속,1203
E00103,R001,2016-07-04,2017-02-28,기본소속,239
E00103,R009,2017-03-01,2017-07-11,장기출장,132
E00103,R001,2017-07-12,2024-04-02,기본소속,2456
E00104,R001,2011-02-24,2016-11-06,기본소속,2082
E00105,R001,2023-12-15,,기본소속,779
E00106,R001,2025-01-29,,기본소속,368
E00107,R017,2018-01-28,2019-10-19,소속지역변경,629
E00108,R018,2014-09-06,2016-02-26,소속지역변경,538
E00109,R001,2020-06-18,2024-06-01,기본소속,1444
E00110,R001,2019-01-09,2022-05-31,기본소속,1238
E00111,R011,2017-12-20,2020-05-03,소속지역변경,865
E00112,R001,2019-02-02,2025-03-28,기본소속,2246
E00113,R001,2024-01-13,,기본소속,750
E00114,R001,2016-04-17,,기본소속,3577
E00115,R021,2011-11-29,2012-09-18,소속지역변경,294
E00116,R001,2014-06-19,,기본소속,4245
E00117,R022,2011-12-09,2017-10-22,소속지역변경,2144
E00117,R024,2017-10-23,2018-03-21,장기출장,149
E00117,R022,2018-03-22,,소속지역변경,2873
E00118,R001,2024-09-10,,기본소속,509
E00119,R008,2019-12-01,,소속지역변경,2254
E00120,R011,2024-12-26,,소속지역변경,402
E00121,R011,2019-02-18,,소속지역변경,2540
E00122,R001,2022-04-15,,기본소속,1388
E00123,R001,2013-06-08,2013-12-31,기본소속,206
E00123,R023,2014-01-01,2014-06-26,장기출장,176
E00123,R001,2014-06-27,2016-02-08,기본소속,591
E00123,R001,2016-02-09,2016-04-22,장기출장,73
E00123,R001,2016-04-23,2021-07-24,기본소속,1918
E00124,R001,2023-11-06,2025-03-13,기본소속,493
E00125,R001,2025-11-12,,기본소속,81
E00126,R001,2024-06-03,,기본소속,608
E00127,R001,2015-06-14,,기본소속,3885
E00128,R001,2012-01-04,,기본소속,5142
E00129,R001,2017-10-22,2019-01-14,기본소속,449
E00130,R001,2018-02-08,2025-02-04,기본소속,2553
E00131,R005,2021-08-16,,소속지역변경,1630
E00132,R018,2012-06-24,2025-02-28,소속지역변경,4632
E00133,R001,2011-04-07,2014-12-03,기본소속,1336
E00133,R020,2014-12-04,2015-05-30,장기출장,177
E00133,R001,2015-05-31,2016-05-17,기본소속,352
E00134,R001,2021-11-11,2025-07-28,기본소속,1355
E00135,R019,2024-11-19,,소속지역변경,439
E00136,R001,2025-03-18,,기본소속,320
E00137,R001,2018-03-30,2024-08-13,기본소속,2328
E00138,R001,2025-08-18,,기본소속,167
E00139,R001,2021-04-18,2023-07-23,기본소속,826
E00140,R022,2017-12-25,2020-12-05,소속지역변경,1076
E00140,R012,2020-12-06,2023-11-11,소속지역변경,1070
E00140,R012,2023-11-12,,소속지역변경,812
E00141,R016,2020-08-31,2021-02-09,소속지역변경,162
E00141,R001,2021-02-10,2021-04-19,장기출장,68
E00141,R016,2021-04-20,,소속지역변경,1748
E00142,R004,2015-01-30,2017-10-29,소속지역변경,1003
E00143,R001,2023-11-06,,기본소속,818
E00144,R017,2023-01-03,2024-05-06,소속지역변경,489
E00144,R001,2024-05-07,2024-08-17,장기출장,102
E00144,R017,2024-08-18,,소속지역변경,532
E00145,R015,2019-03-12,2025-01-01,소속지역변경,2122
E00146,R001,2021-12-25,2022-09-06,기본소속,255
E00146,R003,2022-09-07,2022-12-20,장기출장,104
E00146,R001,2022-12-21,2025-12-19,기본소속,1094
E00147,R001,2020-05-31,,기본소속,2072
E00148,R023,2014-02-05,2020-08-18,소속지역변경,2386
E00149,R001,2025-03-06,2025-04-29,기본소속,54
E00150,R001,2014-10-12,2023-06-02,기본소속,3155
E00151,R001,2023-10-03,,기본소속,852
E00152,R001,2023-01-06,2025-04-08,기본소속,823
E00153,R001,2018-09-24,2023-06-26,기본소속,1736
E00154,R001,2011-08-17,2018-09-20,기본소속,2591
E00155,R001,2014-05-16,,기본소속,4279
E00156,R001,2023-10-02,,기본소속,853
E00157,R001,2012-08-25,2025-02-11,기본소속,4553
E00158,R017,2020-09-11,,소속지역변경,1969
E00159,R009,2022-03-07,2022-07-25,소속지역변경,140
E00160,R001,2023-12-23,,기본소속,771
E00161,R001,2012-02-09,2012-06-24,기본소속,136
E00162,R001,2011-05-26,2014-05-23,기본소속,1093
E00162,R005,2014-05-24,2014-10-16,장기출장,145
E00162,R001,2014-10-17,2017-02-11,기본소속,848
E00163,R001,2025-10-04,,기본소속,120
E00164,R022,2021-07-31,2025-04-12,소속지역변경,1351
E00164,R021,2025-04-13,2025-07-07,장기출장,85
E00164,R022,2025-07-08,,소속지역변경,208
E00165,R001,2015-04-14,2017-08-22,기본소속,861
E00166,R001,2012-08-15,2016-07-21,기본소속,1436
E00166,R005,2016-07-22,2016-09-13,장기출장,53
E00166,R001,2016-09-14,,기본소속,3427
E00167,R001,2020-06-12,2024-01-03,기본소속,1300
E00168,R001,2012-06-08,2022-06-15,기본소속,3659
E00169,R010,2011-09-11,2016-10-31,소속지역변경,1877
E00170,R001,2017-02-07,2018-10-24,기본소속,624
E00170,R009,2018-10-25,2018-12-25,장기출장,61
E00170,R001,2018-12-26,2024-04-16,기본소속,1938
E00171,R009,2016-08-05,2020-01-15,소속지역변경,1258
E00171,R020,2020-01-16,2021-03-27,소속지역변경,436
E00171,R020,2021-03-28,,소속지역변경,1771
E00172,R001,2022-09-30,2024-11-21,기본소속,783
E00173,R001,2019-09-11,,기본소속,2335
E00174,R001,2019-12-10,2022-03-23,기본소속,834
E00175,R003,2022-07-30,,소속지역변경,1282
E00176,R001,2019-02-02,2021-01-01,기본소속,699
E00176,R014,2021-01-02,2021-05-04,장기출장,122
E00177,R001,2018-02-13,,기본소속,2910
E00178,R001,2021-04-06,2022-12-29,기본소속,632
E00179,R001,2017-05-14,,기본소속,3185
E00180,R001,2013-05-24,2023-07-17,기본소속,3706
E00181,R001,2022-10-31,,기본소속,1189
E00182,R001,2022-11-28,2023-12-26,기본소속,393
E00183,R005,2013-07-21,,소속지역변경,4578
E00184,R001,2022-08-18,,기본소속,1263
E00185,R001,2012-01-20,2013-10-21,기본소속,640
E00186,R005,2012-02-09,2016-05-19,소속지역변경,1561
E00187,R001,2019-11-08,,기본소속,2277
E00188,R001,2013-06-19,2016-02-02,기본소속,958
E00188,R024,2016-02-03,2016-05-21,장기출장,108
E00188,R001,2016-05-22,2017-06-11,기본소속,385
E00189,R001,2011-09-18,2023-04-27,기본소속,4239
E00190,R001,2020-05-16,2021-10-16,기본소속,518
E00191,R001,2022-11-19,2025-01-29,기본소속,802
E00192,R001,2011-12-27,,기본소속,5150
E00193,R001,2014-06-19,,기본소속,4245
E00194,R001,2025-07-28,,기본소속,188
E00195,R001,2011-08-28,2012-08-24,기본소속,362
E00196,R019,2016-02-17,2021-01-06,소속지역변경,1785
E00197,R002,2015-10-20,,소속지역변경,3757
E00198,R001,2013-08-24,,기본소속,4544
E00199,R022,2024-07-06,,소속지역변경,575
E00200,R001,2018-09-18,,기본소속,2693
E00201,R001,2016-04-29,2019-07-16,기본소속,1173
E00202,R001,2023-04-07,2024-11-26,기본소속,599
E00203,R001,2020-07-16,2022-02-07,기본소속,571
E00204,R001,2020-09-15,,기본소속,1965
E00205,R001,2012-09-18,2015-09-18,기본소속,1095
E00206,R001,2021-04-02,2022-03-27,기본소속,359
E00207,R011,2014-06-27,2020-03-29,소속지역변경,2102
E00207,R004,2020-03-30,2020-04-15,소속지역변경,16
E00208,R001,2018-07-25,,기본소속,2748
E00209,R001,2014-04-19,2014-07-04,기본소속,76
E00210,R001,2021-03-08,2023-02-12,기본소속,706
E00211,R001,2016-12-06,2022-03-30,기본소속,1940
E00212,R012,2025-08-14,,소속지역변경,171
E00213,R001,2022-10-16,2025-08-24,기본소속,1043
E00213,R016,2025-08-25,,장기출장,160
E00213,R001,2022-10-16,,기본소속,1204
E00214,R001,2013-12-02,2017-06-22,기본소속,1298
E00215,R001,2018-02-18,,기본소속,2905
E00216,R011,2017-12-27,2018-07-08,소속지역변경,193
E00217,R023,2018-01-04,2019-10-25,소속지역변경,659
E00218,R001,2019-06-05,,기본소속,2433
E00219,R001,2021-10-29,,기본소속,1556
E00220,R012,2020-11-17,,소속지역변경,1902
E00221,R001,2012-08-06,2019-11-30,기본소속,2672
E00222,R001,2025-02-07,,기본소속,359
E00223,R001,2015-05-27,2022-03-05,기본소속,2474
E00224,R001,2014-12-30,2015-08-25,기본소속,238
E00225,R001,2018-03-03,2025-04-06,기본소속,2591
E00226,R001,2024-09-20,,기본소속,499
E00227,R001,2019-06-01,,기본소속,2437
E00228,R009,2020-10-03,2024-04-15,소속지역변경,1290
E00229,R001,2024-10-29,,기본소속,460
E00230,R001,2012-12-27,2019-10-29,기본소속,2497
E00231,R001,2016-10-06,,기본소속,3405
E00232,R001,2022-12-14,,기본소속,1145
E00233,R001,2012-10-19,2018-02-11,기본소속,1941
E00233,R001,2018-02-12,2018-06-16,장기출장,124
E00233,R001,2018-06-17,2021-11-02,기본소속,1234
E00233,R022,2021-11-03,2023-04-10,소속지역변경,523
E00233,R022,2023-04-11,2023-11-19,소속지역변경,222
E00234,R006,2012-11-19,2013-10-15,소속지역변경,330
E00234,R001,2013-10-16,2013-12-19,장기출장,64
E00234,R006,2013-12-20,2018-07-06,소속지역변경,1659
E00234,R020,2018-07-07,2021-01-16,소속지역변경,924
E00234,R020,2021-01-17,2025-10-23,소속지역변경,1740
E00235,R001,2017-06-03,2023-09-03,기본소속,2283
E00236,R022,2017-12-03,,소속지역변경,2982
E00237,R001,2015-06-27,2019-08-01,기본소속,1496
E00238,R001,2020-12-28,2021-06-25,기본소속,179
E00239,R001,2013-04-14,2018-08-14,기본소속,1948
E00239,R001,2018-08-15,2018-10-09,장기출장,55
E00239,R001,2018-10-10,2020-06-29,기본소속,628
E00240,R001,2013-03-02,2025-01-12,기본소속,4334
E00241,R001,2020-08-18,,기본소속,1993
E00242,R001,2014-02-26,,기본소속,4358
E00243,R001,2019-09-27,,기본소속,2319
E00244,R001,2020-07-12,2021-11-04,기본소속,480
E00245,R001,2015-04-09,2026-01-30,기본소속,3949
E00246,R001,2018-08-25,,기본소속,2717
E00247,R001,2014-05-20,2018-08-03,기본소속,1536
E00248,R001,2019-01-09,2025-05-10,기본소속,2313
E00248,R009,2025-05-11,2025-09-10,장기출장,122
E00248,R001,2025-09-11,,기본소속,143
E00249,R001,2015-02-21,2016-08-06,기본소속,532
E00249,R023,2016-08-07,2016-12-29,장기출장,144
E00249,R001,2016-12-30,,기본소속,3320
E00250,R001,2025-10-17,,기본소속,107
E00251,R001,2018-07-02,2024-06-02,기본소속,2162
E00252,R011,2016-03-07,2017-01-10,소속지역변경,309
E00253,R001,2011-08-04,,기본소속,5295
E00254,R001,2013-02-06,2024-07-06,기본소속,4168
E00255,R001,2019-09-27,2021-08-09,기본소속,682
E00256,R006,2021-01-07,,소속지역변경,1851
E00257,R001,2022-07-27,,기본소속,1285
E00258,R001,2018-07-19,,기본소속,2754
E00259,R001,2018-10-07,,기본소속,2674
E00260,R001,2018-06-09,2023-03-08,기본소속,1733
E00261,R001,2022-04-19,,기본소속,1384
E00262,R001,2011-07-17,2023-11-03,기본소속,4492
E00262,R022,2023-11-04,2024-04-28,장기출장,176
E00262,R001,2024-04-29,,기본소속,643
E00263,R001,2012-05-28,2015-01-20,기본소속,967
E00263,R022,2015-01-21,2015-05-07,장기출장,106
E00263,R001,2015-05-08,2024-08-31,기본소속,3403
E00264,R001,2018-04-05,2024-05-12,기본소속,2229
E00265,R001,2017-12-04,,기본소속,2981
E00266,R001,2018-09-21,,기본소속,2690
E00267,R018,2025-06-29,,소속지역변경,217
E00268,R001,2015-04-02,2019-11-09,기본소속,1682
E00269,R001,2017-07-23,2018-09-02,기본소속,406
E00270,R001,2023-02-24,,기본소속,1073
E00271,R001,2025-03-14,,기본소속,324
E00272,R023,2020-09-24,,소속지역변경,1956
E00273,R001,2024-07-21,,기본소속,560
E00274,R001,2017-05-09,,기본소속,3190
E00275,R001,2024-08-22,,기본소속,528
E00276,R001,2025-12-02,,기본소속,61
E00277,R014,2024-08-26,,소속지역변경,524
E00278,R001,2012-02-01,2018-10-16,기본소속,2449
E00278,R017,2018-10-17,2019-03-27,장기출장,161
E00278,R001,2019-03-28,2020-01-02,기본소속,280
E00279,R021,2020-11-26,,소속지역변경,1893
E00280,R011,2011-08-31,2016-09-15,소속지역변경,1842
E00281,R001,2016-02-28,2016-11-12,기본소속,258
E00281,R023,2016-11-13,2017-01-09,장기출장,57
E00281,R001,2017-01-10,2022-12-06,기본소속,2156
E00281,R010,2022-12-07,2023-06-02,장기출장,177
E00281,R001,2023-06-03,,기본소속,974
E00282,R007,2013-04-11,2018-02-21,소속지역변경,1777
E00283,R001,2022-05-11,,기본소속,1362
E00284,R001,2020-09-03,2024-06-22,기본소속,1388
E00285,R001,2012-09-16,2020-03-26,기본소속,2748
E00286,R001,2019-12-10,2023-09-26,기본소속,1386
E00287,R001,2014-04-27,2022-06-29,기본소속,2985
E00288,R001,2017-10-12,2021-02-25,기본소속,1232
E00289,R001,2024-03-05,,기본소속,698
E00290,R024,2016-08-11,2019-02-21,소속지역변경,924
E00291,R001,2014-03-02,2024-11-24,기본소속,3920
E00292,R001,2023-03-11,2023-04-28,기본소속,48
E00293,R011,2012-11-22,,소속지역변경,4819
E00294,R018,2024-07-16,,소속지역변경,565
E00295,R001,2016-03-31,2017-08-12,기본소속,499
E00296,R001,2018-01-12,2025-08-12,기본소속,2769
E00297,R001,2012-09-05,2020-07-09,기본소속,2864
E00298,R001,2013-05-02,2016-10-26,기본소속,1273
E00298,R015,2016-10-27,2017-01-09,장기출장,74
E00298,R001,2017-01-10,2018-10-29,기본소속,657
E00298,R017,2018-10-30,2019-01-14,장기출장,76
E00298,R001,2019-01-15,2023-05-30,기본소속,1596
E00299,R012,2020-05-08,,소속지역변경,2095
E00300,R001,2013-08-22,2019-02-10,기본소속,1998
E00301,R007,2018-04-18,2019-01-04,소속지역변경,261
E00301,R021,2019-01-05,2021-05-24,소속지역변경,870
E00301,R021,2021-05-25,2025-07-30,소속지역변경,1527
E00302,R001,2015-03-18,2022-03-04,기본소속,2543
E00303,R001,2019-01-31,2025-10-29,기본소속,2463
E00303,R024,2025-10-30,2026-01-27,장기출장,89
E00303,R001,2026-01-28,,기본소속,4
E00304,R001,2014-10-23,2025-03-11,기본소속,3792
E00305,R009,2020-09-10,,소속지역변경,1970
E00306,R001,2013-10-29,,기본소속,4478
E00307,R001,2021-10-06,,기본소속,1579
E00308,R001,2017-04-28,2024-05-15,기본소속,2574
E00309,R001,2016-11-28,2023-07-04,기본소속,2409
E00309,R002,2023-07-05,2023-09-27,장기출장,84
E00309,R001,2023-09-28,,기본소속,857
E00310,R001,2025-11-28,,기본소속,65
E00311,R003,2025-10-15,,소속지역변경,109
E00312,R001,2018-05-01,2021-02-22,기본소속,1028
E00313,R001,2014-11-16,2025-09-16,기본소속,3957
E00314,R001,2020-10-26,,기본소속,1924
E00315,R014,2020-10-24,2024-02-01,소속지역변경,1195
E00315,R011,2024-02-02,2024-06-28,장기출장,147
E00315,R014,2024-06-29,,소속지역변경,582
E00316,R001,2025-05-07,,기본소속,270
E00317,R009,2014-05-14,2015-05-05,소속지역변경,356
E00318,R001,2021-01-05,2024-12-02,기본소속,1427
E00319,R001,2017-03-03,2020-11-06,기본소속,1344
E00320,R002,2014-06-16,2023-02-03,소속지역변경,3154
E00321,R019,2025-03-15,,소속지역변경,323
E00322,R003,2015-07-28,2025-12-03,소속지역변경,3781
E00323,R018,2012-02-10,2014-09-25,소속지역변경,958
E00324,R001,2014-04-13,2023-01-07,기본소속,3191
E00325,R001,2019-09-23,,기본소속,2323
E00326,R009,2014-08-02,2020-06-02,소속지역변경,2131
E00327,R001,2021-01-02,,기본소속,1856
E00328,R001,2023-03-02,,기본소속,1067
E00329,R008,2014-04-30,2017-09-02,소속지역변경,1221
E00329,R008,2017-09-03,2018-03-01,장기출장,179
E00329,R008,2018-03-02,2020-10-01,소속지역변경,944
E00330,R001,2016-04-15,2016-08-24,기본소속,131
E00331,R001,2012-10-02,2015-04-06,기본소속,916
E00331,R025,2015-04-07,2015-06-05,장기출장,59
E00331,R001,2015-06-06,2024-06-05,기본소속,3287
E00332,R001,2021-07-20,,기본소속,1657
E00333,R001,2013-05-28,2021-11-23,기본소속,3101
E00334,R002,2014-03-25,2025-11-05,소속지역변경,4243
E00335,R001,2017-02-13,2022-11-27,기본소속,2113
E00336,R001,2023-02-20,2025-09-19,기본소속,942
E00337,R001,2018-08-06,2022-12-10,기본소속,1587
E00337,R023,2022-12-11,2023-01-21,장기출장,41
E00337,R001,2023-01-22,,기본소속,1106
E00338,R024,2025-03-01,,소속지역변경,337
E00339,R001,2012-01-18,2020-01-12,기본소속,2916
E00339,R019,2020-01-13,2020-05-26,장기출장,134
E00339,R001,2020-05-27,2021-05-22,기본소속,360
E00339,R025,2021-05-23,2021-08-30,장기출장,99
E00339,R001,2021-08-31,2023-01-17,기본소속,504
E00340,R001,2020-06-19,2020-10-16,기본소속,119
E00341,R024,2013-06-06,2020-02-28,소속지역변경,2458
E00342,R001,2016-01-22,2023-06-12,기본소속,2698
E00343,R001,2023-02-01,2024-03-31,기본소속,424
E00344,R001,2011-11-03,2019-02-08,기본소속,2654
E00345,R001,2018-12-21,2019-06-15,기본소속,176
E00345,R004,2019-06-16,2019-11-19,장기출장,156
E00345,R001,2019-11-20,2024-10-24,기본소속,1800
E00346,R018,2011-09-18,2013-08-22,소속지역변경,704
E00347,R024,2020-07-01,,소속지역변경,2041
E00348,R001,2021-08-31,2022-04-14,기본소속,226
E00349,R001,2021-10-22,2022-06-29,기본소속,250
E00349,R002,2022-06-30,2022-09-20,장기출장,82
E00349,R001,2022-09-21,,기본소속,1229
E00350,R004,2024-06-17,,소속지역변경,594
E00351,R001,2012-04-29,2016-02-29,기본소속,1401
E00352,R014,2013-09-04,,소속지역변경,4533
E00353,R001,2016-12-29,2018-08-14,기본소속,593
E00353,R016,2018-08-15,2019-01-16,장기출장,154
E00353,R001,2019-01-17,,기본소속,2572
E00354,R001,2025-03-22,,기본소속,316
E00355,R001,2015-04-09,2026-01-27,기본소속,3946
E00356,R001,2015-01-29,2023-10-31,기본소속,3197
E00357,R001,2011-07-30,2014-05-25,기본소속,1030
E00357,R014,2014-05-26,2014-07-15,장기출장,50
E00357,R001,2014-07-16,2023-09-22,기본소속,3355
E00358,R001,2024-09-26,,기본소속,493
E00359,R001,2023-11-04,,기본소속,820
E00360,R009,2018-05-24,2024-03-09,소속지역변경,2116
E00360,R001,2024-03-10,2024-07-14,장기출장,126
E00360,R009,2024-07-15,,소속지역변경,566
E00361,R001,2014-08-14,2014-11-12,기본소속,90
E00362,R022,2018-04-30,,소속지역변경,2834
E00363,R001,2016-01-09,2023-02-18,기본소속,2597
E00364,R001,2021-11-29,,기본소속,1525
E00365,R001,2020-11-17,,기본소속,1902
E00366,R001,2021-05-20,,기본소속,1718
E00367,R001,2014-05-26,,기본소속,4269
E00368,R001,2017-05-16,,기본소속,3183
E00369,R001,2025-02-13,,기본소속,353
E00370,R001,2021-09-29,2022-03-12,기본소속,164
E00371,R001,2014-02-05,2018-11-27,기본소속,1756
E00372,R015,2011-08-15,2025-10-26,소속지역변경,5186
E00373,R001,2018-11-07,2021-04-28,기본소속,903
E00374,R001,2017-10-27,,기본소속,3019
E00375,R001,2013-04-09,2016-12-28,기본소속,1359
E00375,R001,2016-12-29,2017-03-10,장기출장,71
E00375,R001,2017-03-11,2022-11-13,기본소속,2073
E00376,R001,2016-05-18,2025-10-30,기본소속,3452
E00377,R001,2025-06-12,2025-12-27,기본소속,198
E00377,R008,2025-12-28,,장기출장,35
E00377,R001,2025-06-12,,기본소속,234
E00378,R001,2017-02-26,2018-05-27,기본소속,455
E00379,R001,2021-12-01,,기본소속,1523
E00380,R001,2018-01-05,2020-05-26,기본소속,872
E00381,R001,2016-07-10,2022-08-20,기본소속,2232
E00382,R021,2017-06-20,,소속지역변경,3148
E00383,R001,2025-09-12,,기본소속,142
E00384,R006,2011-06-22,,소속지역변경,5338
E00385,R001,2025-11-01,,기본소속,92
E00386,R001,2022-01-03,2022-06-10,기본소속,158
E00386,R008,2022-06-11,2022-10-16,장기출장,127
E00386,R001,2022-10-17,,기본소속,1203
E00387,R015,2021-06-02,2025-06-10,소속지역변경,1469
E00388,R001,2016-11-28,2018-06-20,기본소속,569
E00388,R019,2018-06-21,2018-10-01,장기출장,102
E00388,R001,2018-10-02,2025-04-21,기본소속,2393
E00389,R001,2025-06-27,,기본소속,219
E00390,R013,2016-07-05,,소속지역변경,3498
E00391,R001,2019-04-22,2019-12-01,기본소속,223
E00391,R013,2019-12-02,2020-01-22,장기출장,51
E00391,R001,2020-01-23,,기본소속,2201
E00392,R024,2019-02-11,2024-01-28,소속지역변경,1812
E00393,R001,2025-03-11,,기본소속,327
E00394,R020,2016-08-15,,소속지역변경,3457
E00395,R001,2022-10-25,,기본소속,1195
E00396,R001,2018-07-10,,기본소속,2763
E00397,R001,2024-05-16,,기본소속,626
E00398,R001,2012-04-06,2013-12-17,기본소속,620
E00399,R001,2013-11-09,2017-05-21,기본소속,1289
E00400,R001,2013-06-24,2014-02-03,기본소속,224
E00401,R018,2016-04-16,2021-07-09,소속지역변경,1910
E00402,R001,2016-07-30,,기본소속,3473
E00403,R008,2011-04-30,2018-11-06,소속지역변경,2747
E00404,R001,2024-03-21,,기본소속,682
E00405,R022,2024-05-09,,소속지역변경,633
E00406,R001,2019-03-12,2023-01-13,기본소속,1403
E00406,R001,2023-01-14,2023-03-17,장기출장,62
E00406,R001,2023-03-18,,기본소속,1051
E00407,R001,2014-08-02,2015-07-08,기본소속,340
E00408,R001,2019-12-24,2021-01-15,기본소속,388
E00409,R001,2021-05-28,,기본소속,1710
E00410,R025,2017-01-29,2017-12-25,소속지역변경,330
E00411,R001,2016-05-29,2017-02-05,기본소속,252
E00412,R022,2017-08-21,2025-05-10,소속지역변경,2819
E00412,R005,2025-05-11,2025-09-25,장기출장,137
E00412,R022,2025-09-26,,소속지역변경,128
E00413,R001,2018-02-06,,기본소속,2917
E00414,R006,2023-04-17,,소속지역변경,1021
E00415,R001,2017-10-29,,기본소속,3017
E00416,R001,2016-09-23,2018-10-22,기본소속,759
E00417,R001,2020-02-01,2022-12-28,기본소속,1061
E00418,R015,2024-08-02,,소속지역변경,548
E00419,R001,2024-08-05,,기본소속,545
E00420,R001,2019-07-21,,기본소속,2387
E00421,R001,2019-07-06,,기본소속,2402
E00422,R001,2011-04-06,2023-11-10,기본소속,4601
E00423,R001,2011-09-25,2013-05-24,기본소속,607
E00424,R001,2014-03-20,2016-07-20,기본소속,853
E00424,R002,2016-07-21,2016-10-25,장기출장,96
E00424,R001,2016-10-26,2019-05-27,기본소속,943
E00425,R001,2024-01-19,2024-11-08,기본소속,294
E00426,R011,2011-10-23,2021-01-12,소속지역변경,3369
E00427,R008,2013-06-28,2022-04-10,소속지역변경,3208
E00428,R001,2024-06-22,,기본소속,589
E00429,R009,2020-02-21,2025-04-12,소속지역변경,1877
E00430,R001,2021-11-15,2025-06-27,기본소속,1320
E00431,R001,2011-04-08,2020-06-02,기본소속,3343
E00432,R002,2025-09-28,,소속지역변경,126
E00433,R001,2023-10-11,,기본소속,844
E00434,R001,2015-07-25,2020-07-01,기본소속,1803
E00435,R001,2012-02-26,2019-05-01,기본소속,2621
E00436,R001,2018-12-09,2019-03-14,기본소속,95
E00436,R009,2019-03-15,2019-04-24,장기출장,40
E00436,R001,2019-04-25,,기본소속,2474
E00437,R001,2014-12-17,2015-03-26,기본소속,99
E00438,R015,2020-02-05,,소속지역변경,2188
E00439,R001,2016-06-01,,기본소속,3532
E00440,R001,2013-07-27,2022-05-21,기본소속,3220
E00441,R017,2023-02-06,2023-11-05,소속지역변경,272
E00442,R001,2019-12-24,,기본소속,2231
E00443,R001,2011-10-22,2014-07-08,기본소속,990
E00443,R002,2014-07-09,2014-11-11,장기출장,125
E00443,R001,2014-11-12,2023-11-19,기본소속,3294
E00444,R001,2019-09-30,2019-11-23,기본소속,54
E00445,R018,2024-10-09,,소속지역변경,480
E00446,R001,2020-08-16,,기본소속,1995
E00447,R001,2021-12-01,,기본소속,1523
E00448,R001,2022-04-04,,기본소속,1399
E00449,R001,2020-05-07,2021-02-20,기본소속,289
E00450,R001,2019-09-13,2020-04-16,기본소속,216
E00451,R009,2014-10-24,,소속지역변경,4118
E00452,R010,2017-03-02,2025-02-08,소속지역변경,2900
E00453,R001,2015-04-05,2024-11-07,기본소속,3504
E00454,R001,2022-12-18,,기본소속,1141
E00455,R001,2020-08-28,2021-02-22,기본소속,178
E00456,R005,2022-04-24,2022-11-12,소속지역변경,202
E00456,R001,2022-11-13,2023-03-24,장기출장,131
E00456,R005,2023-03-25,,소속지역변경,1044
E00457,R001,2012-10-08,2016-02-07,기본소속,1217
E00457,R008,2016-02-08,2016-06-29,장기출장,142
E00457,R001,2016-06-30,2020-11-15,기본소속,1599
E00458,R001,2021-05-27,,기본소속,1711
E00459,R017,2019-05-21,2020-03-23,소속지역변경,307
E00459,R001,2020-03-24,2020-06-15,장기출장,83
E00459,R017,2020-06-16,2025-02-07,소속지역변경,1697
E00460,R001,2014-04-26,2016-10-11,기본소속,899
E00461,R001,2019-10-12,2023-02-10,기본소속,1217
E00462,R015,2015-03-07,2024-02-01,소속지역변경,3253
E00463,R001,2015-11-03,,기본소속,3743
E00464,R001,2021-05-27,,기본소속,1711
E00465,R001,2023-05-28,,기본소속,980
E00466,R025,2015-10-28,2023-08-06,소속지역변경,2839
E00467,R001,2024-06-21,,기본소속,590
E00468,R001,2011-02-04,2014-10-30,기본소속,1364
E00468,R020,2014-10-31,2015-04-22,장기출장,173
E00468,R001,2015-04-23,2022-08-16,기본소속,2672
E00468,R009,2022-08-17,2022-11-10,장기출장,85
E00468,R001,2022-11-11,2023-10-10,기본소속,333
E00468,R002,2023-10-11,2024-02-01,장기출장,113
E00468,R001,2024-02-02,,기본소속,730
E00469,R001,2023-11-07,2024-10-10,기본소속,338
E00470,R001,2022-03-15,,기본소속,1419
E00471,R001,2021-01-17,2021-06-27,기본소속,161
E00471,R005,2021-06-28,2021-12-08,장기출장,163
E00471,R001,2021-12-09,2024-07-12,기본소속,946
E00472,R023,2020-05-23,,소속지역변경,2080
E00473,R022,2024-04-29,2024-08-25,소속지역변경,118
E00474,R022,2012-06-19,2025-04-01,소속지역변경,4669
E00474,R020,2025-04-02,2025-11-01,소속지역변경,213
E00474,R020,2025-11-02,,소속지역변경,91
E00475,R012,2016-08-25,2019-11-21,소속지역변경,1183
E00476,R001,2024-07-08,,기본소속,573
E00477,R025,2022-03-15,2024-09-26,소속지역변경,926
E00478,R001,2013-09-30,2020-04-12,기본소속,2386
E00478,R009,2020-04-13,2020-05-29,장기출장,46
E00478,R001,2020-05-30,2022-05-20,기본소속,720
E00479,R025,2019-10-23,2020-08-04,소속지역변경,286
E00479,R001,2020-08-05,2020-12-19,장기출장,136
E00479,R025,2020-12-20,,소속지역변경,1869
E00480,R001,2020-04-01,,기본소속,2132
E00481,R001,2024-12-09,,기본소속,419
E00482,R001,2023-06-28,,기본소속,949
E00483,R001,2014-02-01,2023-01-11,기본소속,3266
E00484,R002,2014-06-22,2015-03-31,소속지역변경,282
E00485,R001,2025-01-26,,기본소속,371
E00486,R001,2013-03-10,,기본소속,4711
E00487,R001,2021-02-03,2023-06-16,기본소속,863
E00487,R011,2023-06-17,2023-10-31,장기출장,136
E00488,R008,2024-08-08,,소속지역변경,542
E00489,R001,2024-12-09,,기본소속,419
E00490,R017,2022-08-29,,소속지역변경,1252
E00491,R001,2019-02-19,2020-12-20,기본소속,670
E00492,R019,2020-09-25,,소속지역변경,1955
E00493,R001,2017-02-26,2023-03-22,기본소속,2215
E00494,R001,2014-11-03,2017-05-21,기본소속,930
E00495,R009,2024-12-26,,소속지역변경,402
E00496,R001,2018-12-04,2020-07-14,기본소속,588
E00497,R001,2018-02-23,,기본소속,2900
E00498,R001,2024-08-20,2025-10-06,기본소속,412
E00499,R001,2013-05-27,,기본소속,4633
E00500,R001,2012-06-28,,기본소속,4966
E00501,R001,2019-01-23,,기본소속,2566
E00502,R001,2016-05-12,2020-10-29,기본소속,1631
E00503,R001,2015-07-15,2021-02-28,기본소속,2055
E00503,R014,2021-03-01,2021-05-05,장기출장,65
E00503,R001,2021-05-06,2024-07-20,기본소속,1171
E00504,R012,2024-04-29,,소속지역변경,643
E00505,R001,2017-05-08,,기본소속,3191
E00506,R001,2024-10-22,2026-01-03,기본소속,438
E00507,R011,2018-12-09,,소속지역변경,2611
E00508,R015,2013-05-13,2024-11-13,소속지역변경,4202
E00508,R008,2024-11-14,,소속지역변경,444
E00508,R015,2013-05-13,,소속지역변경,4647
E00509,R001,2012-05-22,2013-09-13,기본소속,479
E00509,R013,2013-09-14,2013-12-02,장기출장,79
E00509,R001,2013-12-03,2019-09-07,기본소속,2104
E00509,R017,2019-09-08,2020-01-29,장기출장,143
E00509,R001,2020-01-30,,기본소속,2194
E00510,R024,2025-01-01,,소속지역변경,396
E00511,R001,2018-09-12,,기본소속,2699
E00512,R001,2015-06-06,2015-09-07,기본소속,93
E00512,R017,2015-09-08,2015-11-09,장기출장,62
E00512,R001,2015-11-10,2018-06-15,기본소속,948
E00512,R021,2018-06-16,2018-10-01,장기출장,107
E00512,R001,2018-10-02,2025-01-13,기본소속,2295
E00513,R001,2024-05-13,,기본소속,629
E00514,R001,2025-04-22,,기본소속,285
E00515,R001,2015-05-16,2017-02-19,기본소속,645
E00515,R019,2017-02-20,2017-06-01,장기출장,101
E00515,R001,2017-06-02,2021-07-28,기본소속,1517
E00516,R001,2024-12-08,2025-06-07,기본소속,181
E00517,R001,2013-11-05,2017-02-27,기본소속,1210
E00518,R001,2014-06-18,,기본소속,4246
E00519,R015,2019-07-09,,소속지역변경,2399
E00520,R023,2013-12-25,2020-09-30,소속지역변경,2471
E00521,R001,2016-11-04,2024-07-09,기본소속,2804
E00522,R001,2017-10-11,2026-01-14,기본소속,3017
E00523,R001,2021-05-19,,기본소속,1719
E00524,R021,2021-07-23,,소속지역변경,1654
E00525,R001,2017-07-26,,기본소속,3112
E00526,R001,2016-11-14,2024-03-20,기본소속,2683
E00527,R001,2025-07-19,,기본소속,197
E00528,R007,2016-08-23,2020-11-28,소속지역변경,1558
E00529,R015,2021-05-18,2021-07-09,소속지역변경,52
E00530,R001,2016-10-27,2020-05-05,기본소속,1286
E00530,R002,2020-05-06,2023-05-04,소속지역변경,1093
E00530,R002,2023-05-05,,소속지역변경,1003
E00531,R023,2019-04-05,2019-11-07,소속지역변경,216
E00531,R001,2019-11-08,2020-03-04,장기출장,117
E00531,R023,2020-03-05,,소속지역변경,2159
E00532,R011,2015-12-26,,소속지역변경,3690
E00533,R014,2020-02-22,2020-09-12,소속지역변경,203
E00533,R006,2020-09-13,2021-10-14,소속지역변경,396
E00533,R006,2021-10-15,,소속지역변경,1570
E00534,R001,2020-06-06,2021-01-11,기본소속,219
E00534,R019,2021-01-12,2021-02-22,장기출장,41
E00534,R001,2021-02-23,,기본소속,1804
E00535,R001,2012-05-14,2020-03-12,기본소속,2859
E00535,R023,2020-03-13,2020-05-06,장기출장,54
E00535,R001,2020-05-07,2024-11-11,기본소속,1649
E00536,R005,2025-02-12,,소속지역변경,354
E00537,R001,2011-09-22,,기본소속,5246
E00538,R001,2016-12-26,2018-05-09,기본소속,499
E00538,R005,2018-05-10,2018-11-01,장기출장,175
E00538,R001,2018-11-02,2023-04-17,기본소속,1627
E00539,R005,2021-06-10,,소속지역변경,1697
E00540,R001,2023-05-21,2023-11-11,기본소속,174
E00541,R007,2013-05-17,2021-10-21,소속지역변경,3079
E00541,R001,2021-10-22,2022-01-02,장기출장,72
E00541,R007,2022-01-03,,소속지역변경,1490
E00542,R001,2017-03-11,2018-08-27,기본소속,534
E00543,R001,2016-07-08,2017-01-25,기본소속,201
E00544,R001,2013-05-31,2013-08-10,기본소속,71
E00545,R001,2023-01-25,,기본소속,1103
E00546,R001,2020-02-17,2024-08-18,기본소속,1644
E00547,R001,2018-02-21,2024-03-31,기본소속,2230
E00548,R001,2011-09-24,2024-02-03,기본소속,4515
E00549,R001,2016-01-02,2016-12-24,기본소속,357
E00549,R025,2016-12-25,2017-01-14,장기출장,20
E00550,R001,2019-10-24,,기본소속,2292
E00551,R001,2020-04-10,,기본소속,2123
E00552,R001,2015-08-18,2019-02-02,기본소속,1264
E00552,R018,2019-02-03,2019-07-02,장기출장,149
E00552,R001,2019-07-03,,기본소속,2405
E00553,R001,2023-01-11,,기본소속,1117
E00554,R001,2018-07-02,,기본소속,2771
E00555,R001,2014-04-05,2017-08-17,기본소속,1230
E00555,R021,2017-08-18,2017-12-02,장기출장,106
E00555,R001,2017-12-03,,기본소속,2982
E00556,R021,2020-03-29,2023-09-28,소속지역변경,1278
E00557,R001,2017-07-27,2020-01-03,기본소속,890
E00558,R001,2019-11-04,2023-10-12,기본소속,1438
E00559,R001,2025-10-21,,기본소속,103
E00560,R001,2013-02-05,2017-12-05,기본소속,1764
E00561,R001,2012-12-05,2022-04-07,기본소속,3410
E00562,R001,2011-11-26,2023-06-24,기본소속,4228
E00563,R020,2013-09-15,2016-12-24,소속지역변경,1196
E00564,R001,2019-08-23,2021-07-12,기본소속,689
E00565,R001,2011-12-30,2016-03-15,기본소속,1537
E00566,R001,2020-01-23,,기본소속,2201
E00567,R001,2013-01-01,2018-01-13,기본소속,1838
E00568,R024,2011-04-11,2025-03-11,소속지역변경,5083
E00569,R001,2014-03-10,,기본소속,4346
E00570,R001,2021-07-13,2021-12-03,기본소속,143
E00570,R002,2021-12-04,2022-04-09,장기출장,126
E00570,R001,2022-04-10,2023-01-11,기본소속,276
E00571,R001,2018-05-19,2020-08-21,기본소속,825
E00572,R001,2019-10-09,,기본소속,2307
E00573,R003,2016-12-24,2018-05-07,소속지역변경,499
E00574,R021,2020-08-11,,소속지역변경,2000
E00575,R001,2025-06-10,,기본소속,236
E00576,R001,2014-12-12,2024-07-14,기본소속,3502
E00576,R008,2024-07-15,2024-12-04,장기출장,142
E00576,R001,2024-12-05,,기본소속,423
E00577,R024,2017-01-25,2019-03-08,소속지역변경,772
E00578,R001,2014-02-04,,기본소속,4380
E00579,R001,2012-10-12,2016-09-03,기본소속,1422
E00579,R006,2016-09-04,2017-04-12,소속지역변경,220
E00579,R006,2017-04-13,2025-08-02,소속지역변경,3033
E00580,R001,2011-04-07,2012-07-25,기본소속,475
E00581,R001,2025-06-14,,기본소속,232
E00582,R001,2021-06-28,,기본소속,1679
E00583,R001,2019-03-27,2025-06-21,기본소속,2278
E00584,R001,2015-06-03,2020-02-23,기본소속,1726
E00584,R001,2020-02-24,2020-05-25,장기출장,91
E00584,R001,2020-05-26,2020-09-03,기본소속,100
E00585,R001,2017-08-14,,기본소속,3093
E00586,R001,2014-04-05,2015-12-25,기본소속,629
E00587,R001,2018-06-19,2021-10-21,기본소속,1220
E00588,R001,2020-12-25,2024-10-30,기본소속,1405
E00589,R001,2023-03-05,2023-08-19,기본소속,167
E00590,R002,2011-11-20,2017-08-03,소속지역변경,2083
E00591,R008,2023-10-30,2024-03-08,소속지역변경,130
E00592,R001,2024-10-07,,기본소속,482
E00593,R015,2022-05-29,2023-08-06,소속지역변경,434
E00594,R001,2018-12-05,2025-07-09,기본소속,2408
E00595,R001,2024-08-17,,기본소속,533
E00596,R001,2013-07-06,2018-12-01,기본소속,1974
E00596,R019,2018-12-02,2019-01-01,장기출장,30
E00596,R001,2019-01-02,2024-07-09,기본소속,2015
E00597,R001,2018-02-08,,기본소속,2915
E00598,R001,2024-08-26,2026-01-25,기본소속,517
E00599,R019,2016-08-15,2020-05-31,소속지역변경,1385
E00600,R001,2014-06-16,2022-07-19,기본소속,2955
E00601,R001,2011-02-09,2012-11-25,기본소속,655
E00601,R019,2012-11-26,2013-05-14,장기출장,169
E00601,R001,2013-05-15,2014-01-24,기본소속,254
E00602,R001,2022-08-13,2024-01-05,기본소속,510
E00603,R025,2023-07-30,2023-12-09,소속지역변경,132
E00604,R001,2022-05-19,2024-01-22,기본소속,613
E00605,R001,2017-03-03,2024-03-13,기본소속,2567
E00606,R001,2019-12-27,2020-11-06,기본소속,315
E00607,R001,2016-05-03,2018-08-03,기본소속,822
E00608,R001,2019-07-13,2023-03-05,기본소속,1331
E00609,R025,2016-07-19,2022-01-29,소속지역변경,2020
E00610,R004,2016-04-25,,소속지역변경,3569
E00611,R001,2015-04-29,2015-11-30,기본소속,215
E00611,R009,2015-12-01,2016-04-19,장기출장,140
E00611,R001,2016-04-20,2020-06-16,기본소속,1518
E00612,R001,2013-08-11,2021-01-20,기본소속,2719
E00613,R001,2020-06-26,,기본소속,2046
E00614,R001,2011-08-23,2018-03-31,기본소속,2412
E00614,R019,2018-04-01,2018-09-15,장기출장,167
E00614,R001,2018-09-16,2025-07-19,기본소속,2498
E00615,R001,2024-07-30,,기본소속,551
E00616,R001,2015-04-28,,기본소속,3932
E00617,R001,2017-06-08,2024-11-28,기본소속,2730
E00618,R013,2016-06-21,2019-12-25,소속지역변경,1282
E00619,R001,2025-08-19,,기본소속,166
E00620,R001,2013-11-13,2016-07-24,기본소속,984
E00620,R005,2016-07-25,2017-01-03,장기출장,162
E00620,R001,2017-01-04,2017-05-14,기본소속,130
E00621,R001,2020-12-14,2024-03-16,기본소속,1188
E00622,R001,2011-05-20,2024-03-05,기본소속,4673
E00623,R001,2018-06-05,2018-11-12,기본소속,160
E00623,R016,2018-11-13,2019-01-23,장기출장,71
E00623,R001,2019-01-24,2022-08-05,기본소속,1289
E00624,R007,2020-04-30,,소속지역변경,2103
E00625,R001,2018-06-29,2023-10-17,기본소속,1936
E00625,R006,2023-10-18,2024-04-10,장기출장,175
E00625,R001,2024-04-11,,기본소속,661
E00626,R018,2021-06-14,2021-11-25,소속지역변경,164
E00626,R001,2021-11-26,2022-03-01,장기출장,95
E00626,R018,2022-03-02,2026-01-23,소속지역변경,1423
E00627,R001,2020-06-09,,기본소속,2063
E00628,R001,2021-11-20,,기본소속,1534
E00629,R001,2016-08-14,2020-03-31,기본소속,1325
E00630,R001,2022-01-11,2024-07-06,기본소속,907
E00631,R001,2022-07-03,,기본소속,1309
E00632,R001,2012-05-13,2014-05-04,기본소속,721
E00632,R018,2014-05-05,2014-09-18,장기출장,136
E00632,R001,2014-09-19,,기본소속,4153
E00633,R002,2013-11-16,2017-09-27,소속지역변경,1411
E00634,R001,2018-02-28,2018-04-18,기본소속,49
E00635,R001,2022-05-25,2024-03-26,기본소속,671
E00636,R001,2017-11-26,2020-09-29,기본소속,1038
E00637,R001,2021-03-31,,기본소속,1768
E00638,R005,2019-07-02,2022-01-24,소속지역변경,937
E00639,R001,2011-12-22,2017-03-22,기본소속,1917
E00639,R020,2017-03-23,2017-09-01,장기출장,162
E00639,R001,2017-09-02,2019-03-15,기본소속,559
E00639,R024,2019-03-16,2019-07-03,장기출장,109
E00639,R001,2019-07-04,2021-11-01,기본소속,851
E00640,R001,2025-07-02,,기본소속,214
E00641,R001,2019-04-02,2022-06-08,기본소속,1163
E00642,R001,2021-03-01,2025-12-15,기본소속,1750
E00643,R007,2022-05-17,2024-06-21,소속지역변경,766
E00644,R011,2014-04-11,2017-05-15,소속지역변경,1130
E00645,R001,2020-11-21,2024-10-12,기본소속,1421
E00646,R001,2013-02-27,,기본소속,4722
E00647,R001,2023-03-30,,기본소속,1039
E00648,R001,2015-02-27,2023-06-17,기본소속,3032
E00649,R007,2012-05-21,2019-05-05,소속지역변경,2540
E00649,R018,2019-05-06,2019-08-02,장기출장,88
E00649,R007,2019-08-03,2019-11-27,소속지역변경,116
E00650,R001,2020-01-31,,기본소속,2193
E00651,R001,2025-03-23,2025-12-23,기본소속,275
E00652,R001,2024-01-12,,기본소속,751
E00653,R001,2012-01-18,2022-07-05,기본소속,3821
E00654,R001,2025-05-29,2025-11-23,기본소속,178
E00654,R015,2025-11-24,,장기출장,69
E00654,R001,2025-05-29,,기본소속,248
E00655,R001,2020-10-20,,기본소속,1930
E00656,R019,2022-03-25,2024-10-22,소속지역변경,942
E00657,R001,2011-05-07,2019-06-22,기본소속,2968
E00658,R001,2018-01-16,2021-07-20,기본소속,1281
E00659,R001,2018-05-14,,기본소속,2820
E00660,R001,2015-10-29,2021-05-14,기본소속,2024
E00661,R001,2023-09-27,,기본소속,858
E00662,R025,2020-04-20,,소속지역변경,2113
E00663,R001,2019-08-12,,기본소속,2365
E00664,R001,2022-01-15,2025-03-19,기본소속,1159
E00665,R001,2016-12-11,2018-03-31,기본소속,475
E00666,R001,2020-08-21,2021-09-14,기본소속,389
E00667,R001,2018-07-26,2025-11-20,기본소속,2674
E00668,R001,2025-07-01,,기본소속,215
E00669,R001,2023-06-09,2025-03-21,기본소속,651
E00670,R001,2011-02-16,2013-01-17,기본소속,701
E00671,R001,2013-02-06,2019-06-23,기본소속,2328
E00672,R001,2021-02-12,2023-08-27,기본소속,926
E00672,R014,2023-08-28,2024-02-21,장기출장,177
E00672,R001,2024-02-22,,기본소속,710
E00673,R001,2020-01-28,2021-09-22,기본소속,603
E00674,R001,2025-10-09,,기본소속,115
E00675,R001,2025-06-29,,기본소속,217
E00676,R001,2020-03-29,,기본소속,2135
E00677,R013,2025-10-04,2026-01-10,소속지역변경,98
E00678,R001,2017-06-01,2019-09-13,기본소속,834
E00679,R001,2020-02-16,,기본소속,2177
E00680,R001,2013-08-05,,기본소속,4563
E00681,R019,2017-10-11,,소속지역변경,3035
E00682,R010,2021-03-19,2022-10-09,소속지역변경,569
E00683,R001,2013-02-19,2014-12-07,기본소속,656
E00684,R001,2015-08-28,2016-01-26,기본소속,151
E00684,R013,2016-01-27,2016-04-15,장기출장,79
E00684,R001,2016-04-16,2023-11-23,기본소속,2777
E00685,R001,2020-07-12,,기본소속,2030
E00686,R001,2017-01-02,2017-12-06,기본소속,338
E00687,R001,2013-12-21,2014-06-21,기본소속,182
E00688,R001,2013-12-09,2025-05-24,기본소속,4184
E00689,R001,2025-07-17,,기본소속,199
E00690,R013,2013-07-06,2014-04-17,소속지역변경,285
E00691,R001,2019-04-12,2025-11-19,기본소속,2413
E00692,R001,2011-04-03,2024-04-26,기본소속,4772
E00693,R001,2024-03-18,,기본소속,685
E00694,R001,2023-09-02,2024-11-19,기본소속,444
E00695,R001,2021-02-07,2025-07-01,기본소속,1605
E00696,R001,2022-02-03,,기본소속,1459
E00697,R001,2017-11-21,2024-08-02,기본소속,2446
E00698,R001,2017-09-14,2020-03-03,기본소속,901
E00699,R001,2021-07-22,2021-11-04,기본소속,105
E00700,R001,2018-03-13,2024-06-18,기본소속,2289
E00701,R001,2020-02-29,2022-08-05,기본소속,888
E00701,R013,2022-08-06,2022-11-16,장기출장,102
E00701,R001,2022-11-17,2024-10-22,기본소속,705
E00701,R017,2024-10-23,2025-02-05,장기출장,105
E00701,R001,2025-02-06,2025-12-12,기본소속,309
E00701,R011,2025-12-13,,장기출장,50
E00701,R001,2025-02-06,,기본소속,360
E00702,R001,2022-11-22,2024-06-07,기본소속,563
E00703,R001,2015-08-18,2021-10-21,기본소속,2256
E00704,R001,2022-08-04,2025-09-12,기본소속,1135
E00705,R001,2015-07-20,2020-12-03,기본소속,1963
E00706,R001,2020-03-02,,기본소속,2162
E00707,R001,2017-05-05,2023-09-22,기본소속,2331
E00707,R011,2023-09-23,2023-12-29,장기출장,97
E00707,R001,2023-12-30,2024-10-03,기본소속,278
E00708,R001,2023-05-19,2024-09-30,기본소속,500
E00708,R006,2024-10-01,2024-11-02,장기출장,32
E00708,R001,2024-11-03,,기본소속,455
E00709,R001,2020-06-12,2024-11-15,기본소속,1617
E00710,R001,2025-05-21,,기본소속,256
E00711,R006,2018-01-09,,소속지역변경,2945
E00712,R024,2022-12-19,,소속지역변경,1140
E00713,R003,2021-05-14,,소속지역변경,1724
E00714,R001,2021-04-22,,기본소속,1746
E00715,R001,2024-02-03,,기본소속,729
E00716,R001,2024-11-21,,기본소속,437
E00717,R001,2013-03-19,2020-11-02,기본소속,2785
E00717,R020,2020-11-03,2021-01-01,장기출장,59
E00717,R001,2021-01-02,,기본소속,1856
E00718,R001,2013-02-18,,기본소속,4731
E00719,R017,2021-02-19,2022-01-19,소속지역변경,334
E00720,R019,2016-07-20,,소속지역변경,3483
E00721,R016,2016-07-18,,소속지역변경,3485
E00722,R001,2019-10-29,2024-01-04,기본소속,1528
E00723,R001,2020-08-01,2022-11-12,기본소속,833
E00724,R001,2016-06-02,,기본소속,3531
E00725,R023,2018-04-02,,소속지역변경,2862
E00726,R006,2018-06-20,2019-11-10,소속지역변경,508
E00726,R001,2019-11-11,2020-01-04,장기출장,54
E00726,R006,2020-01-05,2020-10-18,소속지역변경,287
E00726,R001,2020-10-19,2021-03-31,장기출장,163
E00726,R006,2021-04-01,,소속지역변경,1767
E00727,R002,2022-12-05,2024-04-05,소속지역변경,487
E00728,R001,2017-09-15,,기본소속,3061
E00729,R001,2017-12-29,2024-09-08,기본소속,2445
E00730,R001,2014-08-23,2021-04-01,기본소속,2413
E00731,R022,2020-07-03,2021-05-03,소속지역변경,304
E00732,R001,2014-04-24,,기본소속,4301
E00733,R023,2014-11-22,2020-03-08,소속지역변경,1933
E00734,R001,2017-09-14,2023-05-28,기본소속,2082
E00735,R020,2017-12-02,2023-09-22,소속지역변경,2120
E00736,R001,2013-06-05,2014-09-19,기본소속,471
E00736,R011,2014-09-20,2014-10-23,장기출장,33
E00736,R001,2014-10-24,2021-06-09,기본소속,2420
E00736,R019,2021-06-10,2021-11-16,장기출장,159
E00736,R001,2021-11-17,2025-08-14,기본소속,1366
E00736,R006,2025-08-15,2025-10-18,장기출장,64
E00736,R001,2025-10-19,,기본소속,105
E00737,R001,2021-04-09,,기본소속,1759
E00738,R001,2023-09-12,,기본소속,873
E00739,R001,2022-12-16,,기본소속,1143
E00740,R001,2011-03-19,2013-04-28,기본소속,771
E00741,R022,2025-08-23,,소속지역변경,162
E00742,R001,2024-04-11,,기본소속,661
E00743,R001,2015-08-31,,기본소속,3807
E00744,R001,2016-03-04,2016-12-13,기본소속,284
E00744,R003,2016-12-14,2017-03-31,장기출장,107
E00744,R001,2017-04-01,2020-09-14,기본소속,1262
E00745,R024,2014-05-04,2022-07-31,소속지역변경,3010
E00746,R014,2018-03-27,,소속지역변경,2868
E00747,R001,2024-08-31,,기본소속,519
E00748,R001,2013-12-31,2025-05-05,기본소속,4143
E00749,R001,2020-04-14,,기본소속,2119
E00750,R001,2025-09-26,,기본소속,128
E00751,R001,2011-03-16,2011-07-10,기본소속,116
E00752,R001,2018-02-15,,기본소속,2908
E00753,R001,2015-09-29,2023-04-04,기본소속,2744
E00754,R001,2020-03-26,2022-12-29,기본소속,1008
E00755,R001,2017-02-15,2024-02-04,기본소속,2545
E00756,R001,2018-06-13,,기본소속,2790
E00757,R001,2012-04-22,2016-02-09,기본소속,1388
E00758,R001,2017-07-02,2026-01-27,기본소속,3131
E00759,R001,2012-09-05,,기본소속,4897
E00760,R003,2021-01-11,,소속지역변경,1847
E00761,R001,2016-03-14,2022-01-17,기본소속,2135
E00762,R022,2012-09-11,2015-12-04,소속지역변경,1179
E00763,R001,2022-07-04,2025-02-01,기본소속,943
E00764,R001,2025-03-22,,기본소속,316
E00765,R001,2011-08-15,2015-04-10,기본소속,1334
E00766,R001,2025-03-31,,기본소속,307
E00767,R022,2025-03-18,,소속지역변경,320
E00768,R001,2022-12-17,,기본소속,1142
E00769,R001,2014-09-13,2018-10-19,기본소속,1497
E00770,R001,2024-10-20,,기본소속,469
E00771,R001,2022-01-06,2025-04-09,기본소속,1189
E00772,R015,2018-01-22,,소속지역변경,2932
E00773,R001,2015-11-15,2022-04-19,기본소속,2347
E00774,R001,2013-02-09,2016-06-20,기본소속,1227
E00775,R001,2012-02-01,2023-01-04,기본소속,3990
E00776,R013,2018-07-04,2022-08-11,소속지역변경,1499
E00777,R001,2021-03-28,2021-07-18,기본소속,112
E00778,R007,2017-05-14,2021-08-17,소속지역변경,1556
E00778,R010,2021-08-18,2021-12-30,장기출장,134
E00778,R007,2021-12-31,,소속지역변경,1493
E00779,R001,2011-03-04,2016-02-28,기본소속,1822
E00780,R001,2016-08-23,2025-04-06,기본소속,3148
E00781,R019,2025-02-17,,소속지역변경,349
E00782,R001,2019-01-27,,기본소속,2562
E00783,R001,2024-12-09,,기본소속,419
E00784,R001,2012-06-30,2023-07-07,기본소속,4024
E00785,R001,2016-03-19,2018-11-23,기본소속,979
E00786,R001,2015-02-26,,기본소속,3993
E00787,R001,2019-05-06,,기본소속,2463
E00788,R001,2014-03-26,2015-09-21,기본소속,544
E00789,R005,2012-03-04,2018-03-08,소속지역변경,2195
E00790,R001,2014-06-01,,기본소속,4263
E00791,R001,2017-09-25,2021-12-16,기본소속,1543
E00792,R001,2011-07-30,2013-03-04,기본소속,583
E00792,R002,2013-03-05,2013-07-29,장기출장,146
E00792,R001,2013-07-30,2016-11-27,기본소속,1216
E00793,R001,2013-06-16,2014-07-01,기본소속,380
E00794,R023,2015-07-06,2023-02-02,소속지역변경,2768
E00795,R001,2018-08-02,2020-12-25,기본소속,876
E00796,R001,2014-07-20,2015-11-02,기본소속,470
E00796,R023,2015-11-03,2016-04-27,장기출장,176
E00796,R001,2016-04-28,,기본소속,3566
E00797,R001,2018-05-04,,기본소속,2830
E00798,R001,2017-12-25,2023-11-15,기본소속,2151
E00799,R001,2012-12-13,2021-02-18,기본소속,2989
E00800,R001,2019-09-09,,기본소속,2337
E00801,R001,2018-07-02,,기본소속,2771
E00802,R001,2016-08-25,2021-01-30,기본소속,1619
E00803,R001,2023-11-29,2024-03-09,기본소속,101
E00803,R016,2024-03-10,2024-05-08,장기출장,59
E00803,R001,2024-05-09,,기본소속,633
E00804,R021,2018-11-03,2024-05-12,소속지역변경,2017
E00804,R001,2024-05-13,2024-08-15,장기출장,94
E00804,R021,2024-08-16,,소속지역변경,534
E00805,R001,2025-04-11,,기본소속,296
E00806,R001,2020-12-10,2022-08-26,기본소속,624
E00806,R012,2022-08-27,2023-01-04,장기출장,130
E00806,R001,2023-01-05,2025-07-01,기본소속,908
E00806,R008,2025-07-02,2025-10-23,장기출장,113
E00806,R001,2025-10-24,,기본소속,100
E00807,R001,2017-11-29,2021-05-05,기본소속,1253
E00807,R017,2021-05-06,2021-07-13,장기출장,68
E00807,R001,2021-07-14,,기본소속,1663
E00808,R015,2024-12-27,,소속지역변경,401
E00809,R018,2024-02-10,,소속지역변경,722
E00810,R001,2023-06-16,2024-11-07,기본소속,510
E00811,R001,2013-06-21,2021-03-27,기본소속,2836
E00811,R022,2021-03-28,2021-09-09,장기출장,165
E00811,R001,2021-09-10,,기본소속,1605
E00812,R001,2016-01-09,2019-11-04,기본소속,1395
E00812,R004,2019-11-05,2020-04-09,장기출장,156
E00812,R001,2020-04-10,,기본소속,2123
E00813,R001,2015-02-07,2016-08-17,기본소속,557
E00813,R004,2016-08-18,2017-01-07,장기출장,142
E00813,R001,2017-01-08,2025-06-23,기본소속,3088
E00814,R001,2015-03-14,2021-12-24,기본소속,2477
E00814,R024,2021-12-25,2022-06-05,장기출장,162
E00814,R001,2022-06-06,,기본소속,1336
E00815,R001,2021-02-15,,기본소속,1812
E00816,R025,2012-10-24,2023-02-03,소속지역변경,3754
E00817,R010,2013-05-26,2014-07-10,소속지역변경,410
E00818,R001,2023-05-31,,기본소속,977
E00819,R001,2017-04-17,2017-10-27,기본소속,193
E00820,R010,2022-12-10,,소속지역변경,1149
E00821,R001,2025-02-09,,기본소속,357
E00822,R001,2020-01-29,2023-10-17,기본소속,1357
E00823,R017,2018-02-27,2019-05-25,소속지역변경,452
E00824,R001,2011-06-06,2023-03-16,기본소속,4301
E00825,R001,2016-12-09,2024-02-16,기본소속,2625
E00826,R001,2016-01-25,,기본소속,3660
E00827,R001,2021-05-18,2022-12-29,기본소속,590
E00828,R001,2013-05-31,2019-05-27,기본소속,2187
E00829,R001,2015-09-19,,기본소속,3788
E00830,R001,2015-01-31,2021-08-27,기본소속,2400
E00831,R001,2019-04-15,2025-06-21,기본소속,2259
E00832,R007,2012-06-17,2025-04-30,소속지역변경,4700
E00833,R021,2017-02-11,2019-02-23,소속지역변경,742
E00834,R023,2016-02-19,2020-06-09,소속지역변경,1572
E00835,R002,2020-08-03,,소속지역변경,2008
E00836,R001,2011-12-07,2020-07-02,기본소속,3130
E00837,R001,2021-09-15,,기본소속,1600
E00838,R001,2013-12-11,2018-09-08,기본소속,1732
E00838,R005,2018-09-09,2018-12-19,장기출장,101
E00838,R001,2018-12-20,2022-03-21,기본소속,1187
E00839,R012,2017-09-14,2024-05-17,소속지역변경,2437
E00840,R013,2020-05-30,,소속지역변경,2073
E00841,R002,2015-01-20,2022-06-18,소속지역변경,2706
E00842,R024,2021-05-20,,소속지역변경,1718
E00843,R001,2020-01-08,2020-12-21,기본소속,348
E00844,R013,2018-01-31,2021-01-09,소속지역변경,1074
E00844,R025,2021-01-10,2021-04-09,장기출장,89
E00844,R013,2021-04-10,2025-07-26,소속지역변경,1568
E00844,R020,2025-07-27,2025-12-26,장기출장,152
E00844,R013,2025-12-27,,소속지역변경,36
E00845,R001,2016-07-09,2022-05-25,기본소속,2146
E00846,R001,2018-04-23,2021-03-18,기본소속,1060
E00847,R001,2023-06-18,2024-08-06,기본소속,415
E00848,R004,2021-04-23,,소속지역변경,1745
E00849,R001,2011-05-13,2016-06-10,기본소속,1855
E00850,R001,2017-08-16,2023-07-01,기본소속,2145
E00851,R001,2021-01-31,2022-10-02,기본소속,609
E00851,R025,2022-10-03,2023-03-25,장기출장,173
E00851,R001,2023-03-26,2023-06-11,기본소속,77
E00852,R022,2022-07-03,,소속지역변경,1309
E00853,R025,2015-05-27,2019-06-10,소속지역변경,1475
E00854,R010,2018-08-25,,소속지역변경,2717
E00855,R001,2019-01-13,2022-12-26,기본소속,1443
E00856,R009,2017-04-20,2022-11-04,소속지역변경,2024
E00857,R006,2020-09-28,2025-04-08,소속지역변경,1653
E00858,R025,2017-05-12,2022-11-06,소속지역변경,2004
E00859,R005,2018-10-04,,소속지역변경,2677
E00860,R001,2016-03-25,2023-02-01,기본소속,2504
E00861,R001,2026-01-01,,기본소속,31
E00862,R001,2025-10-27,,기본소속,97
E00863,R001,2016-07-16,2016-09-11,기본소속,57
E00864,R001,2023-09-16,,기본소속,869
E00865,R001,2020-03-12,2025-11-26,기본소속,2085
E00866,R001,2019-06-17,,기본소속,2421
E00867,R001,2024-10-18,2025-01-27,기본소속,101
E00868,R001,2020-08-04,2023-02-20,기본소속,930
E00869,R002,2014-08-12,2016-12-28,소속지역변경,869
E00869,R001,2016-12-29,2017-05-21,장기출장,143
E00869,R002,2017-05-22,2020-10-04,소속지역변경,1231
E00869,R003,2020-10-05,2020-12-28,장기출장,84
E00869,R002,2020-12-29,,소속지역변경,1860
E00870,R001,2011-03-21,,기본소속,5431
E00871,R001,2024-09-21,,기본소속,498
E00872,R001,2018-08-20,2020-07-28,기본소속,708
E00873,R001,2012-07-18,2017-10-14,기본소속,1914
E00874,R001,2025-05-08,,기본소속,269
E00875,R008,2022-11-02,2023-05-08,소속지역변경,187
E00876,R001,2021-06-01,2024-05-19,기본소속,1083
E00877,R015,2019-03-07,,소속지역변경,2523
E00878,R001,2016-12-19,,기본소속,3331
E00879,R001,2015-09-07,2022-12-24,기본소속,2665
E00880,R019,2018-08-22,2021-11-14,소속지역변경,1180
E00881,R005,2021-06-08,2022-09-14,소속지역변경,463
E00882,R001,2018-08-29,,기본소속,2713
E00883,R001,2014-12-10,2016-09-15,기본소속,645
E00884,R001,2015-02-14,2017-04-19,기본소속,795
E00885,R003,2021-10-15,,소속지역변경,1570
E00886,R001,2016-03-15,2018-01-18,기본소속,674
E00887,R022,2023-07-18,2025-10-26,소속지역변경,831
E00887,R020,2025-10-27,,소속지역변경,97
E00887,R022,2023-07-18,,소속지역변경,929
E00888,R001,2019-08-11,2023-10-02,기본소속,1513
E00889,R001,2018-10-02,2022-01-26,기본소속,1212
E00889,R012,2022-01-27,2022-03-07,장기출장,39
E00889,R001,2022-03-08,2025-08-01,기본소속,1242
E00890,R001,2020-10-21,2024-11-28,기본소속,1499
E00891,R001,2023-07-31,,기본소속,916
E00892,R001,2012-01-21,2012-05-12,기본소속,112
E00892,R009,2012-05-13,2012-07-14,장기출장,62
E00892,R001,2012-07-15,2012-11-06,기본소속,114
E00892,R011,2012-11-07,2012-12-30,장기출장,53
E00892,R001,2012-12-31,,기본소속,4780
E00893,R023,2014-02-05,,소속지역변경,4379
E00894,R001,2011-12-16,2014-09-10,기본소속,999
E00895,R005,2018-01-21,2024-06-02,소속지역변경,2324
E00895,R021,2024-06-03,,소속지역변경,608
E00895,R005,2018-01-21,,소속지역변경,2933
E00896,R001,2018-01-03,2025-07-02,기본소속,2737
E00897,R009,2018-07-13,2021-01-09,소속지역변경,911
E00897,R024,2021-01-10,2021-03-12,장기출장,61
E00898,R001,2013-05-01,,기본소속,4659
E00899,R016,2019-12-03,2024-08-26,소속지역변경,1728
E00900,R001,2013-08-03,2021-01-28,기본소속,2735
E00901,R001,2014-12-30,2023-02-26,기본소속,2980
E00902,R001,2012-09-17,2015-05-03,기본소속,958
E00903,R001,2012-11-02,2023-09-20,기본소속,3974
E00904,R001,2019-11-19,,기본소속,2266
E00905,R001,2025-04-15,,기본소속,292
E00906,R001,2021-03-10,,기본소속,1789
E00907,R008,2015-08-11,2016-12-07,소속지역변경,484
E00907,R001,2016-12-08,2017-02-03,장기출장,57
E00907,R008,2017-02-04,,소속지역변경,3284
E00908,R001,2018-12-30,2024-06-12,기본소속,1991
E00909,R001,2017-11-24,2023-05-09,기본소속,1992
E00910,R001,2015-04-11,2017-09-20,기본소속,893
E00911,R001,2013-03-21,2016-11-30,기본소속,1350
E00912,R002,2025-08-24,,소속지역변경,161
E00913,R001,2013-02-23,2022-06-12,기본소속,3396
E00914,R001,2020-08-26,2020-11-09,기본소속,75
E00915,R001,2017-08-25,2020-06-18,기본소속,1028
E00916,R001,2023-03-29,,기본소속,1040
E00917,R001,2020-06-02,2020-09-28,기본소속,118
E00918,R001,2023-11-08,2024-07-10,기본소속,245
E00918,R007,2024-07-11,2024-12-04,장기출장,146
E00918,R001,2024-12-05,,기본소속,423
E00919,R001,2017-05-26,2018-04-12,기본소속,321
E00919,R016,2018-04-13,2018-06-16,장기출장,64
E00919,R001,2018-06-17,,기본소속,2786
E00920,R024,2012-09-28,2014-08-01,소속지역변경,672
E00920,R025,2014-08-02,2015-09-10,소속지역변경,404
E00921,R001,2019-07-14,,기본소속,2394
E00922,R001,2019-11-15,,기본소속,2270
E00923,R001,2016-03-27,,기본소속,3598
E00924,R001,2017-08-09,,기본소속,3098
E00925,R001,2025-09-05,,기본소속,149
E00926,R001,2024-11-07,2025-09-26,기본소속,323
E00927,R017,2016-03-12,2022-12-02,소속지역변경,2456
E00928,R001,2011-09-21,2015-06-01,기본소속,1349
E00929,R001,2020-11-07,,기본소속,1912
E00930,R001,2017-06-13,2019-01-15,기본소속,581
E00931,R001,2025-11-14,,기본소속,79
E00932,R005,2017-04-10,,소속지역변경,3219
E00933,R001,2011-03-03,,기본소속,5449
E00934,R001,2018-02-24,2025-04-16,기본소속,2608
E00935,R001,2022-05-28,2025-05-11,기본소속,1079
E00936,R001,2022-10-30,2023-02-17,기본소속,110
E00937,R001,2020-09-28,2025-10-26,기본소속,1854
E00938,R001,2025-05-23,,기본소속,254
E00939,R001,2014-01-24,2017-06-10,기본소속,1233
E00940,R001,2020-07-15,,기본소속,2027
E00941,R001,2023-04-09,2023-12-16,기본소속,251
E00941,R013,2023-12-17,2024-02-21,장기출장,66
E00941,R001,2024-02-22,,기본소속,710
E00942,R007,2012-06-16,2013-10-17,소속지역변경,488
E00943,R001,2013-01-13,2013-12-23,기본소속,344
E00943,R006,2013-12-24,2014-05-19,장기출장,146
E00943,R001,2014-05-20,2016-11-05,기본소속,900
E00944,R019,2022-10-02,,소속지역변경,1218
E00945,R011,2013-05-08,2019-03-23,소속지역변경,2145
E00946,R001,2025-04-15,2025-08-15,기본소속,122
E00947,R001,2023-01-14,2026-01-06,기본소속,1088
E00948,R001,2025-07-11,,기본소속,205
E00949,R001,2020-11-27,2023-06-16,기본소속,931
E00949,R016,2023-06-17,2023-10-15,장기출장,120
E00949,R001,2023-10-16,,기본소속,839
E00950,R001,2011-03-26,2016-03-23,기본소속,1824
E00950,R016,2016-03-24,2016-05-14,장기출장,51
E00950,R001,2016-05-15,2020-05-28,기본소속,1474
E00951,R001,2022-10-24,,기본소속,1196
E00952,R001,2019-01-03,2021-09-24,기본소속,995
E00952,R013,2021-09-25,2022-01-10,장기출장,107
E00952,R001,2022-01-11,,기본소속,1482
E00953,R001,2018-11-20,2025-09-08,기본소속,2484
E00954,R001,2013-01-06,,기본소속,4774
E00955,R001,2017-04-16,2023-09-10,기본소속,2338
E00956,R003,2014-02-10,2014-08-11,소속지역변경,182
E00957,R001,2015-05-22,2025-04-27,기본소속,3628
E00958,R001,2013-03-24,2019-09-01,기본소속,2352
E00959,R001,2011-12-27,2013-12-28,기본소속,732
E00960,R001,2016-06-30,,기본소속,3503
E00961,R007,2023-06-25,2024-03-02,소속지역변경,251
E00962,R001,2019-12-21,,기본소속,2234
E00963,R013,2012-08-23,2022-10-19,소속지역변경,3709
E00964,R001,2022-07-23,,기본소속,1289
E00965,R013,2018-09-11,2022-08-30,소속지역변경,1449
E00965,R001,2022-08-31,2023-01-31,장기출장,153
E00965,R013,2023-02-01,2025-07-30,소속지역변경,910
E00966,R001,2021-08-02,2024-04-23,기본소속,995
E00967,R001,2023-05-22,,기본소속,986
E00968,R001,2022-09-15,2025-06-27,기본소속,1016
E00969,R024,2022-02-16,,소속지역변경,1446
E00970,R001,2019-11-11,,기본소속,2274
E00971,R021,2025-10-28,,소속지역변경,96
E00972,R001,2020-05-07,,기본소속,2096
E00973,R001,2017-07-27,,기본소속,3111
E00974,R001,2016-01-26,2018-01-23,기본소속,728
E00975,R001,2024-12-02,2025-04-23,기본소속,142
E00976,R001,2016-01-10,2025-06-02,기본소속,3431
E00977,R001,2019-08-01,,기본소속,2376
E00978,R001,2018-02-07,2022-10-16,기본소속,1712
E00979,R001,2017-04-24,2021-11-09,기본소속,1660
E00979,R024,2021-11-10,2022-01-27,장기출장,78
E00979,R001,2022-01-28,2024-02-18,기본소속,751
E00980,R001,2017-05-24,2017-10-10,기본소속,139
E00980,R008,2017-10-11,2018-03-18,장기출장,158
E00980,R001,2018-03-19,2019-01-28,기본소속,315
E00981,R017,2021-06-20,2026-01-02,소속지역변경,1657
E00982,R001,2023-08-15,,기본소속,901
E00983,R009,2018-01-01,2024-08-13,소속지역변경,2416
E00984,R001,2011-07-12,2015-09-08,기본소속,1519
E00985,R001,2011-09-13,2025-08-15,기본소속,5085
E00985,R023,2025-08-16,2025-10-04,장기출장,49
E00986,R014,2016-01-11,2023-07-04,소속지역변경,2731
E00987,R001,2014-12-06,2020-09-27,기본소속,2122
E00988,R001,2011-06-22,2017-06-26,기본소속,2196
E00989,R022,2016-10-30,2018-10-16,소속지역변경,716
E00990,R001,2024-04-29,,기본소속,643
E00991,R001,2015-01-05,2023-04-29,기본소속,3036
E00991,R004,2023-04-30,2023-10-03,장기출장,156
E00991,R001,2023-10-04,,기본소속,851
E00992,R001,2013-02-04,2020-11-11,기본소속,2837
E00993,R001,2024-10-24,,기본소속,465
E00994,R017,2024-08-28,,소속지역변경,522
E00995,R001,2014-04-19,2016-08-01,기본소속,835
E00995,R015,2016-08-02,2016-09-30,장기출장,59
E00995,R001,2016-10-01,2021-06-01,기본소속,1704
E00995,R024,2021-06-02,2021-08-12,장기출장,71
E00995,R001,2021-08-13,2024-07-19,기본소속,1071
E00996,R001,2014-07-26,2016-03-10,기본소속,593
E00997,R001,2011-10-13,2026-01-29,기본소속,5222
E00997,R006,2026-01-30,,장기출장,2
E00997,R001,2011-10-13,,기본소속,5225
E00998,R001,2013-04-18,2016-01-06,기본소속,993
E00998,R014,2016-01-07,2016-02-29,장기출장,53
E00998,R001,2016-03-01,2018-07-13,기본소속,864
E00999,R001,2023-03-04,,기본소속,1065
E01000,R001,2018-02-03,2022-06-01,기본소속,1579
