EMP_ID,WORK_SYS_ID,WORK_ASSIGN_START_DATE,WORK_ASSIGN_END_DATE
E00001,WS001,2014-11-06,2019-05-10
E00001,WS001,2015-06-08,2021-10-03
E00002,WS001,2013-11-12,2015-03-31
E00002,WS001,2015-04-01,2016-06-30
E00002,WS001,2016-07-01,
E00003,WS001,2023-10-22,2025-09-30
E00003,WS001,2025-10-01,
E00004,WS001,2012-11-28,2018-07-23
E00005,WS001,2017-11-20,2019-09-30
E00005,WS001,2019-10-01,2021-01-12
E00006,WS002,2025-10-17,
E00007,WS001,2017-07-18,2021-09-30
E00007,WS001,2018-01-01,2022-01-31
E00007,WS001,2018-10-01,2019-12-31
E00008,WS001,2020-12-12,2022-03-31
E00008,WS001,2022-04-01,
E00009,WS001,2023-01-25,
E00010,WS001,2012-05-18,2013-11-17
E00010,WS001,2013-11-18,2020-02-23
E00011,WS001,2024-09-29,2025-03-27
E00012,WS001,2014-02-19,2015-12-31
E00012,WS001,2016-01-01,2017-03-31
E00012,WS001,2017-04-01,
E00013,WS001,2018-04-02,2019-06-30
E00013,WS003,2019-07-01,2021-12-31
E00013,WS002,2022-01-01,
E00014,WS003,2018-02-24,2021-12-31
E00014,WS002,2022-01-01,2022-12-31
E00014,WS003,2020-01-01,2021-12-31
E00014,WS002,2022-01-01,2023-04-23
E00015,WS003,2015-07-05,2017-06-30
E00015,WS001,2017-07-01,2018-09-30
E00015,WS001,2018-10-01,2024-08-12
E00016,WS001,2017-07-27,2019-02-23
E00017,WS001,2024-01-19,2025-08-23
E00017,WS001,2025-08-24,
E00018,WS001,2011-07-15,2012-12-31
E00018,WS001,2013-01-01,2014-06-30
E00018,WS001,2014-07-01,2014-09-17
E00019,WS001,2024-04-11,2026-01-18
E00019,WS001,2026-01-19,
E00020,WS001,2012-09-06,2014-03-31
E00020,WS001,2012-10-01,2013-03-23
E00020,WS003,2014-04-01,2021-12-31
E00020,WS002,2022-01-01,2022-01-07
E00021,WS001,2017-03-28,2024-01-27
E00022,WS001,2013-08-21,2016-09-30
E00022,WS003,2016-10-01,2018-09-30
E00022,WS003,2018-10-01,2021-12-31
E00022,WS002,2022-01-01,2025-03-17
E00023,WS001,2019-02-03,2020-12-31
E00023,WS001,2021-01-01,2022-07-10
E00024,WS001,2015-05-11,2016-09-30
E00024,WS001,2016-10-01,2017-08-29
E00024,WS001,2017-08-30,2017-12-31
E00024,WS001,2018-01-01,2019-03-31
E00024,WS001,2019-04-01,2024-11-21
E00025,WS001,2024-12-09,
E00026,WS003,2012-09-07,2014-09-30
E00026,WS003,2014-10-01,2021-12-31
E00026,WS002,2022-01-01,2025-01-18
E00027,WS002,2022-04-29,2024-02-29
E00028,WS001,2023-05-23,2025-06-30
E00028,WS001,2025-07-01,
E00029,WS001,2022-11-27,2024-12-31
E00029,WS001,2025-01-01,
E00030,WS001,2017-08-23,2019-06-30
E00030,WS001,2019-07-01,2020-12-31
E00030,WS003,2021-01-01,2021-12-31
E00030,WS002,2022-01-01,2022-06-30
E00030,WS002,2022-07-01,2025-09-14
E00031,WS001,2017-04-22,2025-08-25
E00032,WS001,2020-03-24,2021-06-30
E00032,WS001,2021-07-01,2022-09-30
E00033,WS001,2018-10-25,2020-09-30
E00033,WS001,2020-10-01,2021-02-23
E00034,WS001,2024-06-27,
E00035,WS001,2020-01-18,2021-03-31
E00035,WS001,2021-04-01,2023-03-31
E00035,WS001,2023-04-01,
E00036,WS003,2021-04-06,2021-12-31
E00036,WS002,2022-01-01,
E00037,WS001,2022-07-01,2023-10-02
E00038,WS002,2023-01-20,2024-10-05
E00039,WS001,2018-02-22,2019-12-31
E00039,WS001,2020-01-01,
E00040,WS001,2018-07-09,2020-06-30
E00040,WS001,2020-07-01,2022-06-22
E00041,WS001,2019-10-14,2021-05-08
E00042,WS003,2018-08-15,2020-06-30
E00042,WS003,2020-07-01,2021-12-31
E00042,WS002,2022-01-01,2025-12-27
E00043,WS001,2015-04-25,2017-03-31
E00043,WS001,2017-04-01,2017-05-21
E00044,WS001,2022-01-17,2023-03-31
E00044,WS001,2023-04-01,
E00045,WS001,2023-05-15,2024-11-09
E00046,WS001,2025-07-30,
E00047,WS001,2022-12-10,2024-09-30
E00047,WS001,2024-10-01,
E00048,WS001,2015-03-20,2016-12-31
E00048,WS001,2015-10-01,2016-06-30
E00048,WS001,2017-01-01,2018-12-31
E00048,WS001,2019-01-01,2020-06-30
E00048,WS003,2020-07-01,2021-05-18
E00049,WS001,2023-07-27,2024-09-30
E00049,WS001,2024-10-01,
E00050,WS003,2015-09-30,2021-12-31
E00050,WS002,2022-01-01,2023-08-11
E00050,WS003,2017-07-01,2018-09-30
E00051,WS001,2023-06-19,
E00052,WS001,2022-02-24,2026-02-06
E00052,WS001,2023-07-01,2023-09-14
E00052,WS001,2023-09-15,
E00053,WS001,2014-07-08,2015-05-20
E00053,WS001,2015-05-21,2015-12-31
E00053,WS001,2016-01-01,2017-03-31
E00053,WS001,2017-04-01,2019-03-31
E00053,WS001,2017-10-01,2018-12-31
E00053,WS001,2019-04-01,
E00054,WS001,2024-02-28,2025-06-30
E00054,WS001,2025-07-01,
E00055,WS002,2023-05-11,2025-03-31
E00055,WS002,2025-04-01,
E00056,WS001,2016-06-01,2026-02-06
E00056,WS001,2017-10-01,2019-06-30
E00056,WS001,2019-07-01,
E00057,WS003,2014-10-04,2015-12-31
E00057,WS003,2016-01-01,2017-06-30
E00057,WS003,2017-07-01,2019-06-30
E00057,WS001,2019-07-01,2020-09-30
E00057,WS001,2020-10-01,2022-01-24
E00058,WS001,2019-08-10,2020-12-24
E00059,WS003,2018-03-09,2019-12-31
E00059,WS001,2020-01-01,2022-03-19
E00060,WS001,2016-12-03,2023-04-23
E00061,WS001,2025-03-08,
E00062,WS003,2014-01-28,2015-03-31
E00062,WS001,2015-04-01,2024-12-06
E00063,WS001,2025-08-30,
E00064,WS001,2014-10-29,2016-03-31
E00064,WS001,2016-04-01,2016-09-30
E00064,WS001,2016-10-01,2018-09-30
E00064,WS001,2018-10-01,2020-06-30
E00064,WS001,2020-07-01,2021-06-10
E00065,WS001,2013-01-28,2014-06-30
E00065,WS001,2014-07-01,2025-12-14
E00066,WS001,2024-02-16,2024-06-30
E00066,WS001,2024-07-01,2025-12-31
E00066,WS001,2026-01-01,
E00067,WS001,2024-02-18,2026-01-31
E00068,WS001,2016-03-18,2017-06-30
E00068,WS001,2017-07-01,2019-03-31
E00068,WS001,2019-04-01,2020-09-30
E00068,WS001,2020-10-01,
E00069,WS001,2022-02-06,2023-09-30
E00069,WS001,2023-10-01,2024-07-08
E00070,WS001,2016-07-27,2018-06-30
E00070,WS001,2018-07-01,2020-06-30
E00070,WS001,2020-07-01,2022-06-30
E00070,WS001,2022-07-01,2023-12-31
E00070,WS001,2024-01-01,
E00071,WS001,2018-12-09,
E00072,WS001,2021-08-11,2022-12-31
E00072,WS001,2023-01-01,2024-03-31
E00072,WS001,2024-04-01,2025-06-20
E00073,WS001,2017-12-29,2019-06-30
E00073,WS001,2019-07-01,2021-06-30
E00073,WS001,2021-07-01,2023-03-31
E00073,WS001,2023-04-01,2024-01-23
E00074,WS002,2022-08-13,
E00075,WS001,2015-08-29,2016-09-30
E00075,WS001,2016-10-01,2017-12-31
E00075,WS001,2018-01-01,2018-12-11
E00076,WS001,2017-09-11,2019-06-30
E00076,WS001,2019-07-01,2021-03-31
E00076,WS001,2021-04-01,
E00077,WS001,2025-06-01,
E00078,WS001,2021-11-15,2023-06-30
E00078,WS001,2023-07-01,2024-04-27
E00079,WS003,2014-11-16,2021-12-31
E00079,WS002,2022-01-01,2024-01-08
E00080,WS001,2022-02-14,2022-04-11
E00081,WS001,2014-04-12,2016-03-31
E00081,WS001,2016-04-01,2026-02-06
E00081,WS001,2016-07-01,
E00082,WS003,2019-05-19,2021-03-31
E00082,WS001,2021-04-01,2022-09-30
E00082,WS001,2022-10-01,2023-12-31
E00082,WS001,2024-01-01,2025-03-31
E00082,WS001,2025-04-01,
E00083,WS003,2011-08-28,2013-09-30
E00083,WS001,2013-10-01,2023-06-18
E00084,WS003,2013-06-20,2015-12-08
E00085,WS003,2013-07-08,2014-03-02
E00086,WS001,2011-11-18,2012-01-22
E00086,WS001,2012-01-23,2020-07-03
E00087,WS001,2023-01-26,2024-03-31
E00087,WS001,2024-04-01,
E00088,WS001,2022-02-27,2023-09-30
E00088,WS001,2022-07-01,2023-06-20
E00088,WS001,2023-10-01,2024-02-15
E00088,WS001,2024-02-16,
E00089,WS001,2021-06-04,2022-06-30
E00089,WS001,2022-07-01,2025-06-30
E00089,WS001,2025-07-01,
E00090,WS003,2011-10-11,2013-06-30
E00090,WS001,2013-07-01,2014-12-31
E00090,WS001,2015-01-01,2015-02-11
E00091,WS003,2021-07-07,2021-11-21
E00092,WS001,2019-10-15,2026-02-06
E00092,WS001,2021-04-01,2022-12-31
E00092,WS001,2023-01-01,
E00093,WS001,2014-02-24,2015-07-01
E00094,WS001,2016-10-18,2019-02-12
E00095,WS001,2018-07-01,2020-06-30
E00095,WS001,2020-07-01,2021-12-31
E00095,WS001,2022-01-01,2023-12-31
E00095,WS001,2024-01-01,
E00096,WS001,2025-02-26,
E00097,WS002,2022-10-10,2024-09-30
E00097,WS001,2024-10-01,2025-12-31
E00097,WS001,2026-01-01,
E00098,WS001,2013-08-17,2015-03-31
E00098,WS001,2015-04-01,2016-12-31
E00098,WS001,2017-01-01,2018-12-31
E00098,WS001,2019-01-01,2019-09-11
E00099,WS003,2021-04-04,2021-12-31
E00099,WS002,2022-01-01,2022-12-31
E00099,WS002,2023-01-01,2024-09-30
E00099,WS002,2024-10-01,2025-07-17
E00100,WS001,2020-09-08,2025-03-04
E00101,WS001,2016-10-28,2017-12-31
E00101,WS001,2018-01-01,2018-09-16
E00102,WS001,2016-12-31,2018-06-30
E00102,WS001,2018-07-01,2019-09-30
E00102,WS001,2019-10-01,2020-04-16
E00103,WS001,2016-07-09,2020-03-31
E00103,WS001,2020-04-01,2022-03-31
E00103,WS001,2022-04-01,2024-04-06
E00104,WS001,2011-03-01,2011-09-29
E00104,WS001,2011-09-30,2012-06-30
E00104,WS001,2012-07-01,2013-09-30
E00104,WS003,2013-10-01,2014-12-31
E00104,WS003,2015-01-01,2016-11-10
E00105,WS001,2023-12-20,2024-06-30
E00105,WS001,2024-07-01,2025-12-31
E00105,WS001,2026-01-01,
E00106,WS001,2025-02-03,
E00107,WS003,2018-02-02,2018-03-12
E00107,WS003,2018-03-13,2019-10-23
E00108,WS003,2014-09-11,2016-03-01
E00109,WS001,2020-06-23,2022-03-31
E00109,WS001,2022-04-01,2023-12-31
E00109,WS001,2024-01-01,2024-06-06
E00110,WS001,2019-01-14,2020-09-30
E00110,WS001,2020-10-01,2022-03-31
E00110,WS001,2022-04-01,2022-06-05
E00111,WS003,2017-12-25,2019-12-31
E00111,WS003,2020-01-01,2020-05-07
E00112,WS001,2019-02-07,2025-04-01
E00113,WS001,2024-01-18,2025-09-30
E00113,WS001,2025-10-01,
E00114,WS001,2016-04-22,2019-06-30
E00114,WS001,2019-07-01,2021-06-30
E00114,WS001,2021-07-01,2023-03-31
E00114,WS001,2023-04-01,
E00115,WS003,2011-12-04,2012-09-22
E00116,WS001,2014-06-24,
E00117,WS003,2011-12-14,2013-12-31
E00117,WS001,2014-01-01,2015-03-31
E00117,WS001,2015-04-01,2017-03-31
E00117,WS001,2017-04-01,
E00118,WS001,2024-09-15,
E00119,WS003,2019-12-06,2021-09-30
E00119,WS003,2021-10-01,2021-12-31
E00119,WS002,2022-01-01,2023-09-30
E00119,WS002,2023-10-01,
E00120,WS002,2024-12-31,
E00121,WS003,2019-02-23,2020-12-31
E00121,WS003,2021-01-01,2021-12-31
E00121,WS002,2022-01-01,2022-06-30
E00121,WS002,2022-07-01,
E00122,WS001,2022-04-20,2023-12-31
E00122,WS001,2024-01-01,2025-12-31
E00122,WS001,2026-01-01,
E00123,WS001,2013-06-13,2014-09-30
E00123,WS001,2014-10-01,2015-12-31
E00123,WS003,2016-01-01,2017-06-30
E00123,WS003,2017-07-01,2019-03-31
E00123,WS003,2019-04-01,2021-07-28
E00124,WS001,2023-11-11,2025-03-18
E00125,WS001,2025-11-17,
E00126,WS001,2024-06-08,
E00127,WS001,2015-06-19,
E00128,WS001,2012-01-09,2013-12-31
E00128,WS001,2014-01-01,2015-12-31
E00128,WS001,2014-07-01,2014-07-07
E00128,WS001,2016-01-01,2026-02-06
E00128,WS001,2016-07-01,
E00129,WS001,2017-10-27,2019-01-19
E00130,WS001,2018-02-13,2019-12-31
E00130,WS001,2020-01-01,2025-02-08
E00131,WS003,2021-08-21,2021-09-30
E00131,WS003,2021-10-01,2021-12-31
E00131,WS002,2022-01-01,2023-09-30
E00131,WS002,2023-10-01,2026-02-06
E00131,WS002,2024-04-01,
E00132,WS003,2012-06-29,2013-06-04
E00132,WS003,2013-06-05,2014-06-30
E00132,WS003,2014-07-01,2021-12-31
E00132,WS002,2022-01-01,2025-03-05
E00133,WS001,2011-04-12,2011-09-28
E00133,WS001,2011-09-29,2016-05-22
E00133,WS001,2013-04-01,2014-06-30
E00134,WS001,2021-11-16,2023-03-31
E00134,WS001,2023-04-01,2025-08-01
E00135,WS002,2024-11-24,2025-10-16
E00135,WS002,2025-01-01,
E00136,WS001,2025-03-23,
E00137,WS001,2018-04-04,2020-03-31
E00137,WS003,2020-04-01,2021-12-31
E00137,WS002,2022-01-01,2024-08-17
E00138,WS001,2025-08-23,
E00139,WS001,2021-04-23,2023-07-27
E00140,WS003,2017-12-30,2021-12-31
E00140,WS002,2022-01-01,2022-12-31
E00140,WS001,2023-01-01,2024-09-30
E00140,WS001,2024-10-01,
E00141,WS003,2020-09-05,2021-12-31
E00141,WS002,2022-01-01,2022-09-30
E00141,WS002,2022-10-01,2023-12-31
E00141,WS001,2024-01-01,
E00142,WS003,2015-02-04,2016-09-30
E00142,WS003,2016-10-01,2017-11-02
E00143,WS001,2023-11-11,2024-12-31
E00143,WS001,2025-01-01,2025-03-31
E00143,WS001,2025-04-01,
E00144,WS002,2023-01-08,2024-06-30
E00144,WS001,2024-07-01,
E00145,WS003,2019-03-17,2020-09-30
E00145,WS003,2020-10-01,2021-12-31
E00145,WS002,2022-01-01,2022-03-31
E00145,WS002,2022-04-01,2023-09-30
E00145,WS002,2023-10-01,2025-01-05
E00146,WS001,2021-12-30,2023-12-31
E00146,WS001,2024-01-01,2025-06-30
E00146,WS001,2025-07-01,2025-12-23
E00147,WS001,2020-06-05,2021-09-30
E00147,WS001,2021-10-01,2023-06-30
E00147,WS001,2023-07-01,2024-12-31
E00147,WS001,2025-01-01,
E00148,WS003,2014-02-10,2014-03-29
E00148,WS003,2014-03-30,2015-03-31
E00148,WS003,2015-04-01,2016-09-30
E00148,WS003,2016-10-01,2018-03-31
E00148,WS003,2018-04-01,2020-03-31
E00148,WS003,2020-04-01,2020-08-22
E00149,WS001,2025-03-11,2025-05-04
E00150,WS001,2014-10-17,2016-06-30
E00150,WS003,2016-07-01,2021-12-31
E00150,WS002,2022-01-01,2023-06-06
E00150,WS003,2018-07-01,2021-12-31
E00151,WS001,2023-10-08,
E00152,WS001,2023-01-11,2024-12-31
E00152,WS002,2025-01-01,2025-04-13
E00153,WS001,2018-09-29,2020-03-31
E00153,WS001,2020-04-01,2023-06-30
E00154,WS001,2011-08-22,2012-12-31
E00154,WS003,2013-01-01,2014-06-30
E00154,WS003,2014-07-01,2018-09-25
E00155,WS001,2014-05-21,
E00156,WS001,2023-10-07,2024-12-31
E00156,WS001,2025-01-01,
E00157,WS001,2012-08-30,2014-09-30
E00157,WS003,2014-10-01,2016-09-30
E00157,WS001,2016-10-01,2018-06-30
E00157,WS001,2018-07-01,2019-09-30
E00157,WS001,2019-10-01,2025-02-16
E00158,WS003,2020-09-16,2021-12-31
E00158,WS002,2022-01-01,2022-06-30
E00158,WS002,2022-07-01,2023-09-30
E00158,WS002,2023-10-01,2025-06-30
E00158,WS002,2025-07-01,
E00159,WS002,2022-03-12,2022-07-29
E00160,WS001,2023-12-28,2025-12-31
E00160,WS001,2026-01-01,
E00161,WS001,2012-02-14,2012-06-29
E00162,WS001,2011-05-31,2012-12-31
E00162,WS001,2013-01-01,2017-02-15
E00163,WS001,2025-10-09,
E00164,WS003,2021-08-05,2021-12-31
E00164,WS002,2022-01-01,2023-03-31
E00164,WS002,2023-04-01,2025-03-31
E00164,WS001,2025-04-01,
E00165,WS001,2015-04-19,2017-03-31
E00165,WS003,2017-04-01,2017-08-26
E00166,WS001,2012-08-20,2014-03-31
E00166,WS001,2014-04-01,
E00167,WS001,2020-06-17,2021-09-30
E00167,WS001,2021-10-01,2024-01-08
E00168,WS001,2012-06-13,2014-03-31
E00168,WS001,2014-04-01,2022-06-19
E00169,WS003,2011-09-16,2012-06-23
E00169,WS003,2012-06-24,2013-03-31
E00169,WS003,2013-04-01,2014-09-30
E00169,WS001,2014-10-01,2016-09-30
E00169,WS003,2016-10-01,2016-11-04
E00170,WS001,2017-02-12,2018-12-31
E00170,WS001,2019-01-01,2023-03-31
E00170,WS001,2023-04-01,2024-04-20
E00171,WS003,2016-08-10,2017-12-31
E00171,WS003,2018-01-01,2021-12-31
E00171,WS002,2022-01-01,
E00172,WS001,2022-10-05,2023-12-31
E00172,WS001,2024-01-01,2024-11-25
E00173,WS001,2019-09-16,2021-09-30
E00173,WS001,2021-10-01,
E00174,WS001,2019-12-15,2022-03-27
E00175,WS002,2022-08-04,2026-02-06
E00175,WS002,2024-01-01,
E00176,WS001,2019-02-07,2020-09-30
E00176,WS001,2020-10-01,2021-05-08
E00177,WS001,2018-02-18,2019-06-30
E00177,WS001,2019-07-01,2021-06-30
E00177,WS003,2021-07-01,2021-12-31
E00177,WS002,2022-01-01,
E00178,WS001,2021-04-11,2023-01-02
E00179,WS001,2017-05-19,2018-09-30
E00179,WS001,2018-10-01,2020-09-30
E00179,WS001,2020-10-01,
E00180,WS001,2013-05-29,2015-03-31
E00180,WS001,2015-04-01,2016-12-31
E00180,WS001,2017-01-01,2023-07-22
E00181,WS001,2022-11-05,2024-06-30
E00181,WS001,2024-07-01,
E00182,WS001,2022-12-03,2023-12-31
E00183,WS003,2013-07-26,2015-09-30
E00183,WS003,2015-10-01,2017-09-30
E00183,WS001,2017-10-01,
E00184,WS001,2022-08-23,2024-06-30
E00184,WS001,2024-07-01,2025-12-31
E00184,WS001,2026-01-01,
E00185,WS001,2012-01-25,2012-07-02
E00185,WS001,2012-07-03,2013-10-25
E00186,WS003,2012-02-14,2013-08-26
E00186,WS003,2013-08-27,2013-09-30
E00186,WS003,2013-10-01,2016-05-23
E00187,WS001,2019-11-13,2021-03-31
E00187,WS001,2021-04-01,2022-06-30
E00187,WS001,2022-07-01,2024-03-31
E00187,WS001,2024-04-01,
E00188,WS001,2013-06-24,2014-09-30
E00188,WS001,2014-10-01,2016-09-30
E00188,WS001,2016-10-01,2017-06-15
E00189,WS001,2011-09-23,2013-09-30
E00189,WS001,2013-10-01,2023-05-02
E00189,WS001,2018-01-01,2018-01-22
E00190,WS001,2020-05-21,2021-09-30
E00190,WS001,2021-10-01,2021-10-20
E00191,WS001,2022-11-24,2024-12-31
E00191,WS001,2025-01-01,2025-02-02
E00192,WS001,2012-01-01,2013-09-30
E00192,WS003,2013-10-01,2015-06-30
E00192,WS003,2015-07-01,2021-12-31
E00192,WS002,2022-01-01,
E00193,WS001,2014-06-24,2016-03-31
E00193,WS001,2016-04-01,2016-09-30
E00193,WS001,2016-10-01,2018-03-31
E00193,WS001,2018-04-01,2019-06-30
E00193,WS001,2019-07-01,2020-12-31
E00193,WS001,2021-01-01,
E00194,WS001,2025-08-02,
E00195,WS001,2011-09-02,2012-08-29
E00196,WS003,2016-02-22,2021-01-11
E00196,WS003,2017-07-01,2019-03-31
E00197,WS003,2015-10-25,2020-06-30
E00197,WS003,2020-07-01,2021-12-31
E00197,WS001,2022-01-01,
E00198,WS001,2013-08-29,2015-03-31
E00198,WS001,2014-07-01,2014-12-14
E00198,WS001,2015-04-01,2017-03-31
E00198,WS003,2017-04-01,2018-12-31
E00198,WS003,2019-01-01,2021-12-31
E00198,WS002,2022-01-01,
E00199,WS002,2024-07-11,2025-09-30
E00199,WS002,2025-10-01,
E00200,WS001,2018-09-23,2019-12-31
E00200,WS003,2020-01-01,2021-09-30
E00200,WS003,2021-10-01,2021-12-31
E00200,WS002,2022-01-01,2023-06-30
E00200,WS002,2023-07-01,2024-09-30
E00200,WS002,2024-10-01,2025-12-31
E00200,WS002,2026-01-01,
E00201,WS001,2016-05-04,2017-12-31
E00201,WS003,2018-01-01,2019-07-20
E00202,WS001,2023-04-12,2024-11-30
E00203,WS001,2020-07-21,2022-02-11
E00204,WS003,2020-09-20,2021-12-31
E00204,WS002,2022-01-01,2023-12-31
E00204,WS001,2024-01-01,2025-03-31
E00204,WS001,2025-04-01,
E00205,WS001,2012-09-23,2013-12-31
E00205,WS001,2014-01-01,2014-11-20
E00205,WS001,2014-11-21,2015-03-31
E00205,WS003,2015-04-01,2015-09-23
E00206,WS003,2021-04-07,2021-12-31
E00206,WS002,2022-01-01,2022-03-31
E00207,WS001,2014-07-02,2015-09-30
E00207,WS001,2015-10-01,2020-04-20
E00207,WS001,2016-10-01,2018-07-14
E00208,WS001,2018-07-30,
E00209,WS001,2014-04-24,2014-07-08
E00210,WS001,2021-03-13,2022-12-31
E00210,WS001,2023-01-01,2023-02-16
E00211,WS001,2016-12-11,2018-03-31
E00211,WS001,2018-04-01,2022-04-03
E00211,WS001,2019-01-01,2021-03-31
E00212,WS001,2025-08-19,
E00213,WS001,2022-10-21,2024-03-31
E00213,WS001,2024-04-01,2025-09-30
E00213,WS001,2025-10-01,
E00214,WS003,2013-12-07,2017-06-26
E00215,WS001,2018-02-23,2019-06-30
E00215,WS001,2019-07-01,2020-12-31
E00215,WS003,2021-01-01,2021-12-31
E00215,WS002,2022-01-01,
E00216,WS003,2018-01-01,2018-07-12
E00217,WS003,2018-01-09,2019-06-30
E00217,WS003,2019-07-01,2019-10-29
E00218,WS001,2019-06-10,2026-02-06
E00218,WS001,2021-01-01,2022-09-30
E00218,WS001,2022-10-01,
E00219,WS001,2021-11-03,2022-12-31
E00219,WS001,2023-01-01,2024-12-31
E00219,WS001,2025-01-01,
E00220,WS003,2020-11-22,2021-12-31
E00220,WS002,2022-01-01,2022-06-30
E00220,WS001,2022-07-01,2023-12-31
E00220,WS001,2024-01-01,2025-06-30
E00220,WS001,2025-07-01,
E00221,WS001,2012-08-11,2014-09-30
E00221,WS001,2014-10-01,2016-09-30
E00221,WS001,2016-10-01,2017-12-31
E00221,WS001,2018-01-01,2019-12-05
E00222,WS001,2025-02-12,
E00223,WS001,2015-06-01,2017-03-31
E00223,WS001,2017-04-01,2018-06-30
E00223,WS001,2018-07-01,2022-03-09
E00224,WS001,2015-01-04,2015-08-29
E00225,WS001,2018-03-08,2019-12-31
E00225,WS001,2020-01-01,2025-04-10
E00226,WS001,2024-09-25,
E00227,WS001,2019-06-06,2020-12-31
E00227,WS001,2021-01-01,2022-09-30
E00227,WS002,2022-10-01,2023-12-31
E00227,WS001,2024-01-01,
E00228,WS003,2020-10-08,2021-12-31
E00228,WS002,2022-01-01,2022-09-30
E00228,WS002,2022-10-01,2024-04-20
E00229,WS001,2024-11-03,
E00230,WS001,2013-01-01,2014-09-30
E00230,WS001,2014-10-01,2016-09-30
E00230,WS001,2016-10-01,2018-06-30
E00230,WS001,2018-07-01,2019-11-02
E00231,WS001,2016-10-11,
E00232,WS001,2022-12-19,2024-12-31
E00232,WS001,2025-01-01,
E00233,WS001,2012-10-24,2014-09-30
E00233,WS001,2014-10-01,2016-06-30
E00233,WS001,2016-07-01,2023-11-23
E00234,WS003,2012-11-24,2014-03-31
E00234,WS003,2014-04-01,2015-06-30
E00234,WS003,2015-07-01,2021-12-31
E00234,WS002,2022-01-01,2025-10-27
E00235,WS001,2017-06-08,2018-09-30
E00235,WS001,2018-10-01,2023-09-07
E00235,WS001,2020-10-01,2022-06-30
E00236,WS003,2017-12-08,2018-12-31
E00236,WS003,2019-01-01,2019-12-31
E00236,WS003,2020-01-01,2021-03-31
E00236,WS001,2021-04-01,2023-03-31
E00236,WS001,2023-04-01,2024-12-31
E00236,WS001,2025-01-01,
E00237,WS001,2015-07-02,2017-06-30
E00237,WS001,2017-07-01,2019-08-05
E00238,WS001,2021-01-02,2021-06-30
E00239,WS001,2013-04-19,2014-06-30
E00239,WS001,2014-07-01,2015-12-31
E00239,WS003,2016-01-01,2020-07-03
E00240,WS001,2013-03-07,2018-06-30
E00240,WS001,2015-04-01,2017-03-31
E00240,WS001,2018-07-01,2025-01-17
E00241,WS001,2020-08-23,2021-12-31
E00241,WS001,2022-01-01,2022-11-10
E00241,WS001,2022-11-11,2023-06-30
E00241,WS001,2023-07-01,
E00242,WS001,2014-03-03,2015-12-31
E00242,WS001,2016-01-01,2017-06-30
E00242,WS001,2017-07-01,2018-09-30
E00242,WS001,2018-10-01,2020-09-30
E00242,WS001,2020-10-01,
E00243,WS001,2019-10-02,2021-09-30
E00243,WS001,2021-10-01,
E00244,WS001,2020-07-17,2021-11-08
E00245,WS001,2015-04-14,2026-02-03
E00245,WS001,2017-04-01,2017-06-30
E00246,WS001,2018-08-30,
E00247,WS001,2014-05-25,2015-06-30
E00247,WS001,2015-07-01,2018-08-07
E00248,WS001,2019-01-14,
E00249,WS001,2015-02-26,2016-03-31
E00249,WS001,2016-04-01,2026-02-06
E00249,WS001,2018-01-01,
E00250,WS001,2025-10-22,
E00251,WS001,2018-07-07,2020-03-31
E00251,WS001,2020-04-01,2023-03-31
E00251,WS001,2023-04-01,2024-06-07
E00252,WS003,2016-03-12,2017-01-14
E00253,WS001,2011-08-09,2012-09-30
E00253,WS001,2012-10-01,2013-12-31
E00253,WS001,2014-01-01,2015-06-30
E00253,WS001,2015-07-01,
E00254,WS001,2013-02-11,2014-09-30
E00254,WS003,2014-10-01,2016-06-30
E00254,WS003,2016-07-01,2018-03-31
E00254,WS003,2018-04-01,2019-06-30
E00254,WS001,2019-07-01,2024-07-10
E00255,WS001,2019-10-02,2021-08-13
E00256,WS003,2021-01-12,2021-12-31
E00256,WS002,2022-01-01,2025-06-30
E00256,WS002,2025-07-01,
E00257,WS001,2022-08-01,2024-03-31
E00257,WS001,2024-04-01,
E00258,WS001,2018-07-24,2019-09-30
E00258,WS001,2019-10-01,2020-12-31
E00258,WS001,2021-01-01,2022-09-30
E00258,WS002,2022-10-01,
E00259,WS001,2018-10-12,2020-09-30
E00259,WS001,2020-10-01,2026-02-06
E00259,WS001,2024-01-01,
E00260,WS001,2018-06-14,2023-03-12
E00260,WS001,2020-01-01,2021-06-30
E00261,WS001,2022-04-24,2024-03-31
E00261,WS001,2024-04-01,
E00262,WS001,2011-07-22,2013-04-22
E00262,WS001,2013-04-23,
E00263,WS001,2012-06-02,2013-03-03
E00263,WS001,2013-03-04,2013-09-30
E00263,WS001,2013-10-01,2015-09-30
E00263,WS001,2015-10-01,2017-06-30
E00263,WS001,2017-07-01,2019-06-30
E00263,WS001,2019-04-01,2019-04-16
E00263,WS001,2019-07-01,2024-09-04
E00264,WS001,2018-04-10,2020-03-31
E00264,WS001,2020-04-01,2022-03-31
E00264,WS001,2022-04-01,2023-09-30
E00264,WS001,2023-10-01,2024-05-17
E00265,WS001,2017-12-09,2018-12-31
E00265,WS001,2019-01-01,2020-03-31
E00265,WS001,2020-04-01,
E00266,WS001,2018-09-26,2019-12-31
E00266,WS001,2020-01-01,2021-03-31
E00266,WS001,2021-04-01,2022-12-31
E00266,WS001,2023-01-01,2024-07-16
E00266,WS001,2023-07-01,
E00267,WS002,2025-07-04,
E00268,WS001,2015-04-07,2016-09-30
E00268,WS001,2015-10-01,2016-08-29
E00268,WS001,2016-10-01,2019-11-13
E00269,WS001,2017-07-28,2018-09-06
E00270,WS001,2023-03-01,2025-03-31
E00270,WS001,2025-04-01,
E00271,WS001,2025-03-19,
E00272,WS003,2020-09-29,2021-12-31
E00272,WS002,2022-01-01,2022-06-30
E00272,WS002,2022-07-01,2025-12-31
E00272,WS002,2026-01-01,
E00273,WS001,2024-07-26,2025-12-31
E00273,WS001,2026-01-01,
E00274,WS001,2017-05-14,2018-06-30
E00274,WS001,2018-07-01,2026-02-06
E00274,WS001,2020-07-01,
E00275,WS001,2024-08-27,
E00276,WS001,2025-12-07,
E00277,WS002,2024-08-31,2026-01-27
E00277,WS002,2026-01-28,
E00278,WS001,2012-02-06,2013-06-30
E00278,WS001,2013-07-01,2015-06-30
E00278,WS001,2015-07-01,2017-06-30
E00278,WS001,2017-07-01,2020-01-07
E00279,WS001,2020-12-01,2022-06-30
E00279,WS002,2022-07-01,2023-09-30
E00279,WS002,2023-10-01,
E00280,WS001,2011-09-05,2013-03-31
E00280,WS001,2013-04-01,2013-12-31
E00280,WS001,2014-01-01,2015-03-31
E00280,WS001,2015-04-01,2016-06-30
E00280,WS001,2016-07-01,2016-09-19
E00281,WS001,2016-03-04,2017-06-30
E00281,WS001,2017-07-01,2018-12-31
E00281,WS001,2019-01-01,2020-12-31
E00281,WS001,2021-01-01,
E00282,WS001,2013-04-16,2014-12-31
E00282,WS001,2015-01-01,2016-03-31
E00282,WS001,2016-04-01,2016-06-30
E00282,WS001,2016-07-01,2018-02-25
E00283,WS001,2022-05-16,2023-12-31
E00283,WS001,2024-01-01,2025-06-30
E00283,WS001,2025-07-01,
E00284,WS001,2020-09-08,2024-06-26
E00285,WS001,2012-09-21,2014-03-31
E00285,WS001,2014-04-01,2014-06-30
E00285,WS001,2014-07-01,2020-03-31
E00285,WS001,2016-04-01,2017-09-30
E00285,WS001,2017-10-01,2019-03-31
E00285,WS001,2018-01-01,2018-03-31
E00286,WS001,2019-12-15,2021-12-31
E00286,WS001,2022-01-01,2023-10-01
E00287,WS003,2014-05-02,2016-03-31
E00287,WS001,2016-04-01,2017-12-31
E00287,WS001,2018-01-01,2019-12-31
E00287,WS001,2020-01-01,2022-07-03
E00288,WS001,2017-10-17,2019-09-30
E00288,WS001,2019-10-01,2021-03-01
E00289,WS002,2024-03-10,
E00290,WS001,2016-08-16,2018-03-31
E00290,WS001,2018-04-01,2019-02-25
E00291,WS001,2014-03-07,2015-09-30
E00291,WS001,2015-10-01,2018-06-30
E00291,WS001,2018-07-01,2019-09-30
E00291,WS001,2019-10-01,2024-11-28
E00292,WS002,2023-03-16,2023-05-02
E00293,WS001,2012-11-27,2013-02-10
E00293,WS001,2013-02-11,2014-09-30
E00293,WS001,2014-10-01,2016-09-30
E00293,WS001,2016-10-01,2018-03-31
E00293,WS001,2018-04-01,2019-12-31
E00293,WS001,2020-01-01,2026-02-06
E00293,WS001,2024-10-01,
E00294,WS002,2024-07-21,
E00295,WS001,2016-04-05,2017-08-16
E00296,WS001,2018-01-17,2025-08-16
E00297,WS001,2012-09-10,2020-07-13
E00298,WS003,2013-05-07,2017-12-31
E00298,WS003,2015-04-01,2016-06-30
E00298,WS003,2018-01-01,2021-12-31
E00298,WS002,2022-01-01,2023-06-04
E00299,WS001,2020-05-13,2022-06-30
E00299,WS001,2022-07-01,
E00300,WS003,2013-08-27,2013-12-31
E00300,WS003,2014-01-01,2015-03-31
E00300,WS003,2015-04-01,2017-03-31
E00300,WS001,2017-04-01,2017-12-31
E00300,WS001,2018-01-01,2019-02-15
E00301,WS001,2018-04-23,2025-08-03
E00301,WS001,2020-07-01,2023-09-30
E00302,WS001,2015-03-23,2016-09-30
E00302,WS001,2016-10-01,2022-03-09
E00303,WS001,2019-02-05,2020-12-31
E00303,WS003,2021-01-01,2021-12-31
E00303,WS002,2022-01-01,2022-03-31
E00303,WS002,2022-04-01,2023-06-30
E00303,WS002,2023-07-01,2023-12-31
E00303,WS002,2024-01-01,2024-08-12
E00303,WS002,2024-08-13,
E00304,WS001,2014-10-28,2016-12-31
E00304,WS001,2017-01-01,2018-12-31
E00304,WS003,2019-01-01,2021-12-31
E00304,WS002,2022-01-01,2025-03-16
E00305,WS003,2020-09-15,2021-12-31
E00305,WS002,2022-01-01,
E00306,WS001,2013-11-03,2014-12-31
E00306,WS001,2014-04-01,2014-12-16
E00306,WS001,2015-01-01,2019-09-30
E00306,WS003,2016-07-01,2016-08-19
E00306,WS003,2016-08-20,2017-12-31
E00306,WS001,2019-10-01,2026-02-06
E00306,WS001,2020-07-01,
E00307,WS001,2021-10-11,2022-12-31
E00307,WS001,2023-01-01,
E00308,WS001,2017-05-03,2024-05-20
E00309,WS001,2016-12-03,2018-12-31
E00309,WS001,2019-01-01,2020-03-31
E00309,WS001,2020-04-01,
E00310,WS001,2025-12-03,
E00311,WS002,2025-10-20,
E00312,WS001,2018-05-06,2021-02-26
E00313,WS001,2014-11-21,2016-06-30
E00313,WS001,2016-07-01,2025-09-20
E00314,WS001,2020-10-31,2022-06-30
E00314,WS001,2022-07-01,2024-06-30
E00314,WS001,2024-07-01,
E00315,WS003,2020-10-29,2021-12-31
E00315,WS002,2022-01-01,2023-12-31
E00315,WS001,2024-01-01,
E00316,WS001,2025-05-12,
E00317,WS003,2014-05-19,2015-05-10
E00318,WS001,2021-01-10,2023-03-31
E00318,WS002,2023-04-01,2024-06-30
E00318,WS002,2024-07-01,2024-12-06
E00319,WS001,2017-03-08,2018-12-31
E00319,WS001,2019-01-01,2020-11-11
E00320,WS003,2014-06-21,2015-09-30
E00320,WS001,2015-10-01,2023-02-07
E00321,WS002,2025-03-20,
E00322,WS003,2015-08-02,2021-12-31
E00322,WS002,2022-01-01,2025-12-07
E00323,WS003,2012-02-15,2014-09-30
E00324,WS001,2014-04-18,2019-06-30
E00324,WS001,2015-10-01,2018-03-31
E00324,WS001,2019-07-01,2023-01-11
E00325,WS001,2019-09-28,2020-12-31
E00325,WS001,2021-01-01,2022-09-30
E00325,WS001,2022-10-01,
E00326,WS003,2014-08-07,2016-03-31
E00326,WS003,2016-04-01,2020-06-06
E00327,WS001,2021-01-07,
E00328,WS001,2023-03-07,2024-06-30
E00328,WS001,2024-07-01,
E00329,WS003,2014-05-05,2015-06-30
E00329,WS001,2015-07-01,2020-03-31
E00329,WS001,2017-01-01,2018-03-31
E00329,WS001,2020-04-01,2020-10-05
E00330,WS001,2016-04-20,2016-08-29
E00331,WS001,2012-10-07,2016-03-31
E00331,WS001,2016-04-01,2017-09-30
E00331,WS001,2017-10-01,2024-06-09
E00332,WS001,2021-07-25,2022-12-31
E00332,WS001,2023-01-01,2024-06-30
E00332,WS001,2024-07-01,2025-09-30
E00332,WS001,2025-10-01,
E00333,WS001,2013-06-02,2021-11-27
E00334,WS003,2014-03-30,2015-03-31
E00334,WS003,2015-04-01,2015-06-30
E00334,WS003,2015-07-01,2017-03-31
E00334,WS003,2017-04-01,2018-03-31
E00334,WS003,2018-04-01,2018-06-30
E00334,WS003,2018-07-01,2021-12-31
E00334,WS002,2022-01-01,2025-11-09
E00335,WS001,2017-02-18,2022-12-02
E00336,WS001,2023-02-25,2024-12-31
E00336,WS001,2025-01-01,2025-09-23
E00337,WS001,2018-08-11,2019-09-30
E00337,WS001,2019-10-01,2021-03-31
E00337,WS001,2021-04-01,
E00338,WS002,2025-03-06,
E00339,WS001,2012-01-23,2012-04-10
E00339,WS001,2012-04-11,2013-06-30
E00339,WS001,2013-07-01,2015-03-31
E00339,WS001,2015-04-01,2016-09-30
E00339,WS001,2016-10-01,2023-01-21
E00340,WS001,2020-06-24,2020-10-20
E00341,WS003,2013-06-11,2015-03-31
E00341,WS003,2015-04-01,2016-06-30
E00341,WS001,2016-07-01,2020-03-04
E00342,WS001,2016-01-27,2016-09-30
E00342,WS001,2016-10-01,2017-09-30
E00342,WS001,2017-10-01,2023-03-31
E00342,WS001,2023-04-01,2023-06-17
E00343,WS001,2023-02-06,2024-04-04
E00344,WS001,2011-11-08,2012-11-26
E00344,WS001,2012-11-27,2013-06-30
E00344,WS001,2013-07-01,2015-03-31
E00344,WS001,2015-04-01,2019-02-12
E00345,WS001,2018-12-26,2020-03-31
E00345,WS001,2020-04-01,2021-12-31
E00345,WS001,2022-01-01,2023-09-30
E00345,WS001,2023-10-01,2024-10-28
E00346,WS003,2011-09-23,2012-04-26
E00346,WS003,2012-04-27,2013-08-26
E00347,WS003,2020-07-06,2021-12-31
E00347,WS002,2022-01-01,
E00348,WS001,2021-09-05,2022-04-19
E00349,WS001,2021-10-27,2022-12-31
E00349,WS001,2023-01-01,2024-12-31
E00349,WS001,2025-01-01,
E00350,WS002,2024-06-22,2025-09-30
E00350,WS002,2025-10-01,
E00351,WS001,2012-05-04,2016-03-04
E00351,WS001,2014-01-01,2015-09-30
E00352,WS003,2013-09-09,2021-12-31
E00352,WS002,2022-01-01,
E00353,WS001,2017-01-03,2026-02-06
E00353,WS001,2018-04-01,
E00354,WS001,2025-03-27,
E00355,WS001,2015-04-14,2026-01-31
E00356,WS001,2015-02-03,2016-09-30
E00356,WS001,2016-10-01,2017-12-31
E00356,WS001,2018-01-01,2023-11-04
E00357,WS001,2011-08-04,2013-03-31
E00357,WS001,2013-04-01,2013-09-30
E00357,WS001,2013-10-01,2023-09-26
E00358,WS001,2024-10-01,
E00359,WS001,2023-11-09,2025-08-22
E00359,WS001,2025-08-23,
E00360,WS003,2018-05-29,2020-03-31
E00360,WS003,2020-04-01,2021-12-31
E00360,WS002,2022-01-01,
E00361,WS001,2014-08-19,2014-11-16
E00362,WS003,2018-05-05,2019-09-30
E00362,WS001,2019-10-01,2021-03-31
E00362,WS001,2021-04-01,
E00363,WS001,2016-01-14,2020-06-30
E00363,WS001,2017-04-01,2018-06-30
E00363,WS001,2020-07-01,2023-02-22
E00364,WS001,2021-12-04,
E00365,WS001,2020-11-22,2022-09-30
E00365,WS001,2022-10-01,2024-03-31
E00365,WS002,2024-04-01,
E00366,WS001,2021-05-25,2023-03-31
E00366,WS001,2023-04-01,
E00367,WS001,2014-05-31,2015-09-30
E00367,WS001,2015-10-01,
E00368,WS001,2017-05-21,2023-05-02
E00368,WS001,2023-05-03,
E00369,WS001,2025-02-18,
E00370,WS001,2021-10-04,2022-03-16
E00371,WS001,2014-02-10,2018-12-01
E00372,WS003,2011-08-20,2014-04-15
E00372,WS003,2011-12-04,2015-03-31
E00372,WS001,2015-04-01,2025-10-31
E00373,WS001,2018-11-12,2021-05-02
E00374,WS001,2017-11-01,2019-06-30
E00374,WS001,2019-07-01,2021-03-31
E00374,WS001,2021-04-01,
E00375,WS001,2013-04-14,2014-06-30
E00375,WS001,2014-07-01,2015-09-30
E00375,WS003,2015-10-01,2017-06-30
E00375,WS003,2017-07-01,2018-09-30
E00375,WS003,2018-10-01,2021-12-31
E00375,WS002,2022-01-01,2022-11-17
E00376,WS001,2016-05-23,2025-11-03
E00377,WS001,2025-06-17,
E00378,WS001,2017-03-03,2018-05-31
E00379,WS001,2021-12-06,2023-09-30
E00379,WS001,2023-10-01,2025-09-30
E00379,WS002,2025-10-01,
E00380,WS001,2018-01-10,2019-12-31
E00380,WS001,2020-01-01,2020-05-30
E00381,WS001,2016-07-15,2018-06-30
E00381,WS001,2018-07-01,2021-09-30
E00381,WS001,2021-10-01,2022-08-24
E00382,WS003,2017-06-25,2021-12-31
E00382,WS002,2022-01-01,2024-12-31
E00382,WS003,2018-10-01,2021-12-31
E00382,WS002,2022-01-01,
E00383,WS001,2025-09-17,
E00384,WS003,2011-06-27,2011-08-19
E00384,WS003,2011-08-20,2012-12-31
E00384,WS001,2013-01-01,2014-12-31
E00384,WS001,2015-01-01,
E00385,WS001,2025-11-06,
E00386,WS001,2022-01-08,2025-12-31
E00386,WS001,2026-01-01,
E00387,WS003,2021-06-07,2021-12-31
E00387,WS002,2022-01-01,2023-03-31
E00387,WS002,2023-04-01,2024-09-30
E00387,WS002,2024-10-01,2025-06-14
E00388,WS001,2016-12-03,2025-04-26
E00389,WS001,2025-07-02,
E00390,WS003,2016-07-10,2021-12-31
E00390,WS002,2022-01-01,2026-02-06
E00390,WS003,2017-07-01,2021-12-31
E00390,WS002,2022-01-01,
E00391,WS001,2019-04-27,2020-06-30
E00391,WS001,2020-07-01,
E00392,WS003,2019-02-16,2020-06-30
E00392,WS001,2020-07-01,2021-09-30
E00392,WS001,2021-10-01,2023-09-30
E00392,WS001,2023-10-01,2024-02-01
E00393,WS001,2025-03-16,
E00394,WS003,2016-08-20,2018-06-30
E00394,WS001,2018-07-01,2020-03-31
E00394,WS001,2020-04-01,
E00395,WS001,2022-10-30,2023-12-31
E00395,WS001,2024-01-01,2025-12-31
E00395,WS002,2026-01-01,
E00396,WS001,2018-07-15,2020-06-30
E00396,WS001,2020-07-01,2021-09-30
E00396,WS001,2021-10-01,2022-03-09
E00396,WS001,2022-03-10,2023-03-31
E00396,WS002,2023-04-01,
E00397,WS001,2024-05-21,2024-12-31
E00397,WS001,2025-01-01,2025-06-30
E00397,WS001,2025-07-01,
E00398,WS001,2012-04-11,2013-12-21
E00399,WS001,2013-11-14,2014-12-31
E00399,WS001,2015-01-01,2016-09-30
E00399,WS001,2016-10-01,2017-05-25
E00400,WS001,2013-06-29,2014-02-08
E00401,WS003,2016-04-21,2021-07-13
E00401,WS003,2020-08-23,2021-06-18
E00402,WS001,2016-08-04,2018-06-30
E00402,WS001,2018-07-01,2019-09-30
E00402,WS001,2019-10-01,
E00403,WS003,2011-05-05,2012-03-08
E00403,WS003,2012-03-09,2015-12-31
E00403,WS003,2013-04-01,2014-06-30
E00403,WS001,2016-01-01,2017-09-30
E00403,WS001,2017-10-01,2018-11-11
E00404,WS001,2024-03-26,2025-09-30
E00404,WS001,2025-10-01,
E00405,WS002,2024-05-14,
E00406,WS001,2019-03-17,2020-12-31
E00406,WS003,2021-01-01,2021-12-31
E00406,WS002,2022-01-01,
E00407,WS001,2014-08-07,2015-07-12
E00408,WS001,2019-12-29,2021-01-19
E00409,WS001,2021-06-02,2023-03-31
E00409,WS001,2023-04-01,2025-03-31
E00409,WS001,2025-04-01,
E00410,WS003,2017-02-03,2017-06-30
E00410,WS003,2017-07-01,2017-12-30
E00411,WS001,2016-06-03,2017-02-09
E00412,WS003,2017-08-26,2020-12-31
E00412,WS001,2021-01-01,2022-09-30
E00412,WS001,2022-10-01,2024-09-30
E00412,WS001,2024-10-01,
E00413,WS001,2018-02-11,2019-06-30
E00413,WS001,2019-07-01,2020-12-31
E00413,WS001,2021-01-01,2026-02-06
E00413,WS001,2022-10-01,
E00414,WS002,2023-04-22,2024-06-30
E00414,WS001,2024-07-01,
E00415,WS001,2017-11-03,2019-12-31
E00415,WS001,2020-01-01,2026-02-06
E00415,WS001,2024-04-21,
E00416,WS001,2016-09-28,2017-12-31
E00416,WS001,2018-01-01,2018-10-26
E00417,WS001,2020-02-06,2022-03-31
E00417,WS001,2022-04-01,2023-01-02
E00418,WS002,2024-08-07,2025-12-31
E00418,WS001,2026-01-01,
E00419,WS001,2024-08-10,2025-12-31
E00419,WS001,2026-01-01,
E00420,WS001,2019-07-26,2021-09-30
E00420,WS001,2021-10-01,2023-03-31
E00420,WS001,2023-04-01,
E00421,WS001,2019-07-11,2022-12-31
E00421,WS001,2023-01-01,2024-09-30
E00421,WS001,2024-10-01,2025-12-31
E00421,WS001,2026-01-01,
E00422,WS001,2011-04-11,2011-11-07
E00422,WS001,2011-11-08,2012-12-31
E00422,WS001,2013-01-01,2014-12-31
E00422,WS001,2015-01-01,2023-11-15
E00423,WS001,2011-09-30,2011-11-30
E00423,WS001,2011-12-01,2013-03-31
E00423,WS001,2013-04-01,2013-05-28
E00424,WS001,2014-03-25,2015-06-30
E00424,WS001,2015-07-01,2019-05-31
E00424,WS001,2015-09-15,2015-12-31
E00424,WS001,2017-07-01,2018-09-30
E00425,WS001,2024-01-24,2024-11-12
E00426,WS003,2011-10-28,2012-06-28
E00426,WS003,2012-06-29,2021-01-16
E00427,WS003,2013-07-03,2014-09-30
E00427,WS003,2014-10-01,2015-12-31
E00427,WS003,2015-04-05,2015-06-30
E00427,WS003,2016-01-01,2021-12-31
E00427,WS002,2022-01-01,2022-04-14
E00428,WS001,2024-06-27,
E00429,WS003,2020-02-26,2021-12-31
E00429,WS002,2022-01-01,2022-03-31
E00429,WS002,2022-04-01,2025-04-16
E00430,WS001,2021-11-20,2025-07-01
E00431,WS001,2011-04-13,2011-09-25
E00431,WS001,2011-09-26,2014-06-30
E00431,WS001,2014-07-01,2015-09-30
E00431,WS001,2015-10-01,2016-12-31
E00431,WS001,2017-01-01,2020-06-06
E00432,WS002,2025-10-03,
E00433,WS001,2023-10-16,2025-03-31
E00433,WS001,2023-11-05,2025-03-27
E00433,WS001,2025-04-01,2025-12-31
E00433,WS001,2026-01-01,
E00434,WS001,2015-07-30,2020-07-06
E00434,WS001,2017-04-01,2019-03-31
E00435,WS001,2012-03-02,2013-12-31
E00435,WS001,2014-01-01,2015-06-30
E00435,WS001,2014-04-01,2014-06-30
E00435,WS003,2015-07-01,2016-12-31
E00435,WS003,2017-01-01,2019-05-05
E00436,WS001,2018-12-14,2020-03-31
E00436,WS001,2020-04-01,2021-09-30
E00436,WS001,2021-10-01,2023-09-30
E00436,WS001,2023-10-01,
E00437,WS001,2014-12-22,2015-03-31
E00438,WS003,2020-02-10,2021-12-31
E00438,WS002,2022-01-01,2023-09-30
E00438,WS002,2023-10-01,2025-03-31
E00438,WS001,2025-04-01,
E00439,WS001,2016-06-06,2019-09-30
E00439,WS001,2019-10-01,2021-03-31
E00439,WS001,2021-04-01,
E00440,WS001,2013-08-01,2014-12-31
E00440,WS001,2015-01-01,2016-12-31
E00440,WS001,2017-01-01,2022-05-25
E00441,WS002,2023-02-11,2023-11-10
E00442,WS001,2019-12-29,2021-09-30
E00442,WS001,2021-10-01,2023-09-30
E00442,WS001,2023-10-01,
E00443,WS001,2011-10-27,2023-11-23
E00444,WS001,2019-10-05,2019-11-27
E00445,WS002,2024-10-14,2025-12-31
E00445,WS002,2026-01-01,
E00446,WS001,2020-08-21,2022-03-31
E00446,WS001,2022-04-01,2025-12-31
E00446,WS001,2026-01-01,
E00447,WS001,2021-12-06,2023-09-30
E00447,WS001,2023-10-01,2025-09-30
E00447,WS001,2025-10-01,
E00448,WS001,2022-04-09,
E00449,WS001,2020-05-12,2021-02-24
E00450,WS001,2019-09-18,2020-04-20
E00451,WS003,2014-10-29,2015-12-31
E00451,WS003,2016-01-01,2017-12-31
E00451,WS003,2018-01-01,2021-12-31
E00451,WS002,2022-01-01,
E00452,WS003,2017-03-07,2017-06-30
E00452,WS003,2017-07-01,2018-06-30
E00452,WS003,2018-07-01,2019-10-23
E00452,WS003,2019-10-24,2020-03-31
E00452,WS003,2020-04-01,2021-12-31
E00452,WS002,2022-01-01,2022-03-31
E00452,WS002,2022-04-01,2023-12-31
E00452,WS002,2024-01-01,2025-02-13
E00453,WS001,2015-04-10,2016-12-31
E00453,WS001,2017-01-01,2018-03-31
E00453,WS001,2018-04-01,2024-11-12
E00454,WS001,2022-12-23,2024-03-31
E00454,WS001,2024-04-01,
E00455,WS001,2020-09-02,2021-02-26
E00456,WS002,2022-04-29,
E00457,WS001,2012-10-13,2020-11-19
E00458,WS001,2021-06-01,2022-09-30
E00458,WS001,2022-10-01,2024-09-30
E00458,WS001,2024-10-01,
E00459,WS003,2019-05-26,2020-12-31
E00459,WS003,2021-01-01,2021-12-31
E00459,WS002,2022-01-01,2022-12-31
E00459,WS002,2023-01-01,2023-12-31
E00459,WS002,2024-01-01,2024-12-31
E00459,WS002,2025-01-01,2025-02-12
E00460,WS001,2014-05-01,2015-09-30
E00460,WS003,2015-10-01,2016-10-15
E00461,WS001,2019-10-17,2021-03-31
E00461,WS003,2021-04-01,2021-12-31
E00461,WS002,2022-01-01,2022-06-30
E00461,WS002,2022-07-01,2023-02-14
E00462,WS003,2015-03-12,2021-06-30
E00462,WS003,2015-10-01,2016-12-31
E00462,WS003,2017-01-01,2018-06-30
E00462,WS003,2018-07-01,2019-06-30
E00462,WS003,2019-07-01,2019-12-31
E00462,WS001,2021-07-01,2024-02-05
E00463,WS001,2015-11-08,
E00464,WS001,2021-06-01,2022-12-31
E00464,WS001,2023-01-01,2024-03-31
E00464,WS001,2024-04-01,2025-12-31
E00464,WS001,2026-01-01,
E00465,WS001,2023-06-02,
E00466,WS003,2015-11-02,2021-12-31
E00466,WS002,2022-01-01,2023-08-11
E00467,WS001,2024-06-26,
E00468,WS001,2011-02-09,2011-08-27
E00468,WS001,2011-08-28,2012-06-30
E00468,WS001,2012-07-01,2026-02-06
E00468,WS001,2013-01-01,
E00469,WS001,2023-11-12,2024-10-14
E00470,WS001,2022-03-20,2023-09-30
E00470,WS001,2023-10-01,2024-12-31
E00470,WS001,2025-01-01,
E00471,WS001,2021-01-22,2022-09-30
E00471,WS001,2022-10-01,2023-06-01
E00471,WS001,2023-06-02,2023-12-31
E00471,WS001,2024-01-01,2024-07-16
E00472,WS003,2020-05-28,2021-12-31
E00472,WS002,2022-01-01,2022-03-31
E00472,WS002,2022-04-01,
E00473,WS002,2024-05-04,2024-08-30
E00474,WS003,2012-06-24,2014-02-09
E00474,WS003,2014-02-10,2014-03-31
E00474,WS003,2014-04-01,2015-12-31
E00474,WS003,2016-01-01,2021-12-31
E00474,WS002,2022-01-01,
E00475,WS003,2016-08-30,2017-12-31
E00475,WS001,2018-01-01,2019-06-30
E00475,WS001,2019-07-01,2019-11-25
E00476,WS001,2024-07-13,
E00477,WS002,2022-03-20,2023-12-31
E00477,WS002,2024-01-01,2024-09-30
E00478,WS001,2013-10-05,2015-03-31
E00478,WS001,2015-04-01,2022-05-25
E00479,WS003,2019-10-28,2021-12-31
E00479,WS002,2022-01-01,
E00480,WS001,2020-04-06,2022-03-31
E00480,WS001,2022-04-01,2023-09-30
E00480,WS001,2023-10-01,
E00481,WS001,2024-12-14,
E00482,WS001,2023-07-03,2025-03-31
E00482,WS001,2025-04-01,
E00483,WS001,2014-02-06,2015-03-31
E00483,WS001,2015-04-01,2016-09-30
E00483,WS001,2016-10-01,2023-01-15
E00484,WS003,2014-06-27,2015-03-31
E00484,WS003,2015-04-01,2015-04-04
E00485,WS001,2025-01-31,
E00486,WS001,2013-03-15,2014-09-30
E00486,WS001,2014-10-01,
E00487,WS001,2021-02-08,2023-11-04
E00488,WS002,2024-08-13,2025-12-31
E00488,WS002,2026-01-01,
E00489,WS001,2024-12-14,
E00490,WS002,2022-09-03,2023-09-30
E00490,WS002,2023-10-01,2025-03-31
E00490,WS001,2025-04-01,
E00491,WS001,2019-02-24,2020-12-25
E00492,WS003,2020-09-30,2021-12-31
E00492,WS002,2022-01-01,2022-03-31
E00492,WS002,2022-04-01,2023-09-30
E00492,WS002,2023-10-01,2025-09-30
E00492,WS001,2025-10-01,
E00493,WS001,2017-03-03,2018-09-30
E00493,WS003,2018-10-01,2020-06-30
E00493,WS001,2020-07-01,2022-06-30
E00493,WS002,2022-07-01,2023-03-26
E00494,WS001,2014-11-08,2017-05-25
E00495,WS002,2024-12-31,
E00496,WS001,2018-12-09,2020-07-19
E00497,WS001,2018-02-28,
E00498,WS001,2024-08-25,2025-10-10
E00499,WS001,2013-06-01,2015-06-30
E00499,WS001,2015-07-01,2026-02-06
E00499,WS001,2015-12-31,2016-03-31
E00499,WS001,2017-07-01,
E00500,WS001,2012-07-03,2013-02-23
E00500,WS001,2013-02-24,2014-06-30
E00500,WS001,2014-07-01,2016-06-30
E00500,WS001,2016-07-01,
E00501,WS001,2019-01-28,2020-03-31
E00501,WS001,2020-04-01,2023-09-30
E00501,WS001,2023-10-01,
E00502,WS001,2016-05-17,2019-06-30
E00502,WS001,2019-07-01,2020-09-30
E00502,WS001,2020-10-01,2020-11-02
E00503,WS001,2015-07-20,2024-07-25
E00503,WS001,2017-01-01,2021-12-31
E00504,WS002,2024-05-04,
E00505,WS001,2017-05-13,2018-12-31
E00505,WS001,2019-01-01,2025-12-02
E00505,WS001,2025-12-03,
E00506,WS001,2024-10-27,2026-01-07
E00507,WS003,2018-12-14,2021-12-31
E00507,WS002,2022-01-01,
E00508,WS003,2013-05-18,2015-03-31
E00508,WS003,2015-04-01,2017-03-31
E00508,WS003,2017-04-01,2018-06-30
E00508,WS003,2018-07-01,2021-12-31
E00508,WS002,2022-01-01,
E00509,WS001,2012-05-27,2012-06-01
E00509,WS001,2012-06-02,2014-03-31
E00509,WS001,2014-04-01,2015-06-30
E00509,WS001,2015-07-01,2016-09-30
E00509,WS001,2016-10-01,
E00510,WS002,2025-01-06,
E00511,WS001,2018-09-17,
E00512,WS001,2015-06-11,2016-09-30
E00512,WS001,2016-10-01,2018-03-31
E00512,WS001,2018-04-01,2025-01-18
E00513,WS001,2024-05-18,
E00514,WS001,2025-04-27,
E00515,WS001,2015-05-21,2017-03-31
E00515,WS001,2017-04-01,2021-08-01
E00516,WS001,2024-12-13,2025-06-11
E00517,WS001,2013-11-10,2015-09-30
E00517,WS003,2015-10-01,2017-03-03
E00518,WS001,2014-06-23,2015-09-30
E00518,WS001,2015-10-01,2016-12-31
E00518,WS001,2017-01-01,2026-02-06
E00518,WS001,2018-01-01,
E00519,WS003,2019-07-14,2020-12-31
E00519,WS003,2021-01-01,2021-12-31
E00519,WS002,2022-01-01,2025-09-30
E00519,WS002,2022-07-01,2024-03-31
E00519,WS002,2023-06-30,2023-12-31
E00519,WS002,2025-10-01,
E00520,WS003,2013-12-30,2013-12-31
E00520,WS003,2014-01-01,2015-06-30
E00520,WS003,2015-07-01,2017-06-30
E00520,WS003,2017-07-01,2019-06-30
E00520,WS003,2019-07-01,2020-10-05
E00521,WS001,2016-11-09,2017-12-31
E00521,WS001,2018-01-01,2024-07-13
E00522,WS001,2017-10-16,2026-01-18
E00522,WS001,2019-07-01,2020-09-30
E00522,WS001,2020-10-01,2022-03-31
E00522,WS001,2022-04-01,2022-07-03
E00523,WS001,2021-05-24,2022-09-30
E00523,WS001,2022-10-01,2024-06-30
E00523,WS001,2024-07-01,
E00524,WS003,2021-07-28,2021-12-31
E00524,WS002,2022-01-01,2023-03-31
E00524,WS002,2023-04-01,2024-03-31
E00524,WS002,2024-04-01,
E00525,WS001,2017-07-31,2020-12-31
E00525,WS001,2021-01-01,2022-03-31
E00525,WS002,2022-04-01,2023-09-30
E00525,WS002,2023-10-01,2024-03-31
E00525,WS001,2024-04-01,2025-09-20
E00525,WS001,2025-09-21,
E00526,WS001,2016-11-19,2018-12-31
E00526,WS001,2019-01-01,2024-03-25
E00527,WS001,2025-07-24,
E00528,WS003,2016-08-28,2017-12-31
E00528,WS003,2018-01-01,2019-09-30
E00528,WS003,2019-10-01,2020-12-02
E00529,WS003,2021-05-23,2021-07-13
E00530,WS001,2016-11-01,2018-03-31
E00530,WS003,2018-04-01,2019-12-31
E00530,WS003,2020-01-01,2021-12-31
E00530,WS002,2022-01-01,
E00531,WS003,2019-04-10,2020-06-30
E00531,WS003,2020-07-01,2021-12-31
E00531,WS002,2022-01-01,
E00532,WS003,2015-12-31,2021-12-31
E00532,WS002,2022-01-01,
E00533,WS003,2020-02-27,2021-09-30
E00533,WS003,2021-10-01,2021-12-31
E00533,WS002,2022-01-01,2023-06-30
E00533,WS002,2023-07-01,
E00534,WS001,2020-06-11,2025-06-30
E00534,WS001,2022-01-01,2023-12-31
E00534,WS001,2025-07-01,
E00535,WS001,2012-05-19,2014-06-30
E00535,WS001,2014-07-01,2014-07-01
E00535,WS001,2014-07-02,2016-06-30
E00535,WS001,2016-07-01,2024-11-15
E00536,WS002,2025-02-17,
E00537,WS001,2011-09-27,2012-05-26
E00537,WS001,2012-05-27,2012-12-31
E00537,WS001,2013-01-01,2014-06-30
E00537,WS001,2014-07-01,2016-06-30
E00537,WS001,2016-07-01,
E00538,WS001,2016-12-31,2016-12-31
E00538,WS001,2017-01-01,2021-09-30
E00538,WS001,2018-10-01,2020-03-31
E00538,WS003,2021-10-01,2021-12-31
E00538,WS002,2022-01-01,2022-12-31
E00538,WS001,2023-01-01,2023-04-22
E00539,WS003,2021-06-15,2021-12-31
E00539,WS002,2022-01-01,2022-09-30
E00539,WS002,2022-10-01,2024-03-31
E00539,WS002,2024-04-01,2025-06-30
E00539,WS002,2025-07-01,
E00540,WS001,2023-05-26,2023-11-15
E00541,WS003,2013-05-22,2020-03-31
E00541,WS003,2017-01-01,2018-12-31
E00541,WS003,2020-04-01,2021-12-31
E00541,WS002,2022-01-01,
E00542,WS001,2017-03-16,2018-06-30
E00542,WS001,2018-07-01,2018-08-31
E00543,WS001,2016-07-13,2017-01-29
E00544,WS001,2013-06-05,2013-08-15
E00545,WS001,2023-01-30,2026-02-06
E00545,WS001,2024-10-01,
E00546,WS001,2020-02-22,2021-12-31
E00546,WS001,2022-01-01,2023-09-30
E00546,WS001,2023-10-01,2024-08-22
E00547,WS001,2018-02-26,2024-04-04
E00547,WS001,2019-10-01,2021-06-30
E00547,WS001,2021-07-01,2023-03-31
E00548,WS001,2011-09-29,2013-06-30
E00548,WS001,2012-07-01,2024-02-08
E00549,WS001,2016-01-07,2017-01-18
E00550,WS001,2019-10-29,2021-09-30
E00550,WS001,2021-10-01,2023-06-30
E00550,WS001,2023-07-01,2025-06-30
E00550,WS001,2025-07-01,
E00551,WS001,2020-04-15,
E00552,WS001,2015-08-23,
E00553,WS001,2023-01-16,
E00554,WS001,2018-07-07,
E00555,WS001,2014-04-10,2016-03-31
E00555,WS001,2016-04-01,
E00556,WS003,2020-04-03,2021-12-31
E00556,WS002,2022-01-01,2023-09-30
E00556,WS002,2023-10-01,2023-10-02
E00557,WS003,2017-08-01,2018-09-30
E00557,WS001,2018-10-01,2020-01-07
E00558,WS003,2019-11-09,2021-06-30
E00558,WS003,2021-07-01,2021-12-31
E00558,WS002,2022-01-01,2022-12-31
E00558,WS002,2023-01-01,2023-10-16
E00559,WS001,2025-10-26,
E00560,WS001,2013-02-10,2014-09-30
E00560,WS001,2013-07-01,2014-04-11
E00560,WS001,2014-10-01,2017-12-10
E00561,WS001,2012-12-10,2014-12-31
E00561,WS001,2015-01-01,2016-09-30
E00561,WS001,2016-10-01,2018-03-31
E00561,WS001,2018-04-01,2022-04-11
E00562,WS001,2011-12-01,2013-12-31
E00562,WS001,2014-01-01,2014-11-05
E00562,WS001,2014-11-06,2015-06-30
E00562,WS003,2015-07-01,2015-12-31
E00562,WS003,2016-01-01,2017-06-30
E00562,WS003,2017-07-01,2021-12-31
E00562,WS002,2022-01-01,2023-04-23
E00562,WS002,2023-04-24,2023-06-29
E00563,WS001,2013-09-20,2014-12-31
E00563,WS001,2015-01-01,2016-12-28
E00564,WS001,2019-08-28,2021-07-17
E00565,WS001,2012-01-04,2012-12-31
E00565,WS001,2013-01-01,2013-09-30
E00565,WS001,2013-10-01,2016-03-19
E00566,WS003,2020-01-28,2021-12-31
E00566,WS002,2022-01-01,2023-06-30
E00566,WS003,2021-04-01,2021-07-27
E00566,WS002,2023-07-01,
E00567,WS001,2013-01-06,2014-09-30
E00567,WS001,2014-01-01,2014-05-08
E00567,WS001,2014-10-01,2018-01-17
E00567,WS001,2017-04-01,2017-05-16
E00568,WS001,2011-04-16,2012-12-31
E00568,WS001,2012-10-01,2012-12-09
E00568,WS001,2013-01-01,2025-03-16
E00569,WS001,2014-03-15,2015-12-31
E00569,WS001,2016-01-01,2017-09-30
E00569,WS003,2017-10-01,2021-12-31
E00569,WS002,2022-01-01,
E00570,WS003,2021-07-18,2021-12-31
E00570,WS002,2022-01-01,2023-01-15
E00571,WS003,2018-05-24,2020-08-25
E00572,WS001,2019-10-14,
E00573,WS001,2016-12-29,2018-03-31
E00573,WS001,2018-04-01,2018-05-11
E00574,WS001,2020-08-16,2021-12-31
E00574,WS002,2022-01-01,2023-12-31
E00574,WS001,2024-01-01,2025-09-30
E00574,WS001,2025-10-01,
E00575,WS001,2025-06-15,
E00576,WS001,2014-12-17,2015-02-02
E00576,WS001,2015-02-03,2016-09-30
E00576,WS003,2016-10-01,2017-02-02
E00576,WS003,2017-02-03,2017-12-31
E00576,WS001,2018-01-01,2019-09-30
E00576,WS001,2019-10-01,2026-02-06
E00576,WS001,2023-12-28,
E00577,WS001,2017-01-30,2018-03-31
E00577,WS001,2018-04-01,2019-03-12
E00578,WS001,2014-02-09,2015-09-30
E00578,WS003,2015-10-01,2016-12-31
E00578,WS001,2017-01-01,
E00579,WS001,2012-10-17,2014-09-30
E00579,WS001,2014-10-01,2025-08-06
E00580,WS003,2011-04-12,2011-08-19
E00580,WS003,2011-08-20,2012-07-29
E00581,WS001,2025-06-19,
E00582,WS001,2021-07-03,2023-06-30
E00582,WS001,2023-07-01,
E00583,WS001,2019-04-01,2020-09-30
E00583,WS001,2019-07-01,2019-12-31
E00583,WS001,2020-10-01,2021-06-01
E00583,WS001,2021-06-02,2022-03-31
E00583,WS001,2022-04-01,2025-06-25
E00584,WS001,2015-06-08,2016-01-13
E00584,WS001,2016-01-14,2016-09-30
E00584,WS001,2016-10-01,2016-12-30
E00584,WS001,2016-12-31,2018-06-30
E00584,WS003,2018-07-01,2019-06-30
E00584,WS003,2019-07-01,2020-09-07
E00585,WS001,2017-08-19,2019-09-30
E00585,WS001,2017-10-01,2019-06-30
E00585,WS003,2019-10-01,2021-03-31
E00585,WS003,2020-06-05,2020-12-31
E00585,WS003,2021-04-01,2021-12-31
E00585,WS002,2022-01-01,
E00586,WS001,2014-04-10,2015-12-30
E00587,WS003,2018-06-24,2021-03-31
E00587,WS003,2021-04-01,2021-10-26
E00588,WS001,2020-12-30,2022-12-31
E00588,WS001,2023-01-01,2024-03-31
E00588,WS001,2024-04-01,2024-11-03
E00589,WS002,2023-03-10,2023-08-23
E00590,WS001,2011-11-25,2013-03-31
E00590,WS001,2013-04-01,2014-12-31
E00590,WS001,2015-01-01,2017-08-07
E00591,WS001,2023-11-04,2024-03-12
E00592,WS001,2024-10-12,
E00593,WS002,2022-06-03,2023-08-11
E00594,WS001,2018-12-10,2021-09-30
E00594,WS001,2021-10-01,2025-07-13
E00595,WS001,2024-08-22,
E00596,WS001,2013-07-11,2024-07-13
E00597,WS003,2018-02-13,2021-12-31
E00597,WS002,2022-01-01,
E00598,WS001,2024-08-31,2026-01-30
E00599,WS003,2016-08-20,2016-09-30
E00599,WS003,2016-10-01,2018-06-30
E00599,WS003,2018-07-01,2020-06-04
E00600,WS001,2014-06-21,2016-06-30
E00600,WS003,2016-07-01,2018-06-30
E00600,WS003,2018-07-01,2019-12-31
E00600,WS003,2020-01-01,2021-12-31
E00600,WS002,2022-01-01,2022-07-23
E00601,WS001,2011-02-14,2012-11-06
E00601,WS001,2012-11-07,2014-01-28
E00602,WS001,2022-08-18,2024-01-09
E00603,WS001,2023-08-04,2023-12-13
E00604,WS001,2022-05-24,2024-01-27
E00605,WS001,2017-03-08,2024-03-17
E00606,WS001,2020-01-01,2020-11-11
E00607,WS001,2016-05-08,2018-03-31
E00607,WS001,2018-04-01,2018-08-07
E00608,WS001,2019-07-18,2023-03-09
E00609,WS003,2016-07-24,2021-12-31
E00609,WS002,2022-01-01,2022-02-02
E00610,WS003,2016-04-30,2017-06-30
E00610,WS003,2017-07-01,2021-12-31
E00610,WS002,2022-01-01,
E00611,WS001,2015-05-04,2018-11-07
E00611,WS001,2018-11-08,2020-06-20
E00612,WS001,2013-08-16,2021-01-24
E00613,WS001,2020-07-01,2021-09-30
E00613,WS001,2021-10-01,2022-12-31
E00613,WS001,2023-01-01,
E00614,WS001,2011-08-28,2012-09-09
E00614,WS001,2012-09-10,2013-06-30
E00614,WS001,2013-07-01,2014-06-30
E00614,WS001,2014-07-01,2025-07-23
E00615,WS001,2024-08-04,
E00616,WS001,2015-05-03,2016-09-30
E00616,WS001,2016-10-01,2017-03-31
E00616,WS001,2017-04-01,2018-12-31
E00616,WS001,2019-01-01,
E00617,WS001,2017-06-13,2018-09-30
E00617,WS001,2018-10-01,2019-12-31
E00617,WS001,2020-01-01,2021-01-21
E00617,WS001,2021-01-22,2021-12-31
E00617,WS001,2022-01-01,2022-03-31
E00617,WS001,2022-04-01,2024-12-02
E00618,WS003,2016-06-26,2017-12-31
E00618,WS001,2018-01-01,2019-06-30
E00618,WS001,2019-07-01,2019-12-30
E00619,WS001,2025-08-24,
E00620,WS001,2013-11-18,2014-03-31
E00620,WS001,2014-04-01,2015-12-31
E00620,WS001,2016-01-01,2016-09-30
E00620,WS001,2016-10-01,2017-05-19
E00621,WS001,2020-12-19,2022-09-30
E00621,WS001,2022-10-01,2023-03-31
E00621,WS001,2023-04-01,2024-03-20
E00622,WS001,2011-05-25,2011-06-26
E00622,WS001,2011-06-27,2013-06-30
E00622,WS001,2013-07-01,2014-12-31
E00622,WS001,2015-01-01,2016-03-31
E00622,WS001,2016-04-01,2024-03-09
E00623,WS001,2018-06-10,2020-03-31
E00623,WS001,2020-04-01,2021-06-30
E00623,WS001,2021-07-01,2022-08-09
E00624,WS003,2020-05-05,2021-12-31
E00624,WS002,2022-01-01,2026-02-06
E00624,WS002,2024-04-01,
E00625,WS001,2018-07-04,2020-03-31
E00625,WS001,2020-04-01,2021-06-30
E00625,WS001,2021-07-01,2022-09-30
E00625,WS001,2022-10-01,2024-03-31
E00625,WS001,2024-04-01,
E00626,WS003,2021-06-19,2021-12-31
E00626,WS002,2022-01-01,2026-01-27
E00626,WS003,2021-08-21,2021-12-31
E00626,WS002,2022-01-01,2024-12-31
E00627,WS001,2020-06-14,2022-06-30
E00627,WS002,2022-07-01,2024-03-31
E00627,WS002,2024-04-01,2025-12-31
E00627,WS002,2026-01-01,
E00628,WS001,2021-11-25,2024-09-30
E00628,WS001,2024-10-01,
E00629,WS001,2016-08-19,2018-03-31
E00629,WS001,2018-04-01,2020-04-05
E00630,WS001,2022-01-16,2024-07-10
E00631,WS001,2022-07-08,2023-09-30
E00631,WS001,2023-10-01,
E00632,WS001,2012-05-18,2013-12-31
E00632,WS001,2014-01-01,2015-12-31
E00632,WS003,2016-01-01,2018-06-30
E00632,WS001,2018-07-01,
E00633,WS003,2013-11-21,2015-06-30
E00633,WS003,2015-07-01,2017-10-01
E00634,WS001,2018-03-05,2018-04-22
E00635,WS001,2022-05-30,2023-09-30
E00635,WS001,2023-10-01,2024-03-31
E00636,WS001,2017-12-01,2020-10-04
E00637,WS001,2021-04-05,2024-12-31
E00637,WS002,2025-01-01,
E00638,WS003,2019-07-07,2021-12-31
E00638,WS002,2022-01-01,2022-01-28
E00639,WS001,2011-12-27,2016-06-30
E00639,WS001,2016-07-01,2021-11-05
E00640,WS001,2025-07-07,
E00641,WS001,2019-04-07,2020-06-30
E00641,WS003,2020-07-01,2021-12-31
E00641,WS002,2022-01-01,2022-06-12
E00642,WS001,2021-03-06,2025-12-19
E00642,WS001,2022-04-04,2024-01-18
E00643,WS002,2022-05-22,2024-06-26
E00644,WS003,2014-04-16,2015-09-30
E00644,WS003,2015-10-01,2016-12-31
E00644,WS003,2017-01-01,2017-05-20
E00645,WS001,2020-11-26,2022-06-30
E00645,WS001,2022-07-01,2024-10-16
E00646,WS001,2013-03-04,2014-06-30
E00646,WS001,2013-04-01,2014-01-01
E00646,WS001,2014-07-01,2017-06-30
E00646,WS001,2015-01-01,2015-11-19
E00646,WS001,2017-07-01,2019-03-31
E00646,WS001,2019-04-01,
E00647,WS001,2023-04-04,2024-09-30
E00647,WS001,2024-10-01,
E00648,WS001,2015-03-04,2018-09-30
E00648,WS001,2018-10-01,2020-09-30
E00648,WS001,2020-10-01,2023-06-22
E00649,WS003,2012-05-26,2013-09-30
E00649,WS001,2013-10-01,2015-09-30
E00649,WS003,2015-10-01,2019-12-01
E00650,WS001,2020-02-05,2020-09-30
E00650,WS001,2020-10-01,2021-03-31
E00650,WS001,2021-04-01,2026-02-06
E00650,WS001,2023-04-01,
E00651,WS001,2025-03-28,2025-03-31
E00651,WS001,2025-04-01,2025-12-27
E00652,WS001,2024-01-17,2025-12-31
E00652,WS002,2026-01-01,
E00653,WS001,2012-01-23,2013-12-31
E00653,WS001,2013-04-01,2013-06-30
E00653,WS001,2014-01-01,2015-06-30
E00653,WS001,2015-07-01,2022-07-10
E00654,WS001,2025-06-03,
E00655,WS001,2020-10-25,2022-03-31
E00655,WS002,2022-04-01,2023-06-30
E00655,WS002,2023-07-01,2024-12-31
E00655,WS002,2025-01-01,
E00656,WS002,2022-03-30,2022-03-31
E00656,WS002,2022-04-01,2024-03-31
E00656,WS001,2024-04-01,2024-10-26
E00657,WS001,2011-05-12,2011-05-30
E00657,WS001,2011-05-31,2019-06-27
E00658,WS001,2018-01-21,2019-12-31
E00658,WS001,2020-01-01,2021-03-31
E00658,WS001,2021-04-01,2021-07-24
E00659,WS001,2018-05-19,2019-09-30
E00659,WS001,2019-10-01,2021-03-31
E00659,WS001,2021-04-01,2022-12-31
E00659,WS001,2023-01-01,
E00660,WS001,2015-11-03,2017-06-30
E00660,WS001,2017-07-01,2021-05-18
E00661,WS001,2023-10-02,2024-12-31
E00661,WS001,2025-01-01,
E00662,WS003,2020-04-25,2021-12-31
E00662,WS002,2022-01-01,2026-02-06
E00662,WS002,2022-01-01,
E00663,WS001,2019-08-17,2020-12-31
E00663,WS001,2021-01-01,2024-12-31
E00663,WS001,2025-01-01,
E00664,WS001,2022-01-20,2025-03-23
E00665,WS001,2016-12-16,2018-03-31
E00665,WS001,2018-04-01,2018-04-04
E00666,WS001,2020-08-26,2021-09-19
E00667,WS001,2018-07-31,2019-12-31
E00667,WS001,2020-01-01,2021-09-30
E00667,WS001,2021-10-01,2025-11-24
E00668,WS001,2025-07-06,
E00669,WS001,2023-06-14,2024-09-30
E00669,WS001,2024-10-01,2025-03-26
E00670,WS001,2011-02-21,2012-06-30
E00670,WS001,2012-07-01,2013-01-21
E00671,WS001,2013-02-11,2016-03-31
E00671,WS001,2016-04-01,2019-06-27
E00672,WS001,2021-02-17,2026-02-06
E00672,WS001,2022-10-01,
E00673,WS001,2020-02-02,2021-03-31
E00673,WS001,2020-07-01,2020-11-11
E00673,WS001,2021-04-01,2021-09-26
E00674,WS001,2025-10-14,
E00675,WS001,2025-07-04,
E00676,WS003,2020-04-03,2021-12-31
E00676,WS002,2022-01-01,2023-09-30
E00676,WS002,2023-10-01,2024-12-31
E00676,WS002,2025-01-01,
E00677,WS001,2025-10-09,2026-01-14
E00678,WS001,2017-06-06,2019-06-30
E00678,WS001,2019-07-01,2019-09-17
E00679,WS001,2020-02-21,2021-12-31
E00679,WS001,2022-01-01,
E00680,WS003,2013-08-10,2021-12-31
E00680,WS002,2022-01-01,2026-02-06
E00680,WS003,2014-10-01,2016-06-30
E00680,WS003,2016-07-01,2017-12-31
E00680,WS003,2018-01-01,2021-12-31
E00680,WS002,2022-01-01,
E00681,WS001,2017-10-16,2019-06-30
E00681,WS001,2019-07-01,2020-12-31
E00681,WS001,2021-01-01,2024-09-30
E00681,WS001,2024-10-01,2026-02-06
E00681,WS001,2024-11-13,
E00682,WS001,2021-03-24,2022-06-30
E00682,WS001,2022-07-01,2022-10-13
E00683,WS001,2013-02-24,2014-12-11
E00684,WS001,2015-09-02,2017-06-30
E00684,WS001,2017-07-01,2018-09-30
E00684,WS001,2018-10-01,2020-09-30
E00684,WS001,2020-10-01,2023-11-27
E00685,WS001,2020-07-17,2021-12-31
E00685,WS001,2022-01-01,2023-09-30
E00685,WS001,2023-10-01,2024-12-31
E00685,WS001,2025-01-01,
E00686,WS001,2017-01-07,2017-12-10
E00687,WS001,2013-12-26,2014-06-26
E00688,WS001,2013-12-14,2015-09-30
E00688,WS001,2013-12-22,2014-09-30
E00688,WS003,2015-10-01,2017-06-30
E00688,WS003,2017-07-01,2018-09-30
E00688,WS003,2018-10-01,2019-12-31
E00688,WS003,2020-01-01,2021-12-31
E00688,WS002,2022-01-01,2025-05-28
E00689,WS001,2025-07-22,
E00690,WS003,2013-07-11,2014-04-21
E00691,WS001,2019-04-17,2020-06-30
E00691,WS001,2020-07-01,2021-09-30
E00691,WS001,2021-10-01,2025-11-24
E00691,WS001,2022-04-24,2022-12-31
E00692,WS001,2011-04-08,2012-06-30
E00692,WS001,2012-07-01,2014-06-30
E00692,WS001,2014-07-01,2024-04-30
E00693,WS001,2024-03-23,
E00694,WS001,2023-09-07,2024-11-23
E00695,WS001,2021-02-12,2022-09-30
E00695,WS001,2022-10-01,2023-12-31
E00695,WS001,2024-01-01,2025-07-06
E00696,WS001,2022-02-08,2023-06-30
E00696,WS002,2023-07-01,2025-06-30
E00696,WS002,2025-07-01,
E00697,WS001,2017-11-26,2021-03-31
E00697,WS001,2021-04-01,2024-08-06
E00698,WS001,2017-09-19,2018-12-31
E00698,WS001,2019-01-01,2020-03-07
E00699,WS003,2021-07-27,2021-11-08
E00700,WS001,2018-03-18,2024-06-22
E00701,WS001,2020-03-05,2022-03-31
E00701,WS001,2022-04-01,2024-03-31
E00701,WS001,2024-04-01,2025-12-31
E00701,WS001,2026-01-01,
E00702,WS001,2022-11-27,2024-06-11
E00703,WS001,2015-08-23,2017-09-30
E00703,WS001,2017-10-01,2021-10-26
E00704,WS002,2022-08-09,2023-09-30
E00704,WS002,2023-10-01,2025-03-31
E00704,WS002,2025-04-01,2025-09-16
E00705,WS001,2015-07-25,2016-09-30
E00705,WS001,2016-10-01,2017-09-30
E00705,WS001,2017-10-01,2017-12-31
E00705,WS001,2018-01-01,2020-12-07
E00706,WS001,2020-03-07,2021-12-31
E00706,WS001,2022-01-01,2023-09-30
E00706,WS001,2023-10-01,2025-06-30
E00706,WS001,2025-07-01,
E00707,WS001,2017-05-10,2024-10-07
E00707,WS001,2018-10-01,2019-12-31
E00707,WS001,2020-01-01,2021-06-30
E00708,WS001,2023-05-24,
E00709,WS001,2020-06-17,2021-12-31
E00709,WS001,2022-01-01,2024-11-19
E00710,WS001,2025-05-26,
E00711,WS003,2018-01-14,2020-03-31
E00711,WS003,2020-04-01,2021-12-31
E00711,WS002,2022-01-01,2025-03-31
E00711,WS002,2022-04-01,2023-12-31
E00711,WS002,2025-04-01,
E00712,WS002,2022-12-24,2024-12-31
E00712,WS002,2025-01-01,
E00713,WS001,2021-05-19,2023-06-30
E00713,WS001,2023-07-01,2024-12-31
E00713,WS001,2025-01-01,
E00714,WS003,2021-04-27,2021-12-31
E00714,WS002,2022-01-01,2022-09-30
E00714,WS002,2022-10-01,2023-12-31
E00714,WS002,2024-01-01,2025-06-30
E00714,WS001,2025-07-01,
E00715,WS002,2024-02-08,2025-06-30
E00715,WS002,2025-07-01,
E00716,WS001,2024-11-26,
E00717,WS001,2013-03-24,2013-12-31
E00717,WS001,2013-04-01,2014-09-30
E00717,WS001,2014-10-01,2015-05-02
E00717,WS001,2015-05-03,2016-06-30
E00717,WS001,2016-07-01,2018-06-30
E00717,WS001,2018-07-01,
E00718,WS003,2013-02-23,2014-06-30
E00718,WS003,2014-07-01,2016-03-31
E00718,WS003,2016-04-01,2017-12-31
E00718,WS003,2018-01-01,2019-09-30
E00718,WS003,2019-10-01,2021-12-31
E00718,WS002,2022-01-01,
E00719,WS001,2021-02-24,2022-01-24
E00720,WS001,2016-07-25,
E00721,WS001,2016-07-23,2026-02-06
E00721,WS001,2017-01-01,
E00722,WS003,2019-11-03,2021-09-30
E00722,WS003,2021-10-01,2021-12-31
E00722,WS002,2022-01-01,2022-12-31
E00722,WS001,2023-01-01,2024-01-09
E00723,WS003,2020-08-06,2021-12-31
E00723,WS002,2022-01-01,2022-06-30
E00723,WS002,2022-07-01,2022-11-17
E00724,WS001,2016-06-07,2019-12-31
E00724,WS001,2020-01-01,2021-12-31
E00724,WS001,2022-01-01,2023-12-31
E00724,WS002,2024-01-01,
E00725,WS001,2018-04-07,2019-06-30
E00725,WS003,2019-07-01,2020-10-05
E00725,WS003,2020-10-06,2021-03-31
E00725,WS003,2021-04-01,2021-12-31
E00725,WS002,2022-01-01,2022-06-30
E00725,WS001,2022-07-01,2023-12-31
E00725,WS001,2024-01-01,
E00726,WS001,2018-06-25,2024-06-30
E00726,WS001,2024-07-01,
E00727,WS001,2022-12-10,2024-04-10
E00728,WS003,2017-09-20,2020-12-31
E00728,WS003,2021-01-01,2021-12-31
E00728,WS002,2022-01-01,2022-03-31
E00728,WS001,2022-04-01,
E00729,WS003,2018-01-03,2021-12-31
E00729,WS002,2022-01-01,2022-06-30
E00729,WS003,2019-04-01,2020-06-30
E00729,WS002,2022-07-01,2024-09-12
E00730,WS001,2014-08-28,2016-03-31
E00730,WS001,2015-04-01,2015-09-30
E00730,WS001,2016-04-01,2017-09-30
E00730,WS001,2017-10-01,2019-02-15
E00730,WS001,2019-02-16,2019-03-31
E00730,WS001,2019-04-01,2020-12-31
E00730,WS001,2021-01-01,2021-04-06
E00731,WS001,2020-07-08,2021-05-08
E00732,WS003,2014-04-29,2015-09-30
E00732,WS003,2015-10-01,2017-09-30
E00732,WS003,2017-10-01,2021-12-31
E00732,WS002,2022-01-01,
E00733,WS003,2014-11-27,2020-03-12
E00734,WS001,2017-09-19,2018-12-31
E00734,WS001,2019-01-01,2020-06-30
E00734,WS003,2020-07-01,2021-12-31
E00734,WS002,2022-01-01,2023-06-01
E00735,WS001,2017-12-07,2023-09-26
E00736,WS001,2013-06-10,2014-12-31
E00736,WS001,2015-01-01,
E00737,WS001,2021-04-14,2022-09-30
E00737,WS001,2022-10-01,
E00738,WS001,2023-09-17,2025-03-31
E00738,WS001,2025-04-01,
E00739,WS001,2022-12-21,
E00740,WS001,2011-03-24,2012-12-31
E00740,WS003,2013-01-01,2013-05-02
E00741,WS001,2025-08-28,
E00742,WS001,2024-04-16,
E00743,WS001,2015-09-05,2017-06-30
E00743,WS003,2017-07-01,2018-09-30
E00743,WS003,2018-10-01,2020-03-31
E00743,WS001,2020-04-01,
E00744,WS001,2016-03-09,2017-12-31
E00744,WS001,2018-01-01,2020-09-19
E00745,WS001,2014-05-09,2015-09-30
E00745,WS001,2015-10-01,2016-03-31
E00745,WS001,2016-04-01,2017-06-30
E00745,WS001,2017-07-01,2017-09-30
E00745,WS001,2017-10-01,2022-08-04
E00746,WS001,2018-04-01,
E00747,WS001,2024-09-05,
E00748,WS003,2014-01-05,2015-06-30
E00748,WS001,2015-07-01,2017-03-31
E00748,WS001,2017-04-01,2018-09-30
E00748,WS001,2018-10-01,2020-03-31
E00748,WS001,2020-04-01,2025-05-09
E00749,WS001,2020-04-19,
E00750,WS002,2025-10-01,
E00751,WS001,2011-03-21,2011-03-23
E00751,WS001,2011-03-24,2011-07-14
E00752,WS001,2018-02-20,2019-06-30
E00752,WS001,2019-07-01,2021-06-30
E00752,WS001,2021-07-01,2023-06-30
E00752,WS001,2023-07-01,2024-09-30
E00752,WS002,2024-10-01,
E00753,WS003,2015-10-04,2021-12-31
E00753,WS002,2022-01-01,2023-04-08
E00754,WS001,2020-03-31,2022-03-31
E00754,WS001,2022-04-01,2023-01-02
E00755,WS001,2017-02-20,2024-02-08
E00756,WS001,2018-06-18,2020-03-31
E00756,WS001,2020-04-01,2021-09-30
E00756,WS001,2021-10-01,
E00757,WS003,2012-04-27,2013-09-30
E00757,WS003,2013-10-01,2016-02-13
E00758,WS003,2017-07-07,2019-06-30
E00758,WS003,2019-07-01,2021-03-31
E00758,WS001,2021-04-01,2022-12-31
E00758,WS001,2023-01-01,2024-12-31
E00758,WS001,2025-01-01,2026-01-31
E00759,WS001,2012-09-10,2014-06-30
E00759,WS001,2014-07-01,2015-05-03
E00759,WS001,2015-05-04,2015-12-31
E00759,WS001,2016-01-01,2026-02-06
E00759,WS001,2016-07-01,
E00760,WS001,2021-01-16,2022-12-31
E00760,WS001,2023-01-01,2024-12-31
E00760,WS001,2025-01-01,
E00761,WS001,2016-03-19,2017-06-30
E00761,WS001,2017-07-01,2022-01-21
E00762,WS003,2012-09-16,2014-09-30
E00762,WS003,2014-10-01,2015-12-08
E00763,WS002,2022-07-09,2025-02-05
E00764,WS001,2025-03-27,
E00765,WS003,2011-08-20,2011-10-17
E00765,WS003,2011-10-18,2012-09-30
E00765,WS003,2012-10-01,2014-09-30
E00765,WS003,2014-10-01,2015-04-15
E00766,WS002,2025-04-05,
E00767,WS001,2025-03-23,
E00768,WS001,2022-12-22,2024-06-30
E00768,WS001,2024-07-01,2025-09-30
E00768,WS001,2025-10-01,
E00769,WS001,2014-09-18,2016-09-30
E00769,WS001,2016-10-01,2018-10-24
E00770,WS001,2024-10-25,
E00771,WS001,2022-01-11,2023-09-30
E00771,WS001,2023-10-01,2025-03-31
E00771,WS001,2025-04-01,2025-04-13
E00772,WS001,2018-01-27,2021-12-31
E00772,WS001,2022-01-01,
E00773,WS001,2015-11-20,2017-06-30
E00773,WS001,2017-07-01,2018-09-30
E00773,WS001,2018-10-01,2022-04-23
E00773,WS001,2020-01-01,2022-01-31
E00774,WS003,2013-02-14,2014-06-30
E00774,WS003,2014-07-01,2015-12-31
E00774,WS001,2016-01-01,2016-06-25
E00775,WS001,2012-02-06,2013-02-08
E00775,WS001,2013-02-09,2013-09-30
E00775,WS001,2013-10-01,2014-12-31
E00775,WS001,2014-01-01,2014-03-31
E00775,WS001,2015-01-01,2023-01-08
E00776,WS001,2018-07-09,2020-06-30
E00776,WS003,2020-07-01,2021-12-31
E00776,WS002,2022-01-01,2022-08-15
E00777,WS001,2021-04-02,2021-07-22
E00778,WS003,2017-05-19,2021-03-31
E00778,WS001,2021-04-01,2022-12-31
E00778,WS001,2023-01-01,2024-09-30
E00778,WS001,2024-10-01,
E00779,WS001,2011-03-09,2011-09-04
E00779,WS001,2011-09-05,2012-09-30
E00779,WS003,2012-10-01,2014-06-30
E00779,WS003,2014-07-01,2016-03-04
E00780,WS001,2016-08-28,2025-04-10
E00781,WS001,2025-02-22,
E00782,WS001,2019-02-01,2020-09-30
E00782,WS001,2020-10-01,
E00783,WS001,2024-12-14,
E00784,WS001,2012-07-05,2023-07-11
E00785,WS003,2016-03-24,2017-12-31
E00785,WS003,2018-01-01,2018-11-27
E00786,WS001,2015-03-03,2016-09-30
E00786,WS003,2016-10-01,2018-06-30
E00786,WS003,2018-07-01,2019-12-31
E00786,WS003,2020-01-01,2021-12-31
E00786,WS002,2022-01-01,
E00787,WS001,2019-05-11,2026-02-06
E00787,WS001,2020-10-01,2021-12-31
E00787,WS001,2022-01-01,2023-03-31
E00787,WS001,2023-04-01,
E00788,WS001,2014-03-31,2015-09-25
E00789,WS003,2012-03-09,2018-03-12
E00790,WS001,2014-06-06,2016-06-30
E00790,WS001,2014-12-12,2015-03-31
E00790,WS003,2016-07-01,2018-06-30
E00790,WS003,2018-07-01,2021-12-31
E00790,WS002,2022-01-01,2026-02-06
E00790,WS003,2020-09-08,2021-12-31
E00790,WS002,2022-01-01,
E00791,WS001,2017-09-30,2021-12-20
E00792,WS003,2011-08-04,2016-12-02
E00793,WS003,2013-06-21,2014-07-05
E00794,WS001,2015-07-11,2017-03-31
E00794,WS001,2017-04-01,2018-09-30
E00794,WS001,2018-10-01,2023-02-07
E00794,WS001,2020-10-01,2022-06-30
E00795,WS001,2018-08-07,2020-06-30
E00795,WS001,2018-10-01,2019-12-31
E00795,WS001,2020-07-01,2020-12-30
E00796,WS001,2014-07-25,2015-06-30
E00796,WS001,2015-07-01,2016-06-30
E00796,WS001,2016-07-01,2017-09-30
E00796,WS001,2017-10-01,2026-02-06
E00796,WS001,2019-07-01,
E00797,WS001,2018-05-09,2019-09-30
E00797,WS001,2019-10-01,2024-03-31
E00797,WS001,2021-04-01,2022-12-31
E00797,WS001,2024-04-01,
E00798,WS003,2017-12-30,2019-06-30
E00798,WS003,2019-07-01,2021-12-31
E00798,WS002,2022-01-01,2023-11-19
E00799,WS001,2012-12-18,2021-02-23
E00800,WS003,2019-09-14,2021-12-31
E00800,WS002,2022-01-01,
E00801,WS001,2018-07-07,2020-03-31
E00801,WS001,2020-04-01,2026-02-06
E00801,WS001,2020-10-01,
E00802,WS001,2016-08-30,2021-02-04
E00802,WS001,2020-07-01,2020-12-30
E00803,WS002,2023-12-04,2025-06-30
E00803,WS002,2025-07-01,
E00804,WS001,2018-11-08,2026-02-06
E00804,WS001,2020-01-01,
E00805,WS001,2025-04-16,
E00806,WS001,2020-12-15,2022-09-30
E00806,WS002,2022-10-01,2023-12-31
E00806,WS002,2024-01-01,
E00807,WS001,2017-12-04,
E00808,WS001,2025-01-01,
E00809,WS002,2024-02-15,2025-12-31
E00809,WS002,2026-01-01,
E00810,WS001,2023-06-21,2024-09-30
E00810,WS001,2024-10-01,2024-11-12
E00811,WS001,2013-06-26,2015-03-31
E00811,WS001,2015-04-01,2016-12-31
E00811,WS003,2017-01-01,2018-12-31
E00811,WS001,2019-01-01,
E00812,WS001,2016-01-14,2017-03-31
E00812,WS001,2017-04-01,2020-09-30
E00812,WS001,2018-07-07,
E00813,WS001,2015-02-12,2025-06-27
E00814,WS003,2015-03-19,2021-12-31
E00814,WS002,2022-01-01,
E00815,WS003,2021-02-20,2021-12-31
E00815,WS002,2022-01-01,2022-12-31
E00815,WS002,2023-01-01,2024-06-30
E00815,WS002,2024-07-01,2025-12-31
E00815,WS002,2026-01-01,
E00816,WS003,2012-10-29,2014-09-30
E00816,WS003,2014-10-01,2021-12-31
E00816,WS002,2022-01-01,2023-02-07
E00817,WS003,2013-05-31,2014-06-30
E00817,WS003,2013-10-01,2014-05-01
E00817,WS003,2014-07-01,2014-07-14
E00818,WS001,2023-06-05,2025-06-30
E00818,WS001,2025-07-01,
E00819,WS001,2017-04-22,2017-10-31
E00820,WS001,2022-12-15,2024-09-30
E00820,WS001,2024-10-01,
E00821,WS001,2025-02-14,
E00822,WS001,2020-02-03,2021-12-31
E00822,WS001,2022-01-01,2023-10-21
E00823,WS001,2018-03-04,2019-05-29
E00824,WS003,2011-06-11,2013-03-31
E00824,WS001,2013-04-01,2023-03-20
E00825,WS003,2016-12-14,2021-12-31
E00825,WS002,2022-01-01,2024-02-20
E00826,WS001,2016-01-30,2017-09-30
E00826,WS001,2017-10-01,2018-12-31
E00826,WS001,2019-01-01,
E00827,WS003,2021-05-23,2021-12-31
E00827,WS002,2022-01-01,2022-12-31
E00827,WS001,2023-01-01,2023-01-02
E00828,WS003,2013-06-05,2015-03-31
E00828,WS003,2015-04-01,2015-09-30
E00828,WS003,2015-10-01,2016-12-31
E00828,WS003,2017-01-01,2018-03-31
E00828,WS001,2018-04-01,2019-05-31
E00829,WS001,2015-09-24,
E00830,WS003,2015-02-05,2015-06-30
E00830,WS003,2015-07-01,2016-03-31
E00830,WS003,2016-04-01,2017-06-30
E00830,WS001,2017-07-01,2018-08-06
E00830,WS001,2018-08-07,2019-06-30
E00830,WS001,2019-07-01,2021-08-31
E00831,WS001,2019-04-20,2021-03-31
E00831,WS001,2021-04-01,2022-09-30
E00831,WS001,2022-10-01,2025-06-25
E00832,WS001,2012-06-22,2025-05-04
E00833,WS001,2017-02-16,2018-12-31
E00833,WS001,2019-01-01,2019-02-27
E00834,WS001,2016-02-24,2020-06-13
E00834,WS001,2018-01-01,2019-12-31
E00835,WS001,2020-08-08,2021-02-04
E00835,WS001,2021-02-05,2022-06-30
E00835,WS001,2022-07-01,2024-06-30
E00835,WS001,2024-07-01,
E00836,WS003,2011-12-12,2013-03-31
E00836,WS001,2013-04-01,2020-07-07
E00837,WS001,2021-09-20,2023-03-31
E00837,WS001,2023-04-01,2024-09-30
E00837,WS001,2024-10-01,
E00838,WS003,2013-12-16,2015-03-31
E00838,WS001,2015-04-01,2022-03-25
E00839,WS003,2017-09-19,2021-12-31
E00839,WS002,2022-01-01,2024-05-21
E00840,WS001,2020-06-04,
E00841,WS003,2015-01-25,2018-09-30
E00841,WS003,2018-10-01,2020-06-30
E00841,WS003,2020-07-01,2021-12-31
E00841,WS002,2022-01-01,2022-06-22
E00842,WS003,2021-05-25,2021-12-31
E00842,WS002,2022-01-01,
E00843,WS003,2020-01-13,2020-12-25
E00844,WS001,2018-02-05,2019-06-30
E00844,WS001,2019-07-01,
E00845,WS001,2016-07-14,2018-03-31
E00845,WS001,2018-04-01,2019-12-31
E00845,WS001,2020-01-01,2021-12-31
E00845,WS001,2022-01-01,2022-05-29
E00846,WS001,2018-04-28,2019-09-30
E00846,WS001,2019-10-01,2020-12-31
E00846,WS001,2021-01-01,2021-03-23
E00847,WS001,2023-06-23,2024-08-11
E00848,WS001,2021-04-28,2023-06-30
E00848,WS002,2023-07-01,
E00849,WS001,2011-05-18,2016-06-14
E00850,WS001,2017-08-21,2019-06-30
E00850,WS001,2019-07-01,2023-07-05
E00851,WS001,2021-02-05,2023-06-16
E00852,WS002,2022-07-08,2024-06-30
E00852,WS001,2024-07-01,
E00853,WS003,2015-06-01,2016-06-30
E00853,WS003,2016-07-01,2017-09-30
E00853,WS003,2017-10-01,2019-06-14
E00854,WS001,2018-08-30,
E00855,WS001,2019-01-18,2020-06-30
E00855,WS001,2020-07-01,2022-12-31
E00856,WS001,2017-04-25,2018-06-30
E00856,WS001,2018-07-01,2019-12-31
E00856,WS001,2020-01-01,2022-11-08
E00857,WS001,2020-10-03,2022-06-30
E00857,WS001,2022-07-01,2023-09-30
E00857,WS001,2023-10-01,2025-04-13
E00858,WS001,2017-05-17,2017-12-31
E00858,WS001,2018-01-01,2019-06-30
E00858,WS001,2019-07-01,2022-11-10
E00858,WS001,2020-12-19,2022-09-30
E00859,WS001,2018-10-09,2020-06-30
E00859,WS001,2020-07-01,
E00860,WS001,2016-03-30,2017-06-30
E00860,WS003,2017-07-01,2018-12-31
E00860,WS003,2019-01-01,2020-09-30
E00860,WS001,2020-10-01,2022-09-30
E00860,WS001,2022-10-01,2022-12-31
E00860,WS001,2023-01-01,2023-02-06
E00861,WS001,2026-01-06,
E00862,WS002,2025-11-01,
E00863,WS001,2016-07-21,2016-09-15
E00864,WS001,2023-09-21,
E00865,WS001,2020-03-17,2025-11-30
E00865,WS001,2021-07-01,2022-12-31
E00866,WS001,2019-06-22,2020-09-30
E00866,WS001,2020-10-01,2022-03-31
E00866,WS001,2022-04-01,2024-03-31
E00866,WS001,2024-04-01,
E00867,WS002,2024-10-23,2025-01-31
E00868,WS001,2020-08-09,2021-09-30
E00868,WS001,2021-10-01,2023-02-24
E00869,WS001,2014-08-17,2019-09-30
E00869,WS001,2016-01-01,2017-09-30
E00869,WS001,2019-10-01,2020-12-31
E00869,WS001,2021-01-01,
E00870,WS001,2011-03-26,2012-09-30
E00870,WS001,2012-10-01,
E00871,WS002,2024-09-26,
E00872,WS001,2018-08-25,2020-08-01
E00873,WS003,2012-07-23,2013-12-31
E00873,WS003,2014-01-01,2015-12-31
E00873,WS003,2016-01-01,2016-03-31
E00873,WS003,2016-04-01,2017-10-18
E00874,WS001,2025-05-13,
E00875,WS002,2022-11-07,2023-05-13
E00876,WS001,2021-06-06,2023-03-31
E00876,WS001,2023-04-01,2024-05-23
E00877,WS001,2019-03-12,2020-12-31
E00877,WS001,2021-01-01,2022-03-31
E00877,WS001,2022-04-01,2022-09-30
E00877,WS001,2022-10-01,2024-03-31
E00877,WS001,2024-04-01,2025-09-30
E00877,WS001,2025-10-01,
E00878,WS001,2016-12-24,
E00879,WS001,2015-09-12,2017-09-30
E00879,WS001,2017-10-01,2022-12-28
E00880,WS003,2018-08-27,2021-11-19
E00881,WS001,2021-06-13,2022-09-19
E00882,WS001,2018-09-03,2020-06-30
E00882,WS001,2020-07-01,
E00883,WS001,2014-12-15,2015-06-18
E00883,WS001,2015-06-19,2016-09-19
E00884,WS001,2015-02-19,2017-04-24
E00885,WS001,2021-10-20,2023-09-30
E00885,WS001,2023-10-01,
E00886,WS001,2016-03-20,2017-12-31
E00886,WS001,2016-10-01,2017-09-30
E00886,WS001,2018-01-01,2018-01-22
E00887,WS002,2023-07-23,2024-12-31
E00887,WS002,2025-01-01,
E00888,WS001,2019-08-16,2023-10-07
E00889,WS001,2018-10-07,2020-09-30
E00889,WS001,2020-10-01,2021-12-31
E00889,WS001,2022-01-01,2025-08-06
E00890,WS001,2020-10-26,2022-03-31
E00890,WS001,2022-04-01,2023-12-31
E00890,WS001,2024-01-01,2024-12-02
E00891,WS002,2023-08-05,
E00892,WS001,2012-01-26,2013-06-30
E00892,WS001,2013-07-01,
E00893,WS001,2014-02-10,2019-12-31
E00893,WS001,2016-01-01,2026-02-06
E00893,WS001,2020-01-01,
E00894,WS001,2011-12-21,2013-03-31
E00894,WS001,2013-04-01,2014-09-14
E00895,WS003,2018-01-26,2019-12-31
E00895,WS003,2020-01-01,2021-03-31
E00895,WS003,2021-04-01,2021-12-31
E00895,WS002,2022-01-01,2022-09-30
E00895,WS002,2022-10-01,2024-09-30
E00895,WS001,2024-10-01,
E00896,WS001,2018-01-08,2019-06-30
E00896,WS001,2019-07-01,2025-07-06
E00897,WS001,2018-07-18,2019-09-30
E00897,WS001,2019-10-01,2021-03-16
E00898,WS003,2013-05-06,2021-12-31
E00898,WS002,2022-01-01,
E00899,WS001,2019-12-08,2021-06-30
E00899,WS001,2021-07-01,2022-12-31
E00899,WS001,2023-01-01,2024-08-30
E00900,WS001,2013-08-08,2018-09-30
E00900,WS001,2015-04-01,2017-03-31
E00900,WS001,2018-10-01,2021-02-01
E00901,WS001,2015-01-04,2023-03-02
E00902,WS001,2012-09-22,2015-05-07
E00903,WS001,2012-11-07,2013-03-31
E00903,WS001,2013-04-01,2014-06-30
E00903,WS001,2014-07-01,2015-09-30
E00903,WS001,2015-10-01,2017-03-31
E00903,WS003,2017-04-01,2019-03-31
E00903,WS003,2019-04-01,2021-12-31
E00903,WS002,2022-01-01,2023-09-24
E00904,WS001,2019-11-24,2021-06-30
E00904,WS001,2021-07-01,2022-12-31
E00904,WS001,2023-01-01,2024-09-30
E00904,WS001,2024-10-01,
E00905,WS002,2025-04-20,
E00906,WS001,2021-03-15,
E00907,WS001,2015-08-16,2019-12-31
E00907,WS001,2017-04-01,2026-02-06
E00907,WS001,2020-01-01,
E00908,WS001,2019-01-04,2024-06-16
E00909,WS001,2017-11-29,2019-09-30
E00909,WS001,2019-10-01,2023-05-14
E00909,WS001,2021-10-01,2022-12-31
E00910,WS003,2015-04-16,2017-03-31
E00910,WS003,2017-04-01,2017-09-24
E00911,WS001,2013-03-26,2016-09-30
E00911,WS001,2016-10-01,2016-12-04
E00912,WS001,2025-08-29,
E00913,WS001,2013-02-28,2015-03-31
E00913,WS001,2015-04-01,2022-06-16
E00914,WS001,2020-08-31,2020-11-13
E00915,WS001,2017-08-30,2017-12-31
E00915,WS001,2018-01-01,2019-06-30
E00915,WS001,2019-07-01,2020-06-23
E00916,WS002,2023-04-03,2024-12-31
E00916,WS002,2025-01-01,
E00917,WS001,2020-06-07,2020-10-03
E00918,WS001,2023-11-13,
E00919,WS001,2017-05-31,2018-12-31
E00919,WS001,2019-01-01,2020-09-30
E00919,WS001,2020-10-01,2021-12-31
E00919,WS001,2022-01-01,
E00920,WS001,2012-10-03,2015-07-01
E00920,WS001,2013-10-01,2015-09-14
E00921,WS003,2019-07-19,2021-06-30
E00921,WS003,2021-07-01,2021-12-31
E00921,WS002,2022-01-01,
E00922,WS001,2019-11-20,2021-09-30
E00922,WS001,2021-10-01,2023-03-31
E00922,WS001,2023-04-01,2024-09-30
E00922,WS001,2024-10-01,
E00923,WS003,2016-04-01,2021-12-31
E00923,WS002,2022-01-01,2026-02-06
E00923,WS003,2018-04-01,2019-06-30
E00923,WS003,2019-07-01,2021-12-31
E00923,WS002,2022-01-01,
E00924,WS001,2017-08-14,2018-12-31
E00924,WS001,2019-01-01,
E00925,WS001,2025-09-10,
E00926,WS001,2024-11-12,2025-09-30
E00927,WS003,2016-03-17,2017-12-31
E00927,WS003,2018-01-01,2019-03-31
E00927,WS003,2019-04-01,2020-12-31
E00927,WS003,2021-01-01,2021-12-31
E00927,WS002,2022-01-01,2022-12-06
E00928,WS001,2011-09-26,2013-12-31
E00928,WS001,2014-01-01,2015-06-05
E00929,WS001,2020-11-12,2022-03-31
E00929,WS001,2022-04-01,2023-06-30
E00929,WS001,2023-07-01,2024-09-30
E00929,WS001,2024-10-01,
E00930,WS003,2017-06-18,2019-01-19
E00931,WS001,2025-11-19,
E00932,WS001,2017-04-15,2018-09-30
E00932,WS001,2018-10-01,2020-06-30
E00932,WS003,2020-07-01,2021-12-31
E00932,WS002,2022-01-01,
E00933,WS001,2011-03-08,2012-09-22
E00933,WS001,2012-09-23,2012-12-31
E00933,WS001,2013-01-01,
E00934,WS001,2018-03-01,2020-03-31
E00934,WS001,2020-04-01,2021-09-30
E00934,WS001,2021-10-01,2023-09-30
E00934,WS001,2023-10-01,2025-04-20
E00935,WS001,2022-06-02,2023-09-30
E00935,WS001,2023-10-01,2024-12-31
E00935,WS001,2025-01-01,2025-05-15
E00936,WS002,2022-11-04,2023-02-22
E00937,WS001,2020-10-03,2022-03-31
E00937,WS001,2022-04-01,2024-03-31
E00937,WS001,2024-04-01,2025-10-31
E00938,WS001,2025-05-28,
E00939,WS001,2014-01-29,2015-06-30
E00939,WS001,2015-07-01,2015-12-31
E00939,WS001,2016-01-01,2016-12-31
E00939,WS001,2017-01-01,2017-06-15
E00940,WS003,2020-07-20,2021-12-31
E00940,WS002,2022-01-01,2022-03-31
E00940,WS001,2022-04-01,2026-02-06
E00940,WS001,2024-04-01,
E00941,WS002,2023-04-14,
E00942,WS001,2012-06-21,2013-10-21
E00943,WS001,2013-01-18,2014-09-30
E00943,WS001,2014-10-01,2016-11-10
E00944,WS001,2022-10-07,
E00945,WS003,2013-05-13,2016-09-30
E00945,WS001,2016-10-01,2017-12-31
E00945,WS001,2018-01-01,2019-03-27
E00946,WS001,2025-04-20,2025-08-19
E00947,WS001,2023-01-19,2026-01-10
E00948,WS002,2025-07-16,
E00949,WS001,2020-12-02,2022-06-30
E00949,WS002,2022-07-01,2024-03-31
E00949,WS002,2024-04-01,
E00950,WS003,2011-03-31,2011-06-26
E00950,WS003,2011-06-27,2012-09-30
E00950,WS003,2012-10-01,2014-09-30
E00950,WS003,2014-10-01,2020-06-01
E00951,WS002,2022-10-29,2024-03-31
E00951,WS001,2024-04-01,
E00952,WS003,2019-01-08,2020-03-31
E00952,WS001,2020-04-01,2022-03-31
E00952,WS001,2022-04-01,
E00953,WS003,2018-11-25,2020-12-31
E00953,WS001,2021-01-01,2025-09-12
E00954,WS001,2013-01-11,
E00955,WS003,2017-04-21,2017-10-18
E00955,WS003,2017-10-19,2018-12-31
E00955,WS001,2019-01-01,2022-12-31
E00955,WS001,2023-01-01,2023-09-14
E00956,WS001,2014-02-15,2014-08-16
E00957,WS003,2015-05-27,2017-03-31
E00957,WS003,2017-04-01,2021-12-31
E00957,WS002,2022-01-01,2025-05-01
E00958,WS001,2013-03-29,2019-09-05
E00959,WS001,2012-01-01,2013-03-31
E00959,WS001,2013-04-01,2014-01-01
E00960,WS003,2016-07-05,2018-06-30
E00960,WS003,2018-07-01,2019-12-31
E00960,WS001,2020-01-01,2021-12-31
E00960,WS001,2022-01-01,
E00961,WS002,2023-06-30,2024-03-06
E00962,WS001,2019-12-26,
E00963,WS001,2012-08-28,2013-12-31
E00963,WS001,2014-01-01,2015-12-31
E00963,WS001,2016-01-01,2022-10-23
E00963,WS001,2018-01-01,2019-03-31
E00964,WS001,2022-07-28,2024-06-30
E00964,WS001,2024-07-01,2025-09-30
E00964,WS001,2025-10-01,
E00965,WS003,2018-09-16,2021-12-31
E00965,WS002,2022-01-01,2025-08-03
E00966,WS001,2021-08-07,2023-09-30
E00966,WS001,2023-10-01,2024-04-27
E00967,WS001,2023-05-27,2025-03-31
E00967,WS001,2025-04-01,
E00968,WS001,2022-09-20,2025-07-01
E00969,WS002,2022-02-21,2023-12-31
E00969,WS002,2024-01-01,2025-03-31
E00969,WS002,2025-04-01,
E00970,WS001,2019-11-16,2021-09-30
E00970,WS001,2021-10-01,2022-12-31
E00970,WS001,2023-01-01,2024-06-30
E00970,WS001,2024-07-01,
E00971,WS002,2025-11-02,
E00972,WS003,2020-05-12,2021-09-30
E00972,WS001,2021-10-01,2023-06-30
E00972,WS001,2023-07-01,2025-06-30
E00972,WS001,2025-07-01,
E00973,WS001,2017-08-01,
E00974,WS003,2016-01-31,2018-01-27
E00975,WS001,2024-12-07,2025-04-27
E00976,WS001,2016-01-15,2017-12-31
E00976,WS001,2018-01-01,2019-12-31
E00976,WS001,2020-01-01,2021-06-30
E00976,WS001,2021-07-01,2025-06-06
E00977,WS001,2019-08-06,2026-02-06
E00977,WS001,2020-10-01,2021-12-31
E00977,WS001,2022-01-01,
E00978,WS001,2018-02-12,2019-06-30
E00978,WS001,2019-07-01,2021-06-30
E00978,WS001,2021-07-01,2022-10-20
E00979,WS001,2017-04-29,2017-10-15
E00979,WS001,2017-10-16,2018-09-30
E00979,WS001,2018-10-01,2020-03-31
E00979,WS001,2020-04-01,2021-09-30
E00979,WS001,2021-10-01,2024-02-22
E00980,WS001,2017-05-29,2019-02-02
E00981,WS003,2021-06-25,2021-12-31
E00981,WS002,2022-01-01,2026-01-07
E00982,WS001,2023-08-20,2025-06-30
E00982,WS001,2025-07-01,
E00983,WS001,2018-01-06,2019-09-30
E00983,WS001,2019-10-01,2021-09-30
E00983,WS001,2021-10-01,2024-08-17
E00984,WS001,2011-07-17,2012-06-30
E00984,WS001,2012-07-01,2013-06-30
E00984,WS001,2013-07-01,2015-09-12
E00985,WS003,2011-09-18,2021-12-31
E00985,WS002,2022-01-01,2025-10-08
E00986,WS001,2016-01-16,2017-09-30
E00986,WS001,2017-10-01,2021-06-30
E00986,WS003,2021-07-01,2021-12-31
E00986,WS002,2022-01-01,2023-07-08
E00987,WS003,2014-12-11,2016-06-30
E00987,WS003,2016-07-01,2017-09-30
E00987,WS003,2017-10-01,2019-06-30
E00987,WS003,2019-07-01,2020-10-02
E00988,WS001,2011-06-27,2014-03-31
E00988,WS001,2014-04-01,2015-07-24
E00988,WS001,2015-07-25,2017-06-30
E00989,WS001,2016-11-04,2018-06-30
E00989,WS001,2018-07-01,2018-10-20
E00990,WS002,2024-05-04,
E00991,WS001,2015-01-10,2016-09-30
E00991,WS001,2016-10-01,
E00992,WS001,2013-02-09,2013-04-13
E00992,WS001,2013-04-14,2014-06-30
E00992,WS001,2014-07-01,2015-12-31
E00992,WS001,2016-01-01,2017-09-30
E00992,WS001,2017-10-01,2018-12-31
E00992,WS001,2019-01-01,2020-01-17
E00992,WS001,2020-01-18,2020-11-15
E00993,WS001,2024-10-29,
E00994,WS002,2024-09-02,2025-12-31
E00994,WS001,2026-01-01,
E00995,WS001,2014-04-24,2017-12-31
E00995,WS001,2018-01-01,2019-03-31
E00995,WS001,2019-04-01,2021-03-31
E00995,WS001,2021-04-01,2024-07-24
E00996,WS001,2014-07-31,2016-03-14
E00997,WS003,2011-10-18,2016-06-30
E00997,WS003,2012-07-23,2021-12-31
E00997,WS002,2022-01-01,
E00998,WS001,2013-04-23,2015-03-22
E00998,WS001,2015-03-23,2016-12-31
E00998,WS001,2017-01-01,2018-07-17
E00999,WS001,2023-03-09,2025-09-30
E00999,WS001,2025-10-01,
E01000,WS001,2018-02-08,2019-12-31
E01000,WS001,2020-01-01,2021-12-31
E01000,WS001,2022-01-01,2022-06-05
